id_cliente,prediccion
2,0.13376306208125305
3,0.05813912949708388
7,0.14091579224750475
10,0.055071167031509265
11,0.1385864246233297
12,0.059778015017067365
14,0.10648767001540259
16,0.13084732277767414
25,0.1238683806344645
32,0.12196874052181844
38,0.13092718265063372
42,0.1745046399406731
63,0.12335385355160997
65,0.13049640022406658
70,0.14421999197333238
74,0.1318897807103952
76,0.1279369386788395
83,0.05390587751106991
90,0.09373518731242624
98,0.1657915433375191
104,0.11725523529875223
121,0.06251302870166382
124,0.15767729287867668
125,0.159595438571221
137,0.14672555682057148
143,0.06280319422066928
144,0.15153890536805018
157,0.1548181740502244
163,0.1231624996018723
197,0.08400723870396969
203,0.18137835167040853
205,0.12770617640580575
209,0.05506377419569903
228,0.14104854719373347
231,0.157310297950052
237,0.1604561236665312
243,0.051966637101846846
247,0.13984386930353504
249,0.06136338866582648
253,0.16415876576097602
261,0.14333513585676946
263,0.04418430930051842
275,0.045795053196703496
279,0.17118692122265397
280,0.14855990644540268
292,0.1394618225038098
297,0.13462578066041087
299,0.1228270347060737
302,0.06095567857345801
304,0.1435288029714422
308,0.22815746219123448
318,0.15987241596054788
319,0.1590636438630911
323,0.0704357225701864
325,0.16728605909854824
339,0.15123498600500235
340,0.13796065286751025
355,0.13387678448965684
359,0.1591183348659158
368,0.1576516256537789
371,0.11337210374930971
378,0.1398502054288085
390,0.15731180860943345
392,0.12717682658698692
409,0.13004912045922964
412,0.07724339911326752
420,0.16953525600516686
422,0.1057132571105324
428,0.1349499937297288
429,0.04448633813806075
430,0.14343241840565366
434,0.06046639672571038
437,0.15888986276020367
447,0.07875746994952344
464,0.048291701470486795
466,0.1732786525695834
468,0.22945722445933028
470,0.15914254630536528
473,0.13462865076392228
475,0.05460503272394752
476,0.1631064186695437
480,0.05744806798306886
483,0.14238035306811306
487,0.14972223239771304
495,0.15727733516993536
496,0.15112501501127631
499,0.12059777068867775
502,0.06432542802831333
504,0.16247925442880892
508,0.07014398404433662
514,0.13441862353215633
515,0.15351141343160452
538,0.11917177748260444
548,0.14074109189922632
551,0.1384019459246914
553,0.12998278395312504
560,0.06222259389918485
564,0.11809895177587248
572,0.0662191938129508
577,0.059600488429196775
578,0.23542606236996555
591,0.059901427478814405
593,0.11513838550004835
604,0.1346361376615026
606,0.15047106287275486
614,0.14984564470218664
616,0.05136519565098358
622,0.13891312263557345
626,0.05919158329980242
632,0.07082819224455243
637,0.05430270123352689
640,0.08427446643251885
647,0.12052125914549205
648,0.06988800034051086
653,0.1290022544030423
654,0.05806598562436593
659,0.15868121047000583
661,0.060246234290783095
670,0.06343773852493119
671,0.058936710845656604
673,0.11181562744715068
674,0.10482659476131409
682,0.1354746949523863
683,0.13879699720036573
687,0.1355140453487049
688,0.0680910629927682
689,0.15135570256946448
701,0.11092003682377373
705,0.14515123699359647
707,0.13005221008473902
710,0.12558668656095517
714,0.1353368391014789
716,0.12585771114382116
717,0.15861381152142656
729,0.06774126212362469
732,0.13049710710968168
734,0.146263787955115
736,0.15695579598617979
742,0.055347113489978304
750,0.13516625271282956
764,0.14479893836801863
767,0.10957427374776202
768,0.1376886307187219
774,0.15559148944770784
777,0.06745447884665984
784,0.13867319366395475
785,0.1542813568810623
786,0.13788854394903816
787,0.24714241683374344
788,0.15519470047785777
790,0.14823765110050155
794,0.053329771909694165
796,0.13114820879180336
802,0.059580425810384446
812,0.1355590731525136
814,0.05015851237473774
816,0.062474927768684296
817,0.1474354481418756
834,0.13701390747284206
835,0.1500144590424393
836,0.1268274869834409
837,0.13900090084834282
840,0.06856574477837536
841,0.06889584775899159
854,0.06807460297518438
858,0.13628134296658523
859,0.060349494770908306
883,0.13138203936923232
887,0.055505052093860405
902,0.16063091699996687
913,0.14284094510991907
915,0.12293930774357799
916,0.15821803961570952
917,0.12575147790508998
924,0.14816728055295478
929,0.1460258285262408
933,0.12491638497961847
936,0.14586809459022698
941,0.05370727062442287
946,0.07728449338299845
948,0.06191971272752121
952,0.12424424122673441
959,0.12918759220527137
963,0.135055884715971
965,0.10195938950594485
970,0.16551582458698083
975,0.17903074452951628
979,0.13227452477133392
982,0.09410543617681309
986,0.05913685668852501
992,0.14077123606228092
1003,0.04405048237589452
1004,0.16681523446124008
1007,0.12551600750364147
1014,0.10418040626844866
1017,0.058086923431236635
1018,0.12635060909894905
1043,0.07092664822651111
1046,0.1366339825282455
1052,0.13767719041446458
1061,0.06254121860912736
1063,0.13558611581615562
1064,0.13692294379109166
1067,0.14535232447022153
1070,0.08727908820856917
1075,0.05487527815167544
1105,0.05315115465957553
1116,0.23257306530475994
1117,0.18033568019452295
1123,0.14398096801186666
1125,0.13844864610748558
1132,0.1320134926808631
1160,0.05516521809154817
1161,0.1678898952661348
1165,0.06679358397702714
1171,0.24359318815550382
1181,0.08411996162244599
1185,0.14116520023480839
1197,0.1519603153188933
1202,0.15081468748339227
1205,0.053688885377424604
1206,0.15895919965987526
1213,0.14172906083892237
1216,0.06185209358072309
1228,0.13859351713806725
1232,0.11640085559909817
1238,0.1146499079786651
1241,0.07121810225556165
1246,0.112894980514738
1258,0.10024846558155676
1263,0.16481059709100465
1289,0.13090800037495903
1301,0.14099305339126772
1302,0.06409580301811418
1303,0.1681286173056534
1312,0.11880415106424348
1314,0.1439098897624656
1322,0.085949204737695
1326,0.07152485427526147
1328,0.07218015267860001
1334,0.13276126233145974
1336,0.13750296946885732
1337,0.051266777935521576
1338,0.10680291032838092
1340,0.15281213654826825
1361,0.17132181619753217
1365,0.16996594794351888
1368,0.26270580002543314
1370,0.08647418231995614
1378,0.16079545123931346
1381,0.16232051581068319
1388,0.14373292741493413
1393,0.13388791934379465
1395,0.10278867151847089
1400,0.1262126777954342
1404,0.05800680368583558
1405,0.060059332344885086
1411,0.14319671831897954
1414,0.13953195167275778
1415,0.057105890628905843
1420,0.08741749308517095
1425,0.07725039173443787
1434,0.18026244954769746
1453,0.16558522156492964
1455,0.24192916161020458
1460,0.15242480493469654
1465,0.27838413626877284
1474,0.14437202935147259
1475,0.05176669641305183
1476,0.07196779098079664
1477,0.1256957869000583
1489,0.08306064532800926
1495,0.1173131333793241
1496,0.06399454836685296
1501,0.14067017110452332
1504,0.05977641510359596
1506,0.1574108107188306
1516,0.1563045010525919
1535,0.07680891352834533
1541,0.059572121629061614
1546,0.05637456768219639
1552,0.06145666637263899
1558,0.147595791002515
1559,0.11349381520921563
1564,0.11269631772130792
1566,0.1410103508058841
1567,0.16569294379655602
1573,0.15915083024350257
1576,0.06318632158656609
1577,0.06435327349987073
1578,0.11569236652710271
1586,0.13437257303057493
1587,0.08145926596167381
1589,0.1564100640399925
1591,0.12859224422357746
1592,0.08940035260003858
1598,0.06652338927369493
1602,0.1594841705028765
1604,0.07987965542047497
1606,0.06520186465511255
1614,0.058719852243021356
1615,0.21012272476370358
1619,0.13691822435844078
1623,0.13751313923504302
1631,0.1353662101096358
1639,0.056960585207089576
1648,0.05134418163142496
1659,0.13386539617046755
1669,0.17276723598260615
1673,0.1308714989254707
1678,0.1412798014067372
1682,0.24469614580856056
1683,0.14354594559658695
1692,0.13688686100264377
1693,0.16429044111854282
1695,0.15474241126741434
1698,0.16080822865066602
1706,0.2357003908506634
1709,0.1434205056896002
1710,0.15663007599342932
1719,0.1328416648639434
1720,0.06901003856621175
1726,0.1252313073189316
1730,0.1241158689695111
1732,0.1274569450983407
1733,0.1310654806619081
1736,0.08745673514506327
1743,0.14423244497150017
1751,0.1284995634774416
1752,0.15138337982203515
1754,0.16590975080314907
1756,0.07169695941347044
1760,0.12010335557877792
1765,0.06449664265861797
1776,0.11298701518930097
1778,0.060054969754299026
1779,0.13578490751283998
1781,0.05884733337598417
1795,0.1362144512565958
1808,0.04574298200745344
1809,0.1483221707343147
1814,0.14523599076476654
1821,0.13467304446354672
1822,0.11008290234812644
1824,0.15281766926866527
1827,0.14761681410395322
1834,0.15240410776115054
1844,0.18021060201444516
1851,0.15018504181609837
1867,0.15952473211757112
1869,0.12614017540036168
1875,0.21528296796603383
1882,0.1465893096091499
1897,0.13236345337039362
1910,0.10884077780979676
1917,0.1502380597737686
1918,0.11734835776326245
1935,0.13511702232017114
1936,0.16135481409918637
1937,0.055931529057377874
1949,0.1372443264888165
1952,0.05384824632100005
1956,0.14862732064931006
1969,0.053476841054997594
1970,0.126374797037371
1971,0.13342260928990266
1977,0.15640952659824714
1982,0.12493068388101304
1995,0.13104366251297925
2002,0.1448079591063002
2004,0.13914950070644416
2011,0.14892663711528856
2013,0.14619113232105338
2014,0.1399051735730123
2026,0.13118359400392093
2040,0.13960996351108307
2043,0.13272840817606366
2060,0.12877528147730027
2069,0.11793527882964291
2073,0.08891962558814925
2076,0.03769399271817695
2082,0.1308746165379741
2089,0.06750115222168972
2091,0.16478231812854818
2103,0.08392046340998692
2109,0.06208508019471031
2112,0.14175253396393406
2113,0.16295769109681305
2119,0.06006193117587685
2121,0.14347867757544766
2125,0.12821856900555406
2127,0.23327977043640905
2128,0.14811911567786984
2132,0.16541543120909075
2146,0.14160143798483243
2148,0.0570671537657755
2149,0.17817620868514703
2156,0.05795510015700479
2157,0.1399798853707262
2159,0.10769904794453497
2160,0.1301287930407307
2169,0.16435372368321186
2170,0.06447958978575774
2186,0.06854855585536769
2188,0.05910487764099431
2190,0.12504379354805445
2203,0.1117060780580275
2204,0.17928146672039755
2205,0.15342865721550533
2207,0.15328950809475966
2209,0.06355146478446877
2211,0.0912926980413743
2220,0.055389567926499086
2226,0.17088361731597249
2229,0.12812716153018114
2234,0.13307518582970812
2237,0.17212966210206204
2240,0.13268497837158116
2249,0.05733927713592644
2252,0.14725155948517918
2264,0.16296723681474046
2269,0.13776906834854438
2272,0.05630577694644661
2283,0.12822713245568312
2284,0.14755176049071014
2287,0.17411598758051627
2290,0.12686083989249847
2298,0.061662177453884554
2328,0.13457377330916961
2329,0.1732143891642698
2330,0.15295966028057048
2336,0.12270735315107414
2338,0.14276715594515577
2341,0.20763323469676162
2353,0.1594402719174985
2356,0.06921610934150084
2366,0.1325006920678327
2401,0.13563802835206676
2404,0.05756388263251316
2408,0.12614744620008356
2409,0.13920883699850295
2410,0.15228419948965785
2421,0.24367671457672554
2425,0.15233353492997148
2427,0.1806274177511367
2429,0.14919960720471026
2432,0.13983918634449985
2435,0.1198792738972002
2436,0.13382038763366358
2447,0.1330866045003644
2449,0.057983586019717794
2454,0.0667476361948053
2460,0.07271247960533041
2472,0.15014086455922335
2479,0.09931245980834644
2483,0.1482875282914278
2484,0.14381227872596378
2492,0.17983878212348545
2493,0.06506883034803101
2495,0.13576750697818155
2498,0.17442259717636252
2501,0.13184452579128295
2510,0.14416753531935347
2512,0.040684170874282284
2516,0.06305494420655851
2517,0.15909695769422652
2538,0.062414789906602666
2561,0.1378913809584628
2563,0.13626556314942484
2567,0.14242265343303745
2569,0.11356560375425956
2576,0.15347585132637878
2588,0.14924749504863932
2592,0.05476190962111595
2593,0.14760693884914633
2604,0.10979827976921598
2613,0.10725047340901507
2620,0.11940628355113274
2626,0.0642234468125161
2629,0.06075536635266302
2634,0.06921045230139077
2637,0.15259560421737464
2649,0.15165685215330604
2653,0.150274233784714
2661,0.1380023304657551
2662,0.11505033370840255
2668,0.10126766970157419
2684,0.13770950138597696
2686,0.12303938614347931
2706,0.1263937146836111
2709,0.12687540882641551
2710,0.1386773189251668
2712,0.10861350350747695
2717,0.13593605611482204
2718,0.14849798665630118
2720,0.13939144702417763
2726,0.15526997708460824
2732,0.15993309665695632
2735,0.16708690761373218
2736,0.10839567568257275
2754,0.12607208354510718
2755,0.06313774628597783
2758,0.14261536868874633
2759,0.06200896524373886
2768,0.14933653626847848
2769,0.16871455617383738
2770,0.15201948713883262
2776,0.062020331082578754
2779,0.18832318298593423
2790,0.05379211497366146
2794,0.12872941514590538
2796,0.06339547313422447
2801,0.13116685850607174
2810,0.09857408528012689
2813,0.15691223264843626
2820,0.1477268588851035
2822,0.14136055848525858
2830,0.1498495249182164
2831,0.15664998594708188
2835,0.1467508290280621
2837,0.1458303649096738
2852,0.1584031431817797
2861,0.13278837567187635
2864,0.055665447679447144
2869,0.05285312664500203
2870,0.30620365482830664
2883,0.06598715527392635
2890,0.04695071521490591
2892,0.05810307073730256
2895,0.16870764120282478
2908,0.16444465503494893
2911,0.04954927485312853
2918,0.11902618741963387
2931,0.15393342686890102
2936,0.1573152476016496
2938,0.2339439661507492
2940,0.15352590064638055
2942,0.13608878737989127
2943,0.06024053521586388
2945,0.1728863271060787
2949,0.05844355889256207
2959,0.1393817480300283
2966,0.15079406358629482
2969,0.1497875237929725
2970,0.13591173473832846
2975,0.1260851540543134
2976,0.16101717961700734
2987,0.12027332449647982
2993,0.07310320449693163
2995,0.04989747087804873
2998,0.05205750369033942
3002,0.14605633366977547
3004,0.12761226575059442
3008,0.13721993927065973
3010,0.1446103855645635
3019,0.06997659273796288
3027,0.06497021214897182
3030,0.15630717312716938
3031,0.15559170882503273
3037,0.14418928059257533
3038,0.12108236952658594
3039,0.06197318964711749
3043,0.14923925985908493
3048,0.05353087483376629
3049,0.11963854354654369
3053,0.05918295658043484
3054,0.06087794243400727
3056,0.10529885598293834
3069,0.2582988643393391
3071,0.14796097260612773
3072,0.15506760198390926
3075,0.13691214525391157
3078,0.14186757304864592
3080,0.1108382254191181
3104,0.13116880308522716
3109,0.1609125369972677
3126,0.08484797059179909
3137,0.06084249216054098
3139,0.11494306675997289
3142,0.14208597352550775
3147,0.05642541688636732
3168,0.1311238663057673
3169,0.1424175527021169
3172,0.10956234166667826
3174,0.1385415026209911
3178,0.17560386332173808
3179,0.05646657266832812
3181,0.11356540315869615
3190,0.13181596162424855
3192,0.16112056725970123
3196,0.15300609769598317
3197,0.16335044117420458
3206,0.15034255003935912
3208,0.06367426586368441
3210,0.10897413783973932
3214,0.22242177321415996
3220,0.08928896555618057
3228,0.06189460079330911
3232,0.12252202975060252
3247,0.14550816333432637
3253,0.06744270684389028
3256,0.06327925841991565
3257,0.12563270526711687
3262,0.1271475936533494
3269,0.05430298061209772
3276,0.07102974365249087
3279,0.272555592398158
3282,0.09804670934643482
3284,0.07337413191672496
3285,0.16200768035156607
3295,0.13131934450518717
3297,0.10101876733510362
3298,0.1266181745682749
3311,0.06013142149117179
3313,0.15308409566678852
3321,0.12176477803557718
3325,0.11913057231177106
3329,0.22788752585263403
3345,0.1656473929617379
3347,0.11264345875282672
3349,0.14601258485723023
3350,0.09789707074529197
3354,0.147116949135727
3356,0.24376926613526836
3363,0.11933829620382305
3372,0.09239094786056831
3376,0.11634685673941661
3380,0.12840302783632082
3383,0.13474592829624019
3385,0.1439174315230211
3387,0.14607537594832287
3395,0.06282044281583096
3396,0.05176398599305157
3397,0.1347595878896647
3411,0.07456116652504663
3413,0.052274659232442115
3415,0.10216479811588385
3444,0.14621879456984188
3446,0.14648681698316682
3447,0.05845199252985465
3448,0.10505220594299108
3454,0.05818354611226495
3466,0.12746770967952012
3471,0.158895890804439
3474,0.06070781526800532
3488,0.1466580761027381
3496,0.061287496898315204
3498,0.16637725546896037
3508,0.1282300077650754
3511,0.062082160505740024
3514,0.07437706435425975
3524,0.07859634909141683
3526,0.09336514504590278
3529,0.07011498352288702
3552,0.07358595856299793
3561,0.06109003974327386
3564,0.21013132992041947
3566,0.061887869639031354
3576,0.16077993506217478
3581,0.06094569319479323
3582,0.13801187660230357
3583,0.24145653220744417
3587,0.13117741998863058
3589,0.1402416214834782
3590,0.11431266126430102
3592,0.1351637535631857
3594,0.058304969241822616
3598,0.13184892974916526
3605,0.15032138173763662
3608,0.17109798995439243
3610,0.11993022042932243
3619,0.13238448421440363
3622,0.11536776002373614
3623,0.1899365534054531
3628,0.1342956687345936
3629,0.14307285328928412
3647,0.053499632154235505
3653,0.1699532194466579
3657,0.15972455131900448
3658,0.10520493490489792
3661,0.06808051810032603
3665,0.14683511607475175
3668,0.061532149359870246
3670,0.09513277502352906
3672,0.05971649386990235
3675,0.1090333688935459
3680,0.06263021408539138
3697,0.06955934688442118
3698,0.0472527751749749
3699,0.14974506431341247
3703,0.047783338237314336
3711,0.13191933386564023
3712,0.17445348598965307
3716,0.12155719114946759
3717,0.1508872046947982
3721,0.1473401790201773
3726,0.14368113560924886
3735,0.16581084915831512
3736,0.2506864240457698
3740,0.12376112870893907
3748,0.099275282497884
3751,0.09889465493169365
3753,0.09435553523619031
3754,0.09528503867661176
3755,0.06642701643452428
3764,0.1307917843987668
3768,0.14086346855301685
3781,0.12509421310945348
3782,0.16039161592215698
3787,0.06460629366579879
3800,0.13621259529575966
3804,0.0644748737051063
3820,0.1686193242816062
3821,0.15336058849640039
3824,0.09645518007445161
3825,0.13971029751561279
3826,0.17929193526069542
3831,0.12639303833838353
3834,0.12824324910537924
3835,0.1479753418975043
3836,0.1398981029607221
3840,0.08847099561028518
3841,0.16921903618016104
3848,0.18437022944049603
3863,0.16812731665178704
3869,0.1116969162101628
3875,0.12324758350188425
3877,0.23776050663756185
3878,0.13753477960922744
3879,0.15381162379883032
3881,0.18001588742916266
3882,0.0695027225119016
3887,0.13008805106840518
3890,0.1255657951133029
3904,0.06103778967220443
3905,0.23713247768738777
3908,0.14678430615775603
3917,0.17524958418873282
3927,0.15322385434669533
3931,0.17145810905207323
3938,0.15830145292360193
3944,0.154230802241262
3947,0.12204669826498102
3950,0.14955096051707006
3971,0.12021680709146841
3982,0.07110019668851403
3991,0.058816714405192164
3992,0.12044993461702785
3997,0.10848495010465255
4005,0.05648181495636036
4008,0.135398052502005
4016,0.06094610261594575
4018,0.13093411452614293
4020,0.12129995175818106
4027,0.07903270736405775
4038,0.11949413122567429
4045,0.11647183848624525
4048,0.15016883543250792
4051,0.11151433565380493
4054,0.14988285547986482
4055,0.13672812010911342
4065,0.143080445876924
4066,0.12655257790070235
4073,0.12150227734247274
4079,0.056635635411952046
4084,0.10941595232717388
4087,0.1717467187573462
4089,0.051944079253194296
4091,0.24046128507279546
4092,0.11333341655601757
4102,0.27839189743894827
4108,0.16231129864875293
4113,0.16526435914772478
4116,0.17390750591840176
4117,0.04222784716037757
4124,0.1370347092503299
4125,0.12760121071798602
4128,0.1393460237248615
4129,0.15977188006620013
4130,0.1342605177414028
4134,0.1417267105464755
4144,0.1255204896346637
4147,0.22233998261775886
4150,0.0540782513402502
4158,0.16454287510378396
4162,0.14500842843215664
4163,0.12293178278547144
4166,0.061192826865396246
4167,0.1293295640404354
4168,0.12624938454858498
4175,0.06385838696863282
4179,0.07925637732518082
4180,0.1673595829517637
4189,0.14320024416074525
4192,0.15421049831583455
4195,0.1378101423366426
4197,0.1630971340755769
4198,0.1531921199761878
4202,0.1290613165201439
4208,0.1269821635544498
4222,0.1371949198775865
4225,0.05673702934603015
4227,0.14154094514595597
4229,0.13902279857317787
4230,0.13663422907352207
4244,0.21990991251262457
4247,0.12401340931987134
4249,0.15628433799887426
4258,0.13926441260295233
4266,0.17336195439189128
4283,0.10155761329513087
4286,0.10152149191395658
4287,0.12441951839019133
4289,0.11023215148860371
4291,0.16956820980523615
4292,0.14065991910146855
4296,0.05976318080548718
4309,0.07266197331687342
4323,0.15335746871933748
4324,0.14725754484781914
4327,0.13973910611196527
4328,0.14621696891140556
4330,0.06690767502861843
4334,0.07627177722408361
4338,0.058564132394881264
4341,0.14454512120264398
4343,0.22051988071360062
4349,0.052059810226525505
4366,0.11338669305095347
4367,0.0541623254330751
4373,0.1110878071935325
4374,0.1645528525929508
4384,0.1377499433045932
4390,0.12280725586405615
4403,0.1527818241409352
4409,0.10158717489190923
4419,0.15929335802380074
4427,0.0892482565207047
4428,0.14953821455463903
4429,0.14027834122576122
4430,0.041070770236371845
4431,0.09578316199019389
4433,0.06224478539287667
4434,0.14005135690801054
4442,0.04581444948713331
4444,0.11604891211301598
4456,0.05996968385192462
4457,0.12008588267830161
4459,0.14110501108906132
4463,0.15190236450511818
4465,0.163293893305489
4466,0.07809745825579598
4469,0.09230675161863175
4486,0.12420575370370457
4488,0.13942341408860276
4490,0.1433906338153986
4492,0.13489545267560055
4500,0.0644916173071061
4502,0.1512559184062193
4507,0.1473999948492259
4511,0.1346245816234948
4512,0.1107442491257497
4516,0.1451374388947477
4520,0.1140787348379043
4536,0.10556071301634863
4538,0.05717733367493774
4549,0.06904078022382917
4554,0.13888812891230357
4561,0.1448672271079367
4564,0.123954258769716
4566,0.14751519380240238
4568,0.1439647817169412
4580,0.14072942171841277
4586,0.05780976668998043
4594,0.13612667035288412
4598,0.12987734334530576
4602,0.12942805071594435
4609,0.159571890391318
4610,0.12044299366120109
4611,0.13007117107562816
4619,0.15502361661958522
4624,0.1448439432546694
4627,0.12410825110016861
4631,0.12171839622479873
4632,0.14311339472425746
4635,0.049094448367871614
4637,0.1528516251287196
4641,0.1407848797757841
4643,0.07074404349351768
4660,0.05919950404766131
4665,0.15649737306870212
4667,0.07433766569555454
4668,0.13051049016262875
4670,0.14225589713500417
4674,0.05496978037411588
4676,0.14525143577337285
4683,0.16900982023812403
4684,0.06616494003065923
4687,0.13525654458366826
4704,0.13353953816898695
4706,0.15164782252426076
4732,0.15098483852318592
4734,0.16316790535143774
4735,0.13462254554757724
4744,0.05536883375940206
4755,0.12194739895539883
4759,0.05831305466970194
4762,0.051938536234791575
4765,0.1623508886631478
4767,0.139565323459084
4775,0.12040537510092629
4780,0.16684197090561667
4789,0.1240187721934864
4794,0.16558792813343606
4795,0.12599210129402263
4797,0.1394511055806528
4803,0.05458008673766417
4810,0.17329853072754442
4812,0.15309493656388923
4814,0.13039658138250074
4818,0.11537289295289528
4820,0.060171250897049514
4822,0.1404954373107055
4827,0.08947496748214112
4828,0.0717651138267838
4831,0.06838591032572737
4839,0.14460164575346796
4841,0.11953765953568211
4842,0.06846358328746124
4844,0.14065347454037078
4852,0.05283131368117292
4861,0.07313010305446689
4863,0.22986064518523686
4878,0.11880322184043
4881,0.13107048769584928
4883,0.17658057693033757
4884,0.14927855951577673
4890,0.14225842778953812
4894,0.04775761760240465
4895,0.15064778995748218
4898,0.1287997542876777
4899,0.0492906759156693
4901,0.06836502603302144
4902,0.04878668367614491
4919,0.12520576086843227
4934,0.06425215139721469
4937,0.12441597572292146
4939,0.057029353022198435
4945,0.07379202656409034
4952,0.1094306327851088
4953,0.13661101566161662
4954,0.11856304143628217
4955,0.12752773460368355
4967,0.053370356021338404
4970,0.1588339758929814
4979,0.12673804348923434
4983,0.1324439991930364
4989,0.1289857060373652
4995,0.13844437031770385
5004,0.1618282503526079
5007,0.14942642442684775
5009,0.0573105025466417
5010,0.12609131532790688
5016,0.13780329813454384
5033,0.06365418070289257
5038,0.048851675499098336
5045,0.08998235910488113
5049,0.055556492827353116
5051,0.05609161293830762
5055,0.141252425387978
5058,0.07306107374124851
5059,0.058141060599846195
5073,0.15047338529443818
5074,0.2342018541388119
5076,0.14711756982438023
5078,0.05815291342479739
5081,0.1103888145895327
5082,0.12996228242995844
5084,0.05129735583436474
5105,0.12819538983689108
5107,0.13913748535544654
5111,0.08199709366377218
5120,0.06859329762301834
5121,0.10588821207284078
5123,0.12074954370198158
5141,0.12920662265142308
5144,0.14835890381589148
5147,0.14075053189334413
5149,0.04465302027178654
5152,0.06502801767065398
5160,0.13622624306443687
5170,0.1576764810231404
5171,0.16705854424569827
5176,0.16594030956047232
5178,0.17601289114384727
5192,0.04691934466849571
5195,0.07107292993569948
5204,0.14282644186166757
5208,0.1363400183691872
5211,0.10226738243461889
5216,0.06578887625973771
5217,0.13010482139023863
5225,0.1708010996659463
5228,0.17501713039706784
5239,0.04517045159238293
5241,0.07158403557207803
5243,0.13726840370844176
5246,0.15074528975497684
5247,0.16819940174923415
5249,0.06153217246643382
5251,0.16659869027770377
5255,0.1385942553473747
5257,0.16049116544527442
5259,0.08825654812842422
5260,0.1523724115520046
5269,0.16177218029877966
5281,0.14475283351448234
5284,0.1459290120732305
5286,0.07603976694346211
5292,0.06308158069091163
5293,0.11500887725136154
5299,0.11311044402607999
5301,0.12320124262512881
5303,0.11049284099610222
5305,0.1239512242667645
5319,0.09900623251807182
5325,0.06326482998082295
5331,0.11167508440573191
5333,0.09377502517894531
5335,0.14182667331349552
5339,0.10233901599344825
5340,0.13117594602655533
5341,0.12507193824689025
5343,0.097677879148853
5347,0.1782190117502573
5353,0.14615439912751785
5355,0.1221360240184914
5363,0.13817858757280993
5365,0.16098269490356817
5373,0.11694442713000766
5377,0.1664875738358175
5379,0.06388509744567276
5385,0.160907474327704
5386,0.048162021052915435
5387,0.14490174230976657
5389,0.06921967193898114
5390,0.0651064401316777
5396,0.06201777887116135
5397,0.061865908385763356
5404,0.1356240271023035
5407,0.14338684760897868
5410,0.05389620249609077
5411,0.05727763412496762
5412,0.1184750640823657
5413,0.05313595360656841
5418,0.1609082402743225
5424,0.1379736528807912
5427,0.1703873782149465
5428,0.13539227647209792
5433,0.14182290687851556
5441,0.15495871823540608
5448,0.12996143390799283
5456,0.14745203093146053
5460,0.04522653171296828
5465,0.16573093643590892
5468,0.05557027643141293
5470,0.1448325159841989
5475,0.1365214249081054
5487,0.1610221669918493
5501,0.0633595211665211
5504,0.13575841512742176
5508,0.13733663178220587
5510,0.09439382753891865
5514,0.05221497630074122
5528,0.15157264933534384
5540,0.1230394467633486
5543,0.12450371868207312
5545,0.12495306053194362
5546,0.11226295294839407
5548,0.06872308536039233
5551,0.2436122664820951
5553,0.1302083596184102
5556,0.1430315380207131
5560,0.14385276184489595
5563,0.13962629735844398
5569,0.055297383690961203
5572,0.0579500972242439
5576,0.056998210671305116
5582,0.1354569116229339
5586,0.069248654065497
5598,0.05097236635809405
5605,0.1414204933022043
5608,0.13947477526971835
5610,0.12234776339462358
5622,0.08073758271951383
5628,0.14089848359955903
5632,0.1274496983028441
5640,0.054101003641785696
5641,0.08928641728015091
5647,0.050903639111862506
5654,0.18500343543394815
5665,0.14193897849854106
5667,0.125139170264305
5674,0.07828492427183377
5691,0.1484156629273889
5694,0.14506012536652257
5706,0.12981030775625285
5716,0.07451063074027298
5722,0.06144104885958973
5738,0.1479584590994013
5745,0.13962489006786138
5746,0.10603634430260649
5755,0.1598130680010733
5756,0.06685252378574782
5760,0.1582981540077115
5761,0.15777097971552878
5762,0.06517136737281252
5763,0.05821015744566259
5765,0.16181098035225142
5773,0.13781618375337856
5781,0.14604212937007613
5786,0.15102741987636814
5789,0.16549850523452048
5802,0.13710193336178905
5808,0.15173808658239363
5811,0.12749203895759598
5812,0.2367248010656144
5813,0.13040001637729282
5821,0.14025069943844773
5829,0.1628061595966985
5838,0.1358577356877398
5842,0.15929958285684875
5861,0.12991779059033784
5864,0.12688506998299257
5871,0.15720333157025526
5875,0.1392828930234048
5879,0.16034251714582964
5881,0.15227713186026398
5891,0.05725323084152795
5903,0.0343427948106973
5909,0.13944046331880158
5914,0.16723277821453827
5918,0.1299166069406367
5933,0.04696282669787128
5945,0.0650680231860185
5948,0.06192554080043572
5949,0.05539811126676125
5950,0.1385473376806023
5952,0.15839853496043294
5955,0.15542055491804116
5959,0.14653969433393974
5961,0.1394559106063447
5964,0.08894506734872798
5966,0.16824279728027955
5978,0.1214834538733871
5980,0.1111619983880373
5983,0.1496890194991411
5985,0.12638938460865418
5995,0.13894265651014567
6009,0.14924126272078023
6016,0.08858091005445683
6021,0.15323306459400154
6023,0.1236789791658647
6029,0.1639257314684483
6033,0.1739939947137698
6036,0.06863155627116556
6039,0.11872569910698003
6046,0.21511088666515113
6047,0.10197558776306948
6051,0.14661044430809972
6054,0.0586454387004304
6061,0.1468170704792983
6065,0.11359114221011615
6068,0.08992044371686322
6069,0.22976851466030968
6070,0.14080100469322152
6072,0.0821415907433927
6076,0.1445639085980366
6082,0.06555352860622547
6104,0.1368743619056831
6110,0.14449398646347245
6122,0.13343829398660517
6123,0.14183802713964455
6126,0.0472451289596458
6128,0.1452112915337782
6131,0.06750123581041141
6139,0.1281580402433038
6140,0.16412214989637539
6142,0.24716600003142222
6143,0.10155335488382683
6147,0.14923190303736045
6152,0.174478390568258
6164,0.11363615964989544
6171,0.18103893877344937
6173,0.14298622161907998
6175,0.15858893578095587
6176,0.061245049704003886
6179,0.1486036998394309
6181,0.13346873976452683
6191,0.08007585333939674
6200,0.12241030470610492
6201,0.16217926011010708
6208,0.16291041126315917
6219,0.14013652562673248
6223,0.063344728960236
6224,0.1365340527416324
6237,0.06588658586299566
6255,0.111775218202776
6265,0.16038477474401314
6273,0.13528517541099017
6279,0.12608151042380852
6284,0.1554427086197085
6295,0.13057321314521692
6306,0.07031746266152605
6311,0.22106689941932392
6327,0.11906904436443037
6330,0.12540502562469785
6338,0.16841110079308577
6343,0.14862418340476838
6345,0.2351749339502505
6351,0.13189585081335173
6357,0.06625293718324593
6360,0.131146867872953
6389,0.059550744493477595
6392,0.14668370946263906
6404,0.1419352542495107
6406,0.05281973764541331
6407,0.1533086524539569
6414,0.06877981234611956
6419,0.14038202601010544
6425,0.13513451204819849
6428,0.058739552543789146
6431,0.1266555539056146
6435,0.15722376684149672
6436,0.07375811930698255
6440,0.08874477608931713
6446,0.14181538759349072
6465,0.1380041343135833
6473,0.12370106611753053
6476,0.06941006800434196
6477,0.10409766917341073
6478,0.1654821226068936
6494,0.12245976336718484
6501,0.13163917564162278
6502,0.22396079813119218
6503,0.13013814234572232
6514,0.05238881157527722
6516,0.1303238942611855
6534,0.15276821184913036
6541,0.0710119086309918
6553,0.15330157327081476
6557,0.10575863512990834
6559,0.14318301810778664
6560,0.17659992035253244
6562,0.14085560174582362
6575,0.1444497428260097
6583,0.05843979605977388
6588,0.14664170664149373
6590,0.1042526943321619
6594,0.10511906526074
6602,0.16110293614248503
6603,0.12712252543014274
6606,0.12104808275478879
6614,0.14882853666629395
6618,0.1377240637114457
6628,0.14462285717385304
6633,0.05350716190410085
6639,0.10274724967918614
6648,0.14980513902649098
6654,0.10940893269458137
6656,0.05579323722895595
6657,0.15743628673107962
6663,0.06793174006368247
6664,0.09715576877364755
6666,0.05632717623029441
6670,0.11704169909575804
6671,0.12118870843725785
6683,0.05382944349622702
6694,0.12286226233849416
6695,0.14235777277617093
6699,0.1414436635057281
6701,0.12618374733678875
6706,0.05699552860839355
6707,0.05790567299912637
6720,0.13379946509543356
6721,0.07213191970544824
6726,0.16875172408281847
6735,0.13460621314621668
6745,0.15630216954865297
6746,0.12325814512308855
6751,0.06804457463259612
6759,0.16810810414479743
6760,0.11294383145282993
6765,0.13223765075374902
6774,0.06566207060165877
6776,0.1521421834505412
6779,0.146479205594538
6789,0.13207942284821592
6792,0.23322734914270246
6797,0.0583175832174903
6807,0.10269850143397691
6808,0.15010513751746682
6811,0.15545806773143334
6813,0.0709326321083513
6814,0.141579957537577
6817,0.13155271077391847
6826,0.13153900500508273
6830,0.06146500389668467
6832,0.1583272078362705
6838,0.17944625814316184
6840,0.13730405696358894
6850,0.1430647725945736
6851,0.1300338490733367
6854,0.2179312272069117
6856,0.18002123939952272
6858,0.11206286380488026
6866,0.129415990445556
6871,0.15836422178124623
6872,0.13898439121355552
6879,0.14684380704218064
6881,0.055141827163086014
6882,0.15562260509730327
6883,0.13632524293236653
6894,0.13628244492844416
6899,0.05481696389150846
6903,0.14527299838512697
6908,0.15363600793983825
6914,0.15861886286882035
6915,0.14390963796044254
6917,0.14324449158825098
6922,0.074447570263191
6933,0.06796478419435074
6944,0.13089962058278448
6948,0.1464916035297964
6957,0.0984278537186357
6964,0.1277702206889557
6987,0.12472551792475987
6989,0.043239944199036755
6991,0.11710284976450251
6992,0.12016884647343486
7019,0.12535798811302362
7021,0.05836170180272235
7023,0.11151696233170552
7033,0.05494307553777602
7034,0.1279553187070985
7043,0.13773864810109313
7047,0.12912744286560965
7050,0.12237930649962431
7057,0.09128926625262775
7069,0.06661465994179402
7070,0.08003285404439243
7072,0.15625231680188717
7081,0.1072484097569866
7082,0.07092247630112494
7088,0.13071325667810377
7093,0.15641907552057602
7100,0.1620871463020503
7104,0.09662390970764499
7109,0.04859127271072575
7111,0.1528046859690267
7113,0.06423968565728622
7119,0.12225035313092035
7122,0.05934258292136659
7134,0.2527882074575894
7147,0.08092970555905601
7155,0.14590762364726045
7156,0.14585139448689627
7163,0.24995652369564275
7173,0.0866466600146906
7177,0.13357871572779653
7179,0.16727077459950487
7191,0.16674912636281555
7196,0.16595431098328564
7197,0.05715893871844551
7205,0.062458870574546965
7209,0.07119938404532831
7215,0.06450681741505068
7216,0.09846149781991227
7217,0.13816765516828014
7224,0.13302574901737396
7230,0.14396067503486648
7235,0.1766006109357116
7237,0.19733193101825258
7245,0.1562700818438855
7246,0.12377687949951097
7252,0.07932038010356741
7257,0.12854999685303753
7258,0.13023586678522614
7261,0.11801376509031035
7269,0.13871326753776295
7270,0.1410789239232371
7283,0.15095679111168267
7299,0.1289900491422282
7301,0.06338993515663553
7304,0.13601402415200217
7311,0.14765253821269655
7314,0.15346077922235007
7332,0.13651086004576546
7333,0.1479819716692457
7335,0.1532568904508113
7336,0.06545085160875647
7337,0.15503293604471582
7344,0.12217407868770214
7348,0.12168135846133595
7351,0.14767979393835629
7352,0.06656979101963305
7371,0.1647313466488011
7373,0.12705984915132087
7376,0.0916892397708145
7383,0.2488529652582297
7390,0.07354426253313134
7391,0.06674569686856294
7392,0.13572101543788503
7395,0.056087868279154775
7400,0.1502017348911488
7403,0.15028444521120893
7404,0.12748113604252717
7414,0.1278539279890579
7429,0.14148442230326724
7435,0.15347171209778598
7436,0.12664813435891498
7438,0.1233994934970826
7441,0.06735169437103065
7443,0.262582202186458
7444,0.1664132622875576
7452,0.09750370059051616
7456,0.11363489957268133
7462,0.09441053631349755
7483,0.10246577155191693
7490,0.15055421800345598
7492,0.1444428133050904
7504,0.07105394282770211
7507,0.1429572266051168
7511,0.05779541194377381
7519,0.1333725316216572
7520,0.2644459910275718
7522,0.05906256511938913
7530,0.05882473527587393
7536,0.15886155030719207
7541,0.14057759142631468
7543,0.0660682609617108
7545,0.14226405969238226
7558,0.1619482344835183
7560,0.14059270847450375
7561,0.13116815370886906
7571,0.1276553505552669
7579,0.13411712653115737
7580,0.1242010783553781
7581,0.13842433914666388
7586,0.13748264562857995
7590,0.16970275842939428
7592,0.13346009286280025
7594,0.12044243519519739
7595,0.15999874499857117
7601,0.11068124712283268
7602,0.13894052910121896
7603,0.13617792048828814
7611,0.12923189654713832
7617,0.03999618734178701
7618,0.16549518185442116
7619,0.14613111551013147
7625,0.058967512614361284
7628,0.12181798092824314
7630,0.04869978556647144
7631,0.05728223913832222
7633,0.15887478137684957
7634,0.1302097020464433
7641,0.15722002470564986
7642,0.12448119720272592
7646,0.1227120867726726
7662,0.15804217950409202
7666,0.1307927899357099
7674,0.11252352376343361
7676,0.11135196334853158
7679,0.1434744969750076
7681,0.14715293582346023
7686,0.05736484552504757
7696,0.15983944184694063
7707,0.05854246521959515
7708,0.0734149777413863
7712,0.07057774949069161
7715,0.132433863573505
7716,0.07083011014979043
7717,0.15862180136192341
7719,0.06607918988556631
7723,0.06963728954090687
7726,0.1457346996124216
7734,0.19574236489424585
7739,0.08500101500185846
7743,0.13303703038816878
7751,0.05555499572260692
7752,0.13513762990366635
7755,0.13570815109633705
7758,0.052830847988895896
7761,0.12447816490400132
7767,0.05933156461966258
7773,0.10770364976101103
7779,0.08387844799250604
7785,0.07976617274151811
7792,0.059774339991913894
7800,0.13849966782777381
7801,0.1396819489998654
7802,0.12943135320106694
7808,0.17111308004921796
7811,0.13268455897945722
7816,0.06613261998426624
7822,0.06905305011497671
7823,0.06947600926879421
7832,0.12271319782924947
7833,0.13302121267289707
7838,0.057386764526469916
7840,0.1208812643288999
7857,0.1291052954078363
7877,0.05540668023439314
7885,0.20940605463212728
7900,0.12400923132211403
7907,0.13805535804493493
7910,0.05763029201537569
7918,0.15918735512770282
7919,0.07119027367372148
7928,0.14079159689359894
7933,0.15023460206101957
7941,0.13078493839046904
7947,0.07879374807969365
7955,0.1454616531334896
7956,0.13915831577968021
7957,0.12209391364953935
7964,0.14167018598463899
7968,0.1415758094989034
7980,0.05839338355261694
8004,0.2622007942138643
8016,0.13582224952775504
8017,0.061103735499453644
8024,0.17026517082107567
8031,0.10313682712367497
8032,0.05653612622525968
8035,0.1285515521982884
8036,0.13779312797573717
8037,0.06274095680266578
8052,0.15480096944225197
8055,0.06504042507639135
8059,0.1290458444727143
8063,0.13253677341837675
8064,0.13982738875840986
8068,0.13273448822331052
8070,0.06316351537806326
8072,0.134463338692565
8085,0.17256184457334608
8089,0.12933762922047695
8097,0.04603000104109893
8100,0.14907882372463419
8102,0.170143151187201
8105,0.051991728392460905
8114,0.1320295442915677
8117,0.13399246323519773
8120,0.1286499226395688
8126,0.13269223982835776
8128,0.0748262186525114
8135,0.062036455873300686
8137,0.14178295600586238
8148,0.08307731614468106
8169,0.058097930266371535
8173,0.062995337510843
8178,0.14454293450612246
8179,0.1970135012076769
8182,0.06386587192770188
8184,0.11806942428500886
8186,0.147025036270925
8189,0.1562053948970964
8196,0.1546363576880542
8216,0.12245355393256005
8219,0.13564679401746604
8221,0.1284743418081033
8227,0.0647232339337645
8232,0.14160389675361398
8245,0.1327193980189081
8248,0.14082014039228133
8249,0.15566065001890186
8250,0.1418444028493366
8256,0.05971237449431824
8258,0.16121290198517785
8259,0.05647186731329538
8268,0.13518146124724398
8271,0.11995637340241731
8273,0.1458813951165104
8275,0.1434432576186291
8277,0.16154480171411323
8283,0.1401509584424021
8288,0.0673396673948912
8299,0.06467781266749062
8300,0.12845770219785205
8301,0.04809527664539144
8307,0.15063388979536588
8315,0.1517488689138796
8324,0.131154826117665
8326,0.1239313731928738
8351,0.06565502577865677
8367,0.06562034184046898
8368,0.16176088485001971
8371,0.16137863599132266
8383,0.12786894103795526
8386,0.15155142794073836
8402,0.061687609525812016
8404,0.13724084503246556
8421,0.15475463617660445
8422,0.056291606410549686
8425,0.15811610952276872
8429,0.12190460090044015
8433,0.15795631947644764
8437,0.09338931333969175
8440,0.0489696898938937
8455,0.1689102494320674
8479,0.16499614360786333
8482,0.058992465798726273
8485,0.15220627426954125
8489,0.06312420080380916
8490,0.05644251871983988
8492,0.055361397926107836
8496,0.1511721369654268
8497,0.1496521138552498
8498,0.12170144639647837
8500,0.15339327752445744
8501,0.15385093058390958
8508,0.157178768041483
8512,0.19238194032975203
8522,0.17624154348531945
8536,0.06917339287914223
8545,0.1462850829814113
8546,0.13698357326017715
8554,0.14556223986173222
8556,0.1337515489234888
8557,0.1462638953531878
8559,0.15656624417315249
8560,0.1394012252546402
8563,0.13351391383889574
8565,0.13256977967043576
8574,0.11637051192963341
8578,0.060243723256059055
8585,0.05709747341110502
8602,0.170837483072508
8605,0.09451446997219959
8609,0.13015595239637018
8614,0.09045017922346484
8619,0.1478087794369985
8629,0.13737862780611154
8632,0.14293177984302374
8635,0.05943980088178257
8639,0.056964167604837405
8642,0.06972249310267115
8643,0.13874512388304377
8655,0.14607248693379826
8657,0.13373295407283
8662,0.146603790674833
8666,0.16313390479326326
8674,0.06354362036614594
8676,0.1413191756093137
8686,0.12823004829552512
8691,0.11975115263997309
8702,0.16274625196784645
8714,0.0594170171920314
8718,0.13176040358435256
8731,0.14143820140936875
8738,0.14316156115442463
8745,0.05792660926867027
8749,0.12665671779377255
8754,0.1531108294243862
8760,0.13592295005995053
8762,0.06372094680178149
8767,0.06547951189739316
8768,0.1494926471173206
8769,0.05228489087509662
8771,0.14674407738906775
8795,0.1258321548321542
8796,0.05790936729972349
8811,0.14877396515722474
8815,0.1586490050166944
8820,0.12317479438543683
8825,0.1459165354866316
8832,0.12123833122702071
8839,0.06980872209442668
8841,0.1459600713485725
8848,0.13172969856732475
8849,0.07319281558281805
8856,0.15431514520753126
8875,0.12485918968988188
8879,0.06941438268920698
8882,0.1226383775159707
8885,0.13275429152860535
8892,0.14445179634570776
8897,0.1447783891827241
8905,0.06539209326139103
8921,0.04807394685318317
8928,0.13062230286089493
8935,0.14279954309901802
8939,0.059138969709093034
8941,0.15535139904311263
8942,0.052518996147554224
8949,0.11072563445777676
8951,0.05393315076642152
8958,0.14492951827390083
8964,0.06606806728074495
8972,0.06121982378227827
8978,0.15301058624607047
8979,0.07337655620604226
8988,0.16086007268299077
8997,0.11705509516791242
8998,0.05094872010639237
8999,0.1466193451313908
9006,0.06647437120452779
9012,0.16998900497660926
9024,0.12912138911420776
9026,0.12516528146552655
9030,0.15334429296098098
9034,0.05019679612652039
9036,0.15049338639488158
9038,0.0583889595466772
9040,0.15866406231633906
9041,0.09359879606245468
9042,0.05932876929982938
9046,0.0640875799993426
9051,0.14976266843412453
9054,0.1685083080560188
9057,0.05824109930794231
9062,0.05275881844792093
9072,0.13463525022252668
9075,0.12341512387938942
9079,0.15140906337587462
9081,0.05922501378902462
9091,0.1075814492460973
9110,0.062017968144809026
9113,0.1573008329771479
9116,0.14621678602852853
9120,0.0681308917882672
9126,0.16437365056624978
9133,0.1275915327865815
9135,0.16299352148917132
9144,0.11952725355934023
9146,0.14772848684295617
9153,0.12499421207808022
9155,0.0632221270737198
9160,0.08233489592060718
9165,0.13803044197171538
9172,0.15918819015692487
9174,0.05739516787099058
9179,0.09620207084021348
9180,0.13070294464734747
9195,0.2531824296085407
9199,0.12806908437440342
9204,0.11397698669909995
9205,0.05711888689005046
9210,0.14315750813036246
9228,0.12813120305179213
9233,0.15147166335446935
9235,0.14728075412774494
9237,0.05476006676219907
9239,0.058752917088266826
9240,0.05331593378309526
9241,0.24816176367147488
9242,0.13180921290305028
9246,0.06862368399614742
9248,0.14932220949678462
9253,0.1313270766654985
9254,0.1393210296006063
9260,0.11852682504162142
9261,0.0639195010922467
9262,0.1638138308906217
9263,0.16372567697918064
9268,0.12857275049203448
9275,0.05767433772509747
9278,0.13626066775540627
9287,0.14934571471891162
9292,0.13754632467800076
9308,0.14345719975341717
9309,0.14446293029793494
9310,0.16286633824736893
9312,0.07940369718646625
9314,0.06528728331321806
9316,0.048941492889893225
9318,0.13428442495783233
9322,0.1727992539440562
9325,0.15739926412935099
9327,0.14137939165253688
9336,0.11127828792898396
9340,0.15579516061204265
9342,0.16012903450976457
9346,0.12077606236255059
9351,0.22393123807926354
9357,0.1284086480636991
9372,0.1295592972436552
9374,0.06904483031314676
9378,0.21899792252780312
9385,0.07366910600680793
9413,0.08523634398124459
9418,0.13317122828833095
9420,0.1200316025472079
9422,0.0708098329177688
9423,0.12336230880519485
9425,0.14323165104951066
9426,0.1596663950917267
9434,0.14899263300930893
9436,0.12832823998524934
9439,0.06721070533091261
9446,0.06490787269933511
9460,0.14497388961186816
9461,0.14377195661670356
9467,0.1390278224943025
9472,0.12381483052889339
9483,0.11765216597426263
9485,0.13485741293627443
9492,0.06777867063532449
9500,0.1314388625447522
9507,0.15108056122262928
9514,0.1755757228728002
9516,0.1507774313711177
9520,0.07923995587239925
9542,0.12044404054389735
9544,0.2166335102660019
9548,0.16311186245416467
9556,0.06366390551990768
9558,0.15296881721551472
9565,0.1715175496241037
9571,0.13839748677183936
9575,0.14257141237677132
9587,0.12284351628621078
9602,0.16610712308957082
9609,0.05772574148425387
9618,0.09505219383248158
9622,0.15131189392448577
9624,0.1392147945359134
9648,0.14085404742709592
9658,0.13201367166366695
9668,0.12814768807246527
9702,0.052245622034568555
9705,0.15173182264611865
9706,0.06373667737166079
9707,0.1610383496197165
9708,0.10105346735999292
9710,0.13708499302343194
9726,0.14230518796244873
9753,0.07820802265561667
9757,0.10418645506242946
9761,0.06348372651802003
9765,0.23694351038704062
9768,0.1539966467712245
9769,0.1480735730834843
9775,0.05587641934457941
9778,0.15753143462601163
9788,0.08632236480045544
9789,0.16863014593733572
9792,0.14071028268562588
9815,0.1242793098529408
9816,0.06168780179141733
9822,0.06130409509258004
9823,0.15682969453376563
9827,0.11419800956408235
9835,0.14341115113980085
9840,0.06052597770280524
9841,0.1424824740953799
9849,0.13185801880287928
9853,0.14486888027632014
9869,0.06056632502500635
9873,0.04766961149760141
9881,0.038847451701361634
9892,0.14710639107508963
9898,0.14343879368073792
9899,0.1474019356698025
9915,0.1325166520099258
9936,0.1606659917657153
9940,0.14197231693374626
9941,0.05646679433510776
9947,0.06555225379777203
9957,0.1341500200687387
9962,0.06823274890663722
9963,0.13370990739600244
9964,0.15090085594059463
9965,0.14748469475159495
9968,0.15774996086008444
9971,0.1049860541028698
9973,0.15425385938898867
9980,0.06511845700939496
10002,0.1889005142878026
10005,0.07430892735288076
10007,0.10224293037962545
10010,0.17659058859336407
10013,0.1598491550463596
10014,0.05790794923023807
10017,0.14559707512811637
10024,0.14292554419344441
10030,0.0937676652070779
10037,0.15483322003820077
10046,0.10520353717846546
10051,0.1284653251466292
10063,0.1327476558413593
10067,0.11607523556817914
10073,0.05408328308662367
10096,0.06272348192900257
10099,0.07676620681325787
10100,0.06587535520685733
10101,0.1443114988772291
10103,0.06785699262411171
10110,0.16503154214484392
10113,0.1543268062733412
10116,0.06753328028943718
10124,0.16601868469049932
10127,0.11968501746477901
10129,0.17597804905146913
10139,0.1538563251601952
10140,0.16747129041074257
10145,0.2375954020855714
10149,0.1130353073693201
10151,0.15814345213517758
10165,0.05846803934419739
10166,0.05674033632501671
10168,0.12262576385768482
10174,0.09285906703249984
10186,0.07005483777425837
10189,0.13395357581910922
10193,0.14037096385327352
10197,0.06187631783628986
10201,0.12128856712233646
10206,0.15396207422506458
10211,0.1142421620229615
10216,0.13185983221128336
10224,0.11430653712519323
10234,0.14324349308166587
10236,0.12375586778476037
10239,0.16404111618254116
10247,0.06682386525072169
10250,0.05462834462268931
10253,0.1476692704773164
10254,0.12229294022807619
10263,0.1492293539914708
10264,0.1616943797470853
10265,0.13135640940043422
10275,0.05406628466435361
10280,0.13129109965775523
10286,0.14531222574643912
10287,0.1660501298683343
10293,0.13890321997908436
10294,0.1219875232259727
10303,0.06096061854246739
10308,0.13907571677073027
10311,0.12679503395369526
10318,0.1566750766346107
10323,0.1705646694332499
10324,0.11876443061086936
10327,0.1122802115592704
10330,0.13012955771149878
10331,0.12929789079928206
10333,0.05725865566675331
10334,0.14727122014390398
10335,0.12588764201815986
10338,0.14506641998936234
10339,0.1391027676979073
10348,0.054869853920938516
10354,0.2586900262998822
10356,0.12088410947603054
10367,0.07583796655362789
10375,0.13655407043237275
10384,0.1594506068533954
10386,0.07090632816178369
10389,0.13598795688837922
10393,0.13423639963740028
10404,0.1381150049131012
10408,0.06371985784480536
10416,0.10784063272581705
10434,0.162194868916712
10448,0.15327992942064003
10449,0.07935776615761639
10452,0.06101402378552912
10453,0.1343201252355826
10454,0.13992549698367326
10461,0.13406793901831096
10462,0.055547619407375765
10472,0.07362128497200975
10474,0.1737001710263124
10476,0.15951916116523548
10478,0.04781971400404837
10483,0.09333792394017942
10492,0.13169222070891043
10493,0.17695030901581404
10499,0.07529724256452199
10501,0.046164907927269475
10509,0.13743637988415594
10512,0.13566135279961763
10513,0.11735874595867928
10516,0.13184682450960492
10517,0.13285107074067995
10525,0.14058367336358601
10529,0.1315535570504328
10532,0.13821604227250384
10537,0.13416745826265714
10541,0.15040046481322275
10545,0.10498945368176443
10548,0.11445358020858294
10552,0.06028764696125978
10554,0.14869166675333492
10557,0.14650363847174824
10564,0.1435308274849026
10574,0.05642649394354259
10591,0.13622567811144076
10596,0.14561069835033658
10600,0.1742007557641888
10606,0.04620484117506673
10611,0.10338093051628806
10622,0.0462558222324309
10626,0.1240590461304194
10629,0.06255201847223539
10630,0.13966663821035208
10631,0.15251054899455777
10633,0.07224697951274416
10638,0.14139708880516955
10639,0.1766942881455191
10640,0.08488623924438272
10657,0.13915156957479402
10663,0.143773637891891
10664,0.1560668633204198
10667,0.13352631761314024
10671,0.14000285706101767
10672,0.13700064037262152
10675,0.12578915869481663
10679,0.15340573349083678
10681,0.1348780392725339
10683,0.06252681500462637
10688,0.1308746035980067
10701,0.154306189252407
10704,0.15783456944168564
10709,0.17611771448713823
10715,0.1407865224917317
10718,0.06215734319725259
10724,0.1341511522861853
10731,0.07429663024032687
10733,0.12334974831434554
10737,0.11963956015892112
10744,0.03961987841749658
10750,0.11641326843128509
10770,0.11529392701697289
10776,0.16098162760117177
10780,0.05230010244520932
10782,0.24474714104065606
10789,0.1555502470522625
10793,0.1647361050410581
10795,0.16309167224826898
10807,0.1278536297288071
10813,0.12458132549871134
10815,0.1343964439080252
10817,0.12864607920954824
10819,0.1272100384456418
10824,0.14649449859236316
10828,0.1678882733860662
10830,0.066125679949217
10832,0.14881228221144688
10836,0.16985234318954381
10839,0.15234615754493627
10843,0.11881377387743623
10844,0.1255960616044633
10866,0.23834884649295987
10872,0.12010435506550146
10873,0.06675334480572681
10878,0.20830426423072765
10889,0.0547269398233664
10899,0.1670450353699538
10901,0.15371389227819313
10904,0.1600363176057592
10910,0.1282284681183556
10911,0.12225008005244813
10917,0.1293010348570755
10920,0.13165040704172074
10921,0.05559126458456517
10922,0.07178653675611008
10929,0.0712840359020995
10930,0.06181632961112535
10933,0.13844693908740757
10934,0.04815661492493902
10939,0.15164998387151177
10942,0.05378063580562996
10943,0.05920631514151349
10945,0.16463514264190132
10946,0.12662940927117586
10949,0.09526397429212081
10951,0.13072093926354109
10952,0.14773364245791842
10953,0.05917859937285116
10955,0.06785540681427822
10956,0.1603153034995819
10959,0.1540792540438567
10963,0.09435003511450679
10965,0.14782039265308541
10971,0.06652789044844537
10975,0.1496901594182524
10979,0.1302233644009867
10983,0.1452720109615977
10984,0.12595572477771755
10989,0.057623245029373285
10992,0.13115855150212796
11001,0.05975392795473039
11003,0.06835088868017115
11004,0.06496147448422243
11008,0.061619661847866276
11016,0.06232883661463192
11017,0.05716895966421321
11021,0.15433539360100557
11028,0.2283742323799085
11034,0.1535219176321387
11035,0.05835385873798804
11036,0.0888953552432815
11041,0.11736269537279974
11047,0.17977829078040042
11056,0.1476945558775458
11058,0.13825417138882656
11059,0.09246619761490715
11060,0.10103338734423069
11064,0.1514000004059294
11066,0.06700533561957707
11069,0.1212314539545752
11071,0.1411210644479608
11072,0.1469054247436871
11077,0.1325626606476455
11080,0.12647340083233907
11092,0.12479187214388282
11097,0.053793242781557817
11098,0.13340646908778078
11114,0.1271709713329464
11121,0.05815151879585713
11124,0.1687110322494429
11131,0.14141881837506606
11143,0.16133528604954708
11146,0.09864104076514181
11154,0.14118375564185776
11164,0.15234106184040866
11172,0.1400742693092501
11173,0.06103177044222049
11174,0.11629157651382223
11175,0.13680920332108865
11180,0.1585491661759411
11184,0.05705794145287053
11188,0.1260548022117949
11189,0.07999776763165586
11190,0.10052661644819323
11197,0.05593383924567416
11201,0.14769973100615189
11204,0.14836653006210235
11211,0.133130396264387
11212,0.1407167330646868
11218,0.1419963271195387
11219,0.13711659567009182
11227,0.1417015086704937
11241,0.14555956914177326
11251,0.06866729750109919
11254,0.07050180606981354
11260,0.08926593524501189
11264,0.12700903858777565
11273,0.07666529625173661
11276,0.04783850615087331
11278,0.052206836434616086
11282,0.15084708422935408
11283,0.1342357399776992
11291,0.15647445774735957
11293,0.15134428887473889
11302,0.15444354405725425
11304,0.061939885863894324
11305,0.1477972476580853
11315,0.15723824066364703
11321,0.10665464924237701
11325,0.12228113831471628
11335,0.1257829847597987
11341,0.1422007579957551
11343,0.13937070137469731
11344,0.16245559514581137
11361,0.12958008287551154
11375,0.11829490569756149
11377,0.0775068129447437
11379,0.16397776722149682
11380,0.15595938456006345
11391,0.1389169988486936
11393,0.13141498187529171
11394,0.1635150591782228
11398,0.15026637638339385
11399,0.14941262585152001
11408,0.12219410562756737
11412,0.13382588473516016
11420,0.13820032268164176
11421,0.17217842966075134
11430,0.05629481513450512
11437,0.13524546826433867
11446,0.2250625201166934
11471,0.11853630111252032
11472,0.14210751348838813
11475,0.07519983928914617
11483,0.13149372728548278
11492,0.1349227738108053
11497,0.13752388539021393
11498,0.09838053627606062
11502,0.12982315621410934
11504,0.26338964274879384
11511,0.19252959766333216
11512,0.12759329902159644
11514,0.06918091300810798
11522,0.15458158595474594
11524,0.14716084911079735
11533,0.15278645988056933
11534,0.08190557822469245
11541,0.13051924251956162
11542,0.1317077582245751
11547,0.11734059644495277
11548,0.08634682435837492
11566,0.1660123891887142
11572,0.1489573076397857
11574,0.11766864999768778
11576,0.13836257310559136
11577,0.058282396720021695
11580,0.14169970300665938
11598,0.06030218945612959
11603,0.11857753754748258
11613,0.15450307379200537
11614,0.1422299622523338
11620,0.1416428205455827
11621,0.1536842169119819
11622,0.04843325089133267
11626,0.08979116031546965
11630,0.15684912241429033
11636,0.13908277996743898
11637,0.06769787215193915
11639,0.0932085442545367
11647,0.13940728957144236
11653,0.10042041761029277
11654,0.06749184641677389
11660,0.11729369905182001
11664,0.1520141752915553
11667,0.1291302215552448
11679,0.10895590664882412
11687,0.1510068717478256
11691,0.059986572869836434
11696,0.13550705848077335
11702,0.1818207398133933
11703,0.05714851085660779
11705,0.1539524038816245
11711,0.14598900911794999
11716,0.10598277718665071
11717,0.1480855882659959
11722,0.06003196732530288
11724,0.12878022771860087
11728,0.15584952009689615
11737,0.12043880664779276
11738,0.13086221004849885
11744,0.13419138838361233
11747,0.05850839809397345
11753,0.08128632618836326
11757,0.15759946775978675
11758,0.09123619464194553
11760,0.0863975676631451
11762,0.1364806085201204
11764,0.14730372892583965
11768,0.07367982382006806
11773,0.07572033089081842
11774,0.17986619610281657
11783,0.09757431019157814
11785,0.1162993850552777
11787,0.16124337497205143
11791,0.11955401397388805
11796,0.048898838973355695
11797,0.08974158073628329
11798,0.05824259773075531
11803,0.06763153081321237
11808,0.1486049045077673
11810,0.12854000997317047
11814,0.1401599596649565
11822,0.13522197157506047
11824,0.06838097357358147
11829,0.1375773235253991
11846,0.14654536350991576
11847,0.1363072367560196
11850,0.23053823205675275
11853,0.05886663183290057
11854,0.0695192680088266
11857,0.13648248997967807
11862,0.11795691064222356
11883,0.0667787852609627
11890,0.12718821370327613
11909,0.05651528264205296
11913,0.17030190003702264
11917,0.16061326515907465
11919,0.11890010276773091
11920,0.07611865909335602
11921,0.13720852391099725
11928,0.12248551404557259
11929,0.15496750248313412
11935,0.07823980247858858
11936,0.06346522371481488
11939,0.05731459928237987
11942,0.06402724253997343
11943,0.13172192448550812
11946,0.13578101788103916
11947,0.12998687392250882
11952,0.16321029725883057
11956,0.13660287369645066
11959,0.22771179553823145
11969,0.14125799970418979
11973,0.17095329369839377
11974,0.12156581113680613
11975,0.13305521522008013
11993,0.18434710081069247
11994,0.14663740994586089
11995,0.09357446355010388
12002,0.14610855690834165
12006,0.08803476245279569
12007,0.11603164577851127
12014,0.1548250308549088
12017,0.16724897297755928
12021,0.1639109972113873
12023,0.15435217448340985
12024,0.1416363632698854
12027,0.1877891892208785
12034,0.1376494814617937
12040,0.11781031746805866
12048,0.10251965212178547
12052,0.05993830348408756
12057,0.16466147616552096
12058,0.16980905404726812
12061,0.12553199209494995
12062,0.13501403214702806
12064,0.06845663995060378
12071,0.13271368387583507
12080,0.17036134560049532
12085,0.060949766722326625
12090,0.1630029712422773
12100,0.13231399146249656
12103,0.1460882279799226
12104,0.14626490282976695
12109,0.053630005046010905
12114,0.14521142094432982
12123,0.07252713098548054
12124,0.05779733014108812
12128,0.22848925518343718
12132,0.14658288302509556
12135,0.13829748285719656
12140,0.26220338983128505
12149,0.056451257259012386
12155,0.1333867179482377
12158,0.17247056014417006
12161,0.17299480634101225
12163,0.1534315014385551
12164,0.12591549401308666
12174,0.0632444971118189
12175,0.13864457562420668
12179,0.22194759565276662
12183,0.14620570342026412
12184,0.1521351764635849
12186,0.06229072900200662
12190,0.13599463978110854
12193,0.16687303335497022
12195,0.06440124350817131
12196,0.05676220554533445
12205,0.13653233206068932
12213,0.15840870403085475
12220,0.14773309186730352
12221,0.15758455434057866
12222,0.07292894849520919
12224,0.13780486457358612
12230,0.12964678069175423
12239,0.10872644615585753
12242,0.13323296864896308
12244,0.1253310901760641
12245,0.14263146357761647
12247,0.14660473018391684
12254,0.16517119721008885
12258,0.15168864520467115
12266,0.05865073742213287
12267,0.14234476885161898
12272,0.17232869776052978
12273,0.14386931784266144
12276,0.1408959295924369
12277,0.12882930188595823
12283,0.13005747357167988
12289,0.06323078973253954
12297,0.13745132837784282
12300,0.23267573409339803
12302,0.07752088057301311
12310,0.08813949837849083
12312,0.1260802565812705
12314,0.05784827826691357
12315,0.05529689638604341
12327,0.11457937503888231
12329,0.13027874865878664
12332,0.13555533097995473
12342,0.07776915274711967
12346,0.13515191772365678
12347,0.24166331223634038
12349,0.061689990997042754
12350,0.12892340322236634
12354,0.13870784980086828
12356,0.045133881581958045
12359,0.13934888843716126
12360,0.16760985026312922
12369,0.14312008691211778
12372,0.0533678612663925
12373,0.05823584405472853
12375,0.16274369584189102
12376,0.151581217473727
12379,0.0711902314675559
12382,0.13978530999451774
12387,0.0766688574204822
12389,0.13702800053261938
12394,0.17128357227227206
12395,0.14495553711474607
12396,0.1551550833435514
12404,0.1527091953450182
12405,0.1289197707495182
12412,0.23198179741329933
12419,0.1083426220103328
12431,0.12769926547623886
12440,0.15896772250517122
12444,0.17198842632272526
12447,0.055749074143825426
12452,0.1355478647041743
12454,0.15086855735913346
12456,0.1464295340533962
12461,0.06704562090150339
12469,0.12090066607418862
12472,0.0835987286395434
12473,0.06507883109147877
12474,0.14016645465092237
12476,0.14800039006126448
12479,0.18310518799494457
12481,0.13801931245085916
12487,0.07318204930285607
12493,0.1384572926143602
12501,0.15299720130463698
12504,0.1157923012355226
12507,0.13271343016191398
12510,0.12259184572573147
12512,0.24674248745370508
12520,0.15123612724744756
12526,0.14308577869077213
12529,0.1523954423096134
12532,0.1196278607499389
12533,0.1499685398381724
12544,0.2347966386856875
12546,0.13640827531463312
12551,0.1477447025949788
12555,0.23830857182120574
12576,0.13539951243607304
12581,0.14197751305210723
12588,0.15879747011598547
12593,0.08442413881834329
12594,0.12703201495244687
12598,0.11374346405742618
12599,0.16544485930715244
12601,0.12223095846265611
12610,0.16370488821425713
12622,0.06178709060987952
12624,0.1293466932146758
12625,0.15623806624825806
12629,0.32205042066934975
12632,0.05709729501733097
12634,0.05457553400480204
12635,0.1335997441727905
12638,0.14712669382925553
12640,0.048753783906220254
12641,0.14709750987978543
12643,0.13253059182514995
12644,0.07986696846780107
12647,0.12722601134067324
12651,0.16691859981626647
12657,0.1379833510050572
12658,0.12118540167412072
12660,0.14908407930616935
12661,0.10543628723151757
12666,0.12160926644826389
12673,0.10928778468297193
12678,0.14377925439071795
12681,0.1568660600248359
12682,0.22511436067136634
12684,0.06925077939934265
12689,0.13694492079858342
12699,0.1575028405495367
12701,0.1413348421311415
12710,0.09811780775957873
12712,0.13602904380468078
12713,0.14415601179562834
12715,0.1255854869592584
12716,0.14724842277523023
12717,0.1431905779997755
12718,0.14315418989316514
12720,0.11702627575055585
12724,0.13518539274258465
12725,0.16029035999065214
12726,0.11903527637175147
12741,0.16432862437150114
12742,0.1794766599217933
12743,0.14943224038430855
12748,0.10478431956394742
12749,0.06385948183237394
12751,0.14185797183172913
12752,0.15001510143284366
12756,0.13514721278961267
12760,0.1339627327955293
12761,0.15331063446522913
12764,0.15326924025956004
12767,0.06965030756470984
12774,0.15105948643646025
12782,0.07959946989865099
12783,0.22990693721427974
12784,0.14930745829724393
12785,0.13982994675924543
12787,0.1583175672631408
12798,0.12404587889326338
12805,0.13586813400274508
12806,0.11071730475399809
12809,0.09613204164139884
12815,0.13432917462902255
12820,0.05963261367301503
12824,0.10950430810382372
12829,0.12585230955831067
12833,0.14809046617135557
12841,0.1376231712787433
12843,0.11552962271999202
12847,0.1436036815767042
12848,0.1437985277887217
12849,0.13933040029994695
12852,0.13499080006943284
12855,0.1484127563182224
12864,0.1716995792902069
12872,0.07229639951816194
12873,0.1564420476961669
12874,0.14999668171733602
12877,0.24954040372829653
12879,0.1384474872838547
12885,0.14492924170284616
12893,0.13052875485786655
12894,0.17316085114285043
12895,0.21850582105671373
12901,0.06967310606057858
12912,0.1363438106749346
12919,0.14523300784290175
12924,0.14074202720832554
12929,0.13572855971921177
12931,0.1386968752960706
12945,0.12976502708308063
12958,0.06513219696734503
12962,0.16442644257777292
12964,0.1577946709482957
12974,0.16774860937007335
12976,0.06562348745377447
12980,0.12949509053633293
12984,0.14212173645068255
12987,0.09224603025580909
12991,0.14139028548533542
12995,0.12026426873613008
13001,0.22955435073227246
13005,0.14580416808996743
13006,0.14575663153334928
13015,0.13171746608326068
13017,0.13520310017836482
13033,0.14874539797320088
13034,0.1502226688928571
13035,0.11852575465752173
13038,0.19610265329865453
13044,0.05525295965793638
13045,0.13339749654591912
13052,0.06305463700496997
13059,0.14362093280381885
13060,0.05303743905225926
13061,0.12300651434429619
13066,0.22766946911758507
13080,0.23719937180166714
13082,0.16844726988627484
13105,0.14832332371396992
13106,0.24936089209619006
13121,0.17110990175661153
13123,0.1560227184749393
13125,0.05430531991280869
13129,0.12872025868044645
13130,0.09341466335070135
13132,0.16680752444211866
13133,0.14161426544567896
13135,0.14859564920323065
13141,0.13517275163492273
13145,0.26133809452916495
13149,0.06247073687586067
13153,0.1480324495531288
13158,0.1365078144019517
13159,0.1513800229462106
13169,0.31218214565074426
13170,0.12753358996403866
13178,0.14098306825071039
13179,0.06866135553757409
13180,0.142257190817973
13181,0.13431267450175313
13183,0.061307046354212726
13196,0.1313654260469429
13200,0.1505283454036952
13202,0.09486396880824305
13204,0.059635208311351724
13208,0.139029355107059
13212,0.14021498569898955
13213,0.14217594917832094
13218,0.15321919331361206
13225,0.09683217808680346
13229,0.13609105803525082
13232,0.13855265862726487
13233,0.14453400189813762
13234,0.05895201338869629
13249,0.06412030326351767
13253,0.1498564600281882
13255,0.15094310525227206
13257,0.23174282428699544
13266,0.05595432261874032
13269,0.06905432795279609
13270,0.15821890515183468
13274,0.15088103497928698
13281,0.12246838340772648
13287,0.09481150826554396
13305,0.15298033422999407
13308,0.05127752377406675
13309,0.06647484230694616
13310,0.17059246982904464
13314,0.12167166279819874
13315,0.07151331307982554
13324,0.09131773828000296
13326,0.15064104284702612
13333,0.1457082808695769
13336,0.09940631480608725
13345,0.153106561556382
13348,0.15264619263669515
13350,0.2029776286880235
13354,0.15536571296178384
13360,0.15175545219234501
13364,0.15803046791828415
13366,0.14231711747808842
13368,0.13700315401015298
13375,0.10769592955653551
13376,0.13000635022685084
13380,0.09341770241175122
13382,0.05751696615194786
13384,0.1659315908736731
13387,0.16058083775492682
13390,0.07871415701689725
13398,0.13243130967348232
13403,0.12428585828451551
13404,0.08706026392970742
13405,0.1364269786077123
13409,0.17764608573785046
13411,0.13280019575344792
13414,0.14411887464064366
13416,0.12990538166301566
13417,0.0641138505110278
13418,0.13206155518829782
13422,0.05951389265773733
13430,0.24024486633838704
13435,0.058409055201792896
13439,0.14642749701063998
13446,0.12274430069587575
13448,0.09427878057412564
13449,0.1412357261017686
13451,0.13654811411971857
13455,0.14746996816332378
13468,0.15106565475643363
13470,0.05774823163529856
13474,0.05882240356829366
13478,0.14716725253062812
13485,0.13709561101161236
13488,0.17510065340357509
13489,0.11063628374967818
13500,0.13677747793256345
13505,0.057289598407478555
13506,0.14289033136081034
13517,0.07325873478360456
13518,0.10706889521036461
13523,0.1264528975520924
13529,0.13831972644382828
13532,0.06746866177745657
13534,0.13654959109780693
13539,0.1370666207630367
13547,0.14965788420115536
13548,0.1740043240631459
13550,0.2953430591728059
13554,0.1689196853489424
13555,0.17320325924587712
13556,0.14971338521034872
13558,0.07153384909404253
13562,0.13695588316898044
13566,0.14010269079657378
13574,0.07529719831728579
13576,0.14613769551991973
13577,0.1661007744365731
13580,0.08002778672875419
13586,0.18770651661425583
13598,0.24918004848366243
13600,0.10636795919182615
13602,0.1304391943691224
13604,0.13296836842188953
13616,0.150665298887894
13623,0.12045168488249335
13627,0.17000631084622828
13630,0.0646812929101396
13633,0.1640517894188424
13635,0.11991665049622605
13636,0.1670371433111353
13640,0.1378236722665235
13642,0.2222016980238432
13647,0.1745303913284316
13648,0.25776475506581403
13652,0.13268089261284832
13659,0.06816085381295563
13660,0.11319139295267941
13666,0.14999734648395918
13667,0.06783237174950338
13672,0.1310381335672936
13673,0.15386620892744424
13675,0.11090486872311595
13678,0.14713813265630685
13682,0.09971401217823814
13684,0.12744102939478588
13689,0.13192051465305435
13690,0.12588779226464059
13696,0.13913669709518722
13706,0.15299924431393494
13710,0.3378402757302064
13711,0.14683857567952188
13712,0.1464311255070562
13717,0.057450195326767824
13718,0.13080562176221822
13719,0.13180408398469876
13720,0.09756015387019672
13722,0.11735163812880739
13723,0.15211706078787918
13726,0.13944100116172034
13733,0.06195826508908131
13739,0.14349141356719353
13743,0.15953141776586974
13750,0.12778191182133805
13751,0.09015067665898996
13754,0.17180570768741305
13756,0.06821595250899506
13760,0.056011731924016143
13762,0.15041537278015893
13763,0.127672005302073
13766,0.06496425102191498
13767,0.05953589576503847
13769,0.10139254573517877
13770,0.12855602210567674
13774,0.17006662095759867
13776,0.1316401410913701
13780,0.06415870070995232
13784,0.0639994367682326
13789,0.1429488138136188
13790,0.1423988196684986
13792,0.08608702689379416
13795,0.15146645682786133
13797,0.1323121389548904
13800,0.12791576496314633
13804,0.12697624980085098
13815,0.13008183903015708
13816,0.1623621013096621
13817,0.16057547164951275
13820,0.2084517361847152
13824,0.16733542978094396
13830,0.14042113945817572
13838,0.12587213866447114
13840,0.06207800605433451
13841,0.050169641582375434
13842,0.15082919724413216
13843,0.06780705460957766
13849,0.14816865972428653
13852,0.14874620709329153
13855,0.057941172129969444
13858,0.13576993870178877
13863,0.05629310618805042
13871,0.1989500415188559
13872,0.14489686699445456
13873,0.1273951060744645
13874,0.1375332223814824
13877,0.16318176199100434
13879,0.1454507261703986
13885,0.15248772602296004
13886,0.16094452231303574
13892,0.11067033693974297
13895,0.06156964268744336
13906,0.1581532278940103
13907,0.15191553158825302
13908,0.05663504828167603
13909,0.13148407054478373
13911,0.12034521019308668
13918,0.18394401039509012
13919,0.14768702160998157
13927,0.1706688355077456
13930,0.06111896509367446
13931,0.16508680267937856
13933,0.16086089128051098
13938,0.15831352050886455
13943,0.06450896536841356
13944,0.08069200467379137
13946,0.13684359672794952
13949,0.09574467788934514
13952,0.1997794112797344
13957,0.17550904421490857
13958,0.0677934573623032
13965,0.09772934211730645
13970,0.05627810183390558
13972,0.17371099973824758
13981,0.15436538996374985
13983,0.08700877979945734
13985,0.12251862012181788
13986,0.109189860646213
13993,0.13936744386791108
13995,0.1379702424036033
13998,0.11385047274385625
14000,0.05738703095959564
14002,0.06260523226405419
14003,0.07954673500200408
14019,0.14595429587491493
14021,0.32834920220826264
14026,0.14929029911343009
14031,0.07348032802088407
14032,0.16513335911586316
14034,0.1274187839575593
14035,0.13636819178986498
14043,0.07838946406029383
14046,0.14665277053206752
14048,0.15005562921832546
14057,0.14617990152897095
14065,0.13073688348811968
14067,0.07736746287068123
14082,0.062295079492810185
14086,0.14192609228768294
14103,0.24196929603458692
14104,0.18038732680179856
14106,0.15934812736236342
14107,0.15452449071708613
14111,0.06069638398256986
14116,0.05837994525903224
14118,0.07121153571547692
14119,0.13347423770290628
14122,0.12087364293604164
14123,0.12623713016218835
14124,0.06866403777645422
14125,0.15870633329836098
14126,0.16316403780766092
14127,0.13899951017757753
14133,0.15247356071273027
14137,0.1440047687558677
14139,0.13118045018667943
14143,0.12550134145378058
14148,0.11971301492569632
14149,0.13732907548867523
14150,0.07516801012366893
14162,0.058191017767369714
14163,0.1360886774713468
14164,0.1302954724451246
14173,0.11643117751748987
14174,0.17577623457438635
14178,0.13521692453050657
14181,0.06325001219469811
14186,0.11628213366307028
14187,0.1527827891254575
14188,0.11835553798816112
14192,0.1666913717106799
14193,0.13514201680350268
14198,0.23903412315509195
14200,0.15449210178403244
14201,0.13517076087272092
14208,0.21733519090428924
14214,0.12717672292753276
14220,0.10816968654035448
14224,0.15077039246569388
14229,0.12189476118939721
14233,0.09940553471465076
14241,0.06282764009702574
14242,0.14957833605432805
14246,0.11001668501690375
14247,0.12531226096037748
14250,0.06632833131530767
14251,0.21386800346437762
14254,0.16506064314019953
14257,0.061058103273287916
14259,0.1451656533501356
14261,0.11656656257063443
14281,0.10504057455464157
14282,0.15507009196427113
14285,0.059623270115908546
14286,0.13955430565379753
14293,0.1433036424029372
14297,0.05515347709913832
14298,0.13338856425629583
14301,0.05115396882595991
14308,0.12365878218625195
14311,0.15413129535562667
14313,0.26125408120789423
14314,0.0613369419044532
14315,0.05277604096999593
14320,0.12728893735801294
14325,0.06402817114436819
14333,0.13743446368416035
14336,0.12513125007914333
14338,0.15739135637254664
14354,0.12610798051683486
14359,0.15414720944391816
14361,0.138564115967591
14362,0.1446183567747384
14363,0.15880554957030385
14369,0.07232863232024009
14370,0.2358265441895833
14376,0.12071609594167389
14382,0.23423543341200823
14387,0.12198838972727057
14389,0.15342763131705983
14390,0.13531262307541486
14392,0.14701745570432087
14393,0.11828834765277302
14396,0.13405109635899082
14407,0.1342388465688403
14412,0.09914982023195137
14413,0.16591534917604414
14414,0.04764944182904346
14416,0.13386311253468988
14417,0.1312681341377124
14423,0.16794015528470377
14427,0.15531122224793625
14430,0.1693484373806951
14433,0.1315356913266158
14434,0.12767043910981407
14435,0.19629751701785633
14436,0.130850116790111
14438,0.05902053711776539
14439,0.1387042724514728
14442,0.13327624685645775
14444,0.09191736967127223
14446,0.13234068197524207
14449,0.22526274958422884
14451,0.12361168396302977
14459,0.14030837545770644
14464,0.13243190629330182
14467,0.13471213293797632
14469,0.15248533933254435
14470,0.06400909767452534
14471,0.15215419752820628
14476,0.055990998390231486
14477,0.14907055540438796
14479,0.06553431885434238
14480,0.1588103385514611
14481,0.05732867411045582
14485,0.1101196700700102
14486,0.13703253722685962
14493,0.13374036636471157
14504,0.16031897847411689
14508,0.1328718939361678
14509,0.13558257468944554
14516,0.16060605262371958
14520,0.13795428535378493
14522,0.16448211796473863
14523,0.11875441871185427
14529,0.16254342943402475
14532,0.06055354231762138
14537,0.0631538576344897
14540,0.13328525970588528
14541,0.12805252909764053
14544,0.1499421642336692
14548,0.10205028326717172
14550,0.17590474939376619
14554,0.06923814066343957
14555,0.06665059185385501
14564,0.14456767836713355
14571,0.08148586032965542
14572,0.14747317710687574
14576,0.1358480315840254
14580,0.071380078238034
14581,0.1382175104161266
14582,0.179359058658529
14583,0.11543702464175128
14586,0.13715781304282357
14591,0.12318528250094858
14593,0.1607787711379325
14594,0.1343554875295507
14601,0.14390559686125093
14602,0.1187277689973013
14604,0.16456357766887417
14610,0.18721694973800143
14620,0.12620851925490528
14622,0.15558010524115154
14628,0.06311611517061386
14629,0.2499436327531596
14630,0.13314552908823887
14632,0.332759329063792
14634,0.13474261644691946
14646,0.06034762594666603
14648,0.12192506378285835
14651,0.1298328009567847
14658,0.2454649716986316
14661,0.14313047255165962
14666,0.060943511594679624
14672,0.1608741043295821
14673,0.12040509650349135
14680,0.12247162920213561
14685,0.18237350433882948
14688,0.1421595701942294
14694,0.1448143556930122
14695,0.16878064570256276
14702,0.1587322553731029
14705,0.055107473320337004
14706,0.13837230271680684
14707,0.14957586776451332
14711,0.13801640485551445
14713,0.06443075519519532
14714,0.13907701476035844
14717,0.14373687332016538
14722,0.22656709833937855
14726,0.13735537102208864
14735,0.13013940586757217
14736,0.15584756449065626
14742,0.17504311083540552
14744,0.35632211849874973
14746,0.14175352437349698
14748,0.14835958978952016
14751,0.1636850998851352
14753,0.157251968731394
14754,0.150523601372147
14759,0.1537570305346629
14764,0.1560687456821819
14766,0.1481249779152796
14767,0.15820652764494442
14768,0.16325979220164707
14770,0.124350282107718
14773,0.18460332897286433
14777,0.13848061164887848
14778,0.1315277175917421
14779,0.12431340084820197
14782,0.13933661615676485
14783,0.15919028548607042
14784,0.12636977265955973
14793,0.05793698304657017
14795,0.12400640422980018
14797,0.1439633491051595
14800,0.05520909425259017
14802,0.14400149443331983
14803,0.0617760170271024
14805,0.1661452970873119
14808,0.23489745135434478
14809,0.07285769622768308
14812,0.36158246801374266
14813,0.16362089792297863
14814,0.13029707325638754
14818,0.16890342729872806
14819,0.090958105247487
14820,0.05485256185904603
14821,0.2487900455399007
14822,0.1380958417258937
14826,0.15108988128093728
14827,0.13409087073138115
14831,0.16511856579243864
14832,0.13615630387324898
14839,0.16105565538616862
14842,0.16039141081153488
14848,0.13001454093568776
14849,0.05646545937490804
14855,0.1384907632680019
14856,0.16804084405075592
14865,0.06878441638411235
14866,0.07810702720140654
14869,0.13257162739135897
14873,0.16982116559381746
14877,0.1343676670730244
14881,0.05784596714280293
14882,0.23682516261848863
14883,0.15097949049037115
14885,0.1594623430856471
14889,0.17117878461923688
14890,0.15408257488842983
14892,0.12365851979161029
14893,0.061873024526424694
14894,0.06527708697379433
14897,0.16166830617764175
14901,0.12767076884838854
14904,0.04545307872109738
14908,0.16176558983257405
14914,0.1405111971518447
14916,0.10350802254413376
14917,0.052338679118635704
14918,0.13954387235231883
14923,0.13620701265931176
14927,0.14070769118750448
14929,0.14136998558498132
14931,0.15483453968048544
14935,0.2576453686388156
14948,0.24309019593691522
14950,0.13025740106862105
14951,0.14835849400842951
14952,0.06519314215350867
14954,0.23786839386399275
14960,0.06882355442738622
14962,0.05693468578045204
14970,0.14277985906110705
14973,0.12292025216887204
14976,0.15051885304406995
14978,0.14756895975813478
14982,0.14255504358808585
14985,0.07252110270240526
14986,0.13743024614327431
14987,0.10825059954360457
14988,0.15408527245358075
14991,0.11298605042408483
14997,0.13614413454533336
14998,0.16177457171383508
14999,0.15001042896700323
15000,0.1282373210716688
15005,0.16500172642021163
15006,0.13352976579673034
15009,0.1788762738565854
15015,0.14324632291838063
15018,0.1491187343944292
15029,0.17023679101184563
15037,0.24621008199882746
15041,0.15257335700337457
15042,0.1349795439802415
15047,0.13710169888788992
15050,0.14592878098500572
15053,0.16148553900184384
15056,0.16365120153375232
15057,0.16410244295192844
15058,0.14127994236282546
15060,0.09158457561061174
15062,0.15318536529366092
15066,0.06727204925937084
15067,0.16184410288289908
15068,0.06444923404868408
15069,0.05468019912775349
15072,0.13063268248579696
15077,0.14693450439601194
15089,0.1534683922057259
15093,0.14143367109182695
15099,0.13305721047963515
15101,0.17231825145212104
15103,0.16357511646971573
15104,0.14650640215688976
15105,0.13281185332713194
15108,0.14462250777788713
15109,0.1255961446653215
15112,0.1507025288089938
15114,0.15466530300329068
15117,0.06109612802664566
15122,0.1170037407813385
15130,0.0637868256464829
15132,0.06168252859674856
15133,0.12795408150670734
15134,0.05630520000801266
15136,0.14006638084082174
15137,0.22379718870996765
15142,0.07248604825387808
15145,0.13386540092364918
15146,0.060740729319158984
15147,0.13575180686263544
15150,0.2216483412703901
15163,0.1686904916905354
15165,0.05972789791051749
15167,0.1306683091919032
15168,0.05450849568974334
15173,0.1374166854278398
15181,0.13614994454527088
15183,0.16480980871586093
15185,0.1648203788626115
15186,0.15768512694072334
15189,0.1058508916123934
15190,0.05900285985283712
15191,0.12586044415028397
15193,0.15920393687381793
15196,0.11082777482106897
15199,0.15556980498938605
15200,0.15311930890581604
15201,0.1645983223560704
15204,0.1668675248203395
15207,0.05869526479152179
15209,0.15849648540436226
15212,0.12723851803556113
15213,0.1472811549557658
15214,0.14408197120436123
15215,0.17662349879029954
15216,0.169790684135
15222,0.1443230343344953
15223,0.08303407266858859
15231,0.1202643141445356
15236,0.147669669339983
15240,0.1680264309190172
15241,0.1476680162352972
15242,0.176692097615618
15243,0.15860613242742333
15247,0.17210961367950547
15250,0.1412964773837745
15253,0.14523618143734582
15254,0.1477473529925802
15255,0.12272195879806416
15260,0.12543823791164713
15265,0.06803540385561355
15275,0.11519696681418964
15280,0.1492674737179981
15281,0.16259990569839822
15282,0.18074824152271693
15283,0.17936294341172493
15284,0.177382117456328
15292,0.1624770231182758
15293,0.11159861822747322
15300,0.19475591671803963
15301,0.14345092108564336
15302,0.33391243362775264
15303,0.13336627669528017
15306,0.12539934167442973
15311,0.13716451036953808
15313,0.1490657668610077
15320,0.14618022697180091
15322,0.05782840545458458
15324,0.1361556439798216
15327,0.17654007784903591
15329,0.1452231750250671
15340,0.24576606365832987
15349,0.13423081050028715
15355,0.10906861480099779
15356,0.1497760535105782
15359,0.3370750828625505
15360,0.12481486640243913
15361,0.07341418096243918
15364,0.13939626508707573
15367,0.06560792398092269
15368,0.22151697492910688
15372,0.23779123530284324
15374,0.06301418915379127
15377,0.17587840021867082
15383,0.16975624692322766
15386,0.06053982574131847
15391,0.1431107180456754
15394,0.04490418526721446
15395,0.14979280824885338
15396,0.0587420269271519
15397,0.1359550213991593
15400,0.08250958721348131
15404,0.14153793968882514
15408,0.11945831177269975
15409,0.059733468889218676
15411,0.23226936322734956
15414,0.15791336995542019
15416,0.12350044970181717
15421,0.09346310804101107
15423,0.12463723064389406
15425,0.05106597093272043
15426,0.1526514553703751
15428,0.1663698947423569
15429,0.13184019703751787
15437,0.16509792895017417
15438,0.06256378900458479
15449,0.13168849000524838
15456,0.1592399182975315
15459,0.16940916528403663
15460,0.1538881771472652
15465,0.16611846669922176
15466,0.13953409437070236
15468,0.16620976484757935
15469,0.06540113335188633
15470,0.13574018493413323
15473,0.20054104983434234
15474,0.1448413613978324
15484,0.12556654821215757
15486,0.14911832730966934
15488,0.12647363745531257
15489,0.06250409251403981
15493,0.1207529331896409
15494,0.1215049831108843
15511,0.056613897121047564
15512,0.16409806407787145
15517,0.17307884883282387
15518,0.13895229945303503
15522,0.05999732642269111
15524,0.16223965920257236
15526,0.12182881341038204
15527,0.1322484579748826
15528,0.1117787155215844
15534,0.143485541472098
15537,0.15837594675063768
15538,0.1491899512458933
15541,0.06552246170945786
15544,0.14399999766072497
15545,0.14992232452727985
15546,0.06027409798099932
15547,0.059138565423225514
15548,0.16494458571304046
15549,0.18254279536014906
15550,0.12285669286303776
15551,0.07322627788889674
15552,0.06151281779611521
15553,0.12600689648582358
15562,0.11904140924605867
15563,0.23021188447647303
15564,0.14812352711475377
15567,0.16222323392736812
15568,0.13554684569174855
15569,0.056177179000097596
15573,0.0631076257598481
15574,0.11547779759083938
15579,0.14077269306478485
15581,0.057691626231717225
15582,0.13198346368505842
15586,0.15455057726628144
15589,0.13024431807009745
15591,0.13596040588180194
15594,0.12973628286567043
15596,0.13535063872401354
15598,0.15090734871460817
15600,0.13990449773781893
15603,0.16023297833819436
15617,0.05432099842071133
15619,0.16095070433238023
15625,0.10418508471159352
15633,0.06626492626674509
15636,0.18764128678217631
15637,0.1445094042944481
15640,0.12800421540291185
15641,0.1377426608722237
15642,0.1241178145483694
15643,0.09661762083880145
15650,0.11632132020203922
15653,0.07713611832632741
15655,0.18452919721432803
15661,0.17171020973278797
15663,0.1606862066906198
15665,0.06708887947362868
15667,0.1583722628668683
15671,0.05286615982460022
15673,0.22105885545877374
15676,0.06003519120995505
15679,0.1496500967041593
15684,0.24625405006792694
15685,0.05991940897187299
15690,0.13394370534881303
15695,0.13562060288009903
15699,0.188393218751584
15701,0.06485064844216433
15705,0.23570623720842043
15709,0.05646045823240359
15717,0.1547846945616601
15718,0.29174529753269557
15724,0.17272346983784803
15725,0.12912217339066728
15728,0.14227881398626727
15729,0.1296255108629083
15731,0.12424934833053296
15732,0.14200416329534982
15733,0.1446689325375564
15739,0.22729113169584855
15742,0.0645078521268412
15743,0.06577098593491246
15744,0.12663862580810825
15745,0.07019458489310733
15748,0.07443183896984404
15751,0.16014563684477776
15752,0.13832465817212286
15760,0.06608558125830145
15761,0.06161335159036561
15764,0.1543174014861836
15766,0.18947248419126253
15770,0.051586173345481864
15773,0.06438900474949104
15777,0.15270729643678882
15778,0.1822525549484042
15780,0.07826993129966714
15782,0.31914578631046203
15783,0.15580955277740616
15785,0.14128434318542085
15787,0.15303853682842758
15788,0.17722742088815874
15793,0.19119885461336206
15795,0.13704269868490987
15798,0.1772612601608478
15801,0.17294466257266755
15809,0.13516145085169343
15810,0.12694136545440507
15814,0.142779400013148
15833,0.24557269879540902
15835,0.16810987877494477
15837,0.05163409180384349
15841,0.12536772720113668
15842,0.07089995654586378
15845,0.11956568451253052
15849,0.06524725136192555
15850,0.06695731338479917
15851,0.05413606300039119
15853,0.12502768219093757
15854,0.1584285237749258
15857,0.06951569705220553
15861,0.2577971057792771
15868,0.23497654084946243
15871,0.14623021459669597
15873,0.12365005515301905
15876,0.1448423043776273
15883,0.13080498078557665
15884,0.11708959481973759
15887,0.10310474489271813
15888,0.125079281027508
15890,0.13843601527946808
15891,0.16585227240476103
15892,0.13239176699923744
15893,0.12294549586657649
15897,0.11665797847839733
15898,0.25841481410500344
15902,0.17614234802490147
15903,0.06701139395099164
15905,0.16039002102577568
15910,0.1528085478926778
15911,0.14142441966460145
15912,0.14616519186401605
15916,0.05891693271191631
15917,0.055754629286314326
15924,0.17606407728773954
15930,0.1831592877010427
15932,0.17845170554609097
15937,0.13010967081245137
15940,0.15308001243714614
15942,0.14556433605058353
15943,0.2500976424952601
15946,0.14406165474645338
15948,0.06620652042184727
15949,0.05919233297136197
15952,0.11922304380293351
15954,0.060741092925505794
15956,0.12966828035240113
15957,0.0999138052928844
15960,0.0766024343112401
15962,0.1272837945837531
15965,0.127804646553891
15968,0.16444682803371544
15969,0.14145490585537762
15975,0.12936544470155353
15977,0.23829832230822348
15982,0.1494291752841132
15988,0.13884271252979377
15990,0.07470406340475327
15991,0.05588767351102444
15992,0.08721180563067549
15993,0.1839279572886747
15997,0.14407493537110647
16003,0.11473416887445191
16009,0.15156310458539105
16014,0.16554328759414916
16015,0.16167442442450342
16016,0.06094780430134987
16019,0.14647451983179
16026,0.13163808045263578
16029,0.16586517433660594
16030,0.14963771107862325
16031,0.06062325863254007
16032,0.15695994702831204
16037,0.058983258132667984
16045,0.16955091387566543
16049,0.1722554455411348
16051,0.13401807976103125
16055,0.177185241754627
16061,0.16393106550489597
16064,0.13865388863076578
16065,0.06477024667983702
16076,0.23983636571504396
16078,0.23002443218019047
16085,0.15206038816355102
16087,0.07386841492446952
16088,0.17527934728498784
16091,0.142266529829038
16092,0.1411309689814769
16093,0.1480048428697444
16095,0.16937987641106086
16101,0.12695527320895272
16102,0.16664591605343146
16110,0.16578945097158565
16111,0.127288447599905
16113,0.16567522749174624
16118,0.16143450231610304
16121,0.07640527442847099
16123,0.19997181066743777
16127,0.146801740870192
16129,0.06833171186410444
16130,0.12208949699322615
16133,0.12495973998743062
16135,0.12223514077109257
16136,0.12246582076861268
16137,0.16755158726033795
16138,0.0653314361009119
16140,0.17387460669010654
16141,0.14807541853016248
16142,0.1356577481213591
16145,0.15725366200371152
16147,0.15830907512220327
16148,0.1895960506858266
16149,0.15787790249938807
16163,0.23680241491516088
16166,0.05474482698300967
16169,0.12931185065680564
16172,0.14925761020082473
16173,0.1674359111290824
16176,0.17327255900889751
16177,0.15934363289806866
16179,0.15724566805651014
16181,0.06431837891580723
16182,0.25870841161398817
16197,0.1724499231669408
16198,0.13769146833670512
16199,0.12152795873592195
16203,0.1114565798702319
16204,0.08916241410238274
16218,0.09143579460575084
16219,0.18334025287553748
16226,0.16205751941825597
16227,0.11567475052840602
16228,0.15442645012455214
16229,0.16081275676611714
16230,0.15100352295541847
16235,0.12642073498578907
16237,0.056976572725396336
16240,0.12545950586130716
16242,0.13486828491426214
16246,0.16983239303803208
16247,0.14999245213623447
16248,0.14655514361869285
16254,0.3662647095818576
16256,0.14343393516123248
16258,0.1285042805851651
16260,0.062451654091978975
16266,0.14233982998958297
16270,0.14354135945827043
16271,0.14804172771557048
16272,0.13978596845810803
16274,0.1312982994356635
16275,0.14694282294949126
16276,0.056913626571800845
16277,0.13886668078047176
16278,0.0649008451152091
16279,0.13280981789660307
16280,0.1642494320158922
16284,0.11915917763156621
16286,0.12685623513963662
16288,0.18106756374399366
16293,0.1283557063772772
16299,0.24406244639166916
16300,0.15745699773430458
16307,0.12176068170411865
16314,0.1594090998324858
16315,0.13398432951220088
16319,0.1442049588507901
16320,0.16014612646328033
16321,0.1379385235672323
16325,0.054986457158421924
16329,0.05064560234401535
16333,0.07381443885144648
16335,0.1628678287594435
16336,0.15533673339050708
16342,0.17163749331100897
16343,0.24100839535474597
16346,0.15493295521890285
16347,0.12948528562548808
16348,0.16998482760457415
16350,0.06052765484504828
16352,0.13089983543266354
16354,0.13913941973222085
16356,0.1519473401435715
16357,0.16935340524036874
16358,0.1297779366708317
16362,0.1353616378130698
16364,0.06667745471595452
16367,0.14893003496333362
16371,0.12472478472163188
16374,0.14871324518860463
16376,0.14946274412358182
16377,0.17618842278995883
16378,0.16212651349300639
16381,0.08725902002352277
16384,0.14547880398707777
16386,0.15247639599451684
16388,0.12372758236011941
16391,0.1678687904938726
16394,0.14954482288608736
16397,0.05293099249820038
16398,0.16255214994234338
16400,0.1402961885962648
16404,0.16303642180317846
16409,0.12913053633778493
16411,0.09482225006686518
16418,0.2533213290495134
16420,0.12949157992454438
16421,0.1574683421034852
16425,0.12489059828729628
16426,0.14419761271142462
16429,0.164889154786086
16430,0.13442478628568455
16431,0.060248941869401315
16437,0.06701789683986166
16438,0.06745877310525096
16439,0.12576470445426807
16440,0.06613299681344746
16441,0.15132481849360746
16451,0.10793107411405073
16461,0.12762230006752504
16464,0.22652004642815393
16466,0.21685171798586972
16467,0.12532599001899106
16468,0.15283628824778897
16469,0.14163715828870146
16470,0.1432058516919661
16483,0.1763507679751191
16488,0.059416856057672086
16490,0.06090766299024014
16496,0.15237989865888757
16502,0.06437719434554348
16511,0.061794200999930604
16512,0.17050040725912047
16513,0.1327410082034953
16514,0.045289275946328526
16515,0.05722234436555639
16517,0.1554662490636313
16520,0.054927651060771195
16525,0.1591474332103248
16529,0.12840183231703844
16532,0.14188926893971776
16536,0.26592836419692595
16540,0.07299477337709223
16542,0.15288181785892624
16548,0.13703039826259317
16549,0.12468304476938676
16551,0.311056305445637
16552,0.12423144721327267
16557,0.13738457470109916
16558,0.12226309710534587
16559,0.15966261641175566
16561,0.14563251177632833
16562,0.14535714685512716
16564,0.1150656527458852
16566,0.12562729998163377
16572,0.1550158361230688
16573,0.14789024216418206
16574,0.1637716283556041
16575,0.06503732439031948
16579,0.1859809976039762
16582,0.11820338248633509
16584,0.1551369963960855
16586,0.13763058503073258
16588,0.14410810781056688
16595,0.1561367541682789
16597,0.12614125536761728
16600,0.15190731815778533
16601,0.14460395422414823
16606,0.31499153410791736
16608,0.061727739763575054
16611,0.14431552848832901
16613,0.1597665071019201
16619,0.15896038954214298
16622,0.14445861531519485
16624,0.13789347065487
16626,0.15928917129435005
16628,0.13227461753801126
16630,0.13159120869644508
16631,0.08054631630830152
16634,0.12521422609502147
16638,0.15501045749745535
16643,0.12086827479037195
16645,0.19352063906127057
16649,0.14915708397618746
16651,0.15607760917627353
16652,0.13248669970885843
16653,0.0819467234092123
16669,0.13646650186816764
16672,0.14853312420593215
16677,0.1563513722745899
16679,0.14236446605082415
16680,0.14495509779622354
16681,0.06485354147631986
16684,0.04772094215891496
16685,0.13329992911407498
16686,0.17741145039283068
16689,0.12154745492378313
16690,0.04289223392645076
16692,0.13523150219845392
16693,0.0521357293604183
16696,0.06085808428651244
16703,0.22558266228499677
16704,0.06860385668684323
16707,0.1327301950995132
16711,0.10486819194675026
16713,0.11750495270003998
16714,0.3559905978124265
16716,0.11923324382294248
16717,0.15507957776716205
16718,0.1479788670829441
16720,0.05723936944148451
16723,0.13590421488261034
16724,0.23943516014139488
16728,0.25894543821025584
16730,0.1454849753480714
16743,0.1101334279847925
16744,0.07148227202976826
16748,0.16280940331620974
16750,0.1563115179945423
16752,0.15695356977521374
16753,0.12497009569529081
16755,0.16384512471773136
16756,0.06474255272537323
16760,0.13943444692357934
16764,0.06873437451890071
16771,0.1402628338065672
16772,0.18971620540160156
16776,0.13165676029694684
16777,0.06612679317281189
16780,0.16475736658764925
16781,0.14128695733346652
16788,0.1454368324216338
16792,0.12444455566167671
16794,0.1752551303811383
16795,0.0583695622997438
16796,0.07808305841852824
16798,0.14187763568944686
16801,0.15694567282943422
16802,0.11162417482211072
16803,0.16048571611323978
16815,0.12618274535618348
16816,0.09240391316609438
16818,0.13410774133335654
16819,0.16833992027035075
16824,0.12276531892789995
16829,0.13685345078500066
16833,0.1413406618097589
16834,0.140778622302563
16846,0.1498707028108229
16847,0.1568556273718793
16848,0.13431055099052935
16852,0.14406906073887996
16853,0.15581146410061245
16857,0.13618593514114674
16858,0.1689475709784279
16861,0.1418075755664493
16862,0.1647683404844473
16867,0.12621128397603135
16869,0.1401185481139594
16870,0.14164891265128102
16872,0.15306091156249674
16877,0.10493091648385602
16883,0.13339293447345793
16890,0.06973542228193284
16893,0.12570116464513004
16894,0.06392968991472782
16897,0.1102598245070111
16901,0.12528415542582877
16902,0.07889919129439585
16906,0.04791173118900636
16910,0.07736356229247394
16911,0.24210786865947154
16921,0.09901294406214223
16926,0.1623350505169817
16928,0.15667981081220106
16932,0.16031900481938172
16933,0.13382984952591095
16935,0.14326634732148893
16943,0.15929830532805436
16947,0.06968912059998493
16948,0.147130301266621
16949,0.06579194990949092
16953,0.1585607451261546
16954,0.14078450647683657
16956,0.15384806562668762
16958,0.0707232359448456
16962,0.1406907825572249
16969,0.06269265297893974
16970,0.05938522209481808
16979,0.12924499484777824
16981,0.14764975184718343
16983,0.16229443590239828
16984,0.12138471126577959
16985,0.13030368870846504
16987,0.1580141296500396
16989,0.2403546771633043
16990,0.16624496125937527
16992,0.13922614769794095
16995,0.13040069069925217
16997,0.31611833876353307
17000,0.1748579223837516
17002,0.1498495971840212
17003,0.1650144232784591
17006,0.2250883298343806
17007,0.17008992919554525
17008,0.05362237060153848
17014,0.13191054114093595
17015,0.1623957551362278
17018,0.17137727137705536
17020,0.08643385953775128
17024,0.23837475132742422
17026,0.22721060827115266
17028,0.14227525646941122
17035,0.13167879452995018
17038,0.13616165439092073
17041,0.2388974977764366
17046,0.15948318698568362
17052,0.07917778678061213
17053,0.0739379865292722
17056,0.10466913306838117
17063,0.14395696888882292
17068,0.12375257903352285
17073,0.06198631659096374
17077,0.1529575919268484
17078,0.13661516523201347
17081,0.14191364803010606
17083,0.151604329545538
17085,0.12629215214918468
17086,0.14426680017064233
17087,0.1419477524004964
17088,0.13659958229584362
17090,0.1436964851070816
17093,0.05807710322810178
17094,0.06021112548537382
17095,0.11956181985179559
17096,0.08427006818541607
17099,0.1802917628689814
17101,0.16270163110957558
17102,0.1469743449115403
17104,0.13241422363418417
17105,0.15345979760696998
17115,0.12860062678926756
17116,0.14215452465382455
17122,0.06611798559397059
17123,0.07161762984761703
17127,0.14864814723917807
17128,0.16108466214321274
17131,0.15766255353730868
17136,0.15236826186015867
17140,0.09529879448127293
17141,0.1523637783833622
17146,0.10515694356467138
17147,0.06768598290982611
17149,0.16492390244985422
17155,0.14627606110213254
17158,0.19094948803137923
17159,0.12955444119958315
17163,0.1546078179148527
17164,0.12820801361578638
17165,0.1428970013620094
17169,0.21229381967530953
17170,0.11670016839222734
17171,0.1702807603802207
17172,0.10781006602005667
17175,0.32795280443547414
17177,0.12780180641255182
17181,0.13294963424441203
17183,0.04760789489380517
17188,0.13473224606230133
17189,0.15279256779078446
17191,0.12839740128104885
17192,0.12026655186488325
17194,0.1332576264203549
17210,0.12821592168283674
17212,0.16789215458750806
17219,0.22231860937683703
17220,0.14392730313867175
17225,0.16389941091914342
17227,0.16935051450687225
17228,0.05002467048170191
17229,0.061215204219387
17231,0.15981723008401863
17232,0.16624150687203104
17233,0.05473732689592366
17237,0.12899178743615694
17240,0.17070443246473882
17241,0.1417880026807216
17243,0.10456762355596949
17246,0.1750563789212666
17247,0.10877703909092258
17251,0.2740538900678111
17253,0.126166284956935
17254,0.06348669687063307
17256,0.05446079218260942
17257,0.14676733603648665
17262,0.1223963550765544
17267,0.07619389516632553
17268,0.12773110172729593
17269,0.1304948257157814
17270,0.15500619728816248
17275,0.1427651109771301
17276,0.1641213011153947
17277,0.26729305978786544
17279,0.12385147106106516
17283,0.06183237551221921
17287,0.13652833895970157
17288,0.06227754927611495
17294,0.13135757942182347
17295,0.05402103433963171
17298,0.15144087560436523
17300,0.04249405307706783
17302,0.14586342220366957
17303,0.13616239488485227
17305,0.1427456745134161
17307,0.1805795650103239
17310,0.11600703532126662
17312,0.07185027258218309
17316,0.12935341278221701
17317,0.12978530236474575
17318,0.05174580638827865
17320,0.046177988369384394
17323,0.14549222080361948
17324,0.1304560690204152
17328,0.21862421624952635
17332,0.14856615381293756
17333,0.12099872251819681
17335,0.06407470867592989
17338,0.14155237786233585
17340,0.15591234859874195
17344,0.15049903037794907
17345,0.19075887444902415
17349,0.15635112792983472
17351,0.14273279942013484
17352,0.14027333007711015
17354,0.07528284075727697
17356,0.2222089046139668
17357,0.14930356419782762
17361,0.07022373771662013
17362,0.17687348284149734
17363,0.16004769406475983
17366,0.1519643155102803
17367,0.13042173859942405
17369,0.07340594361926807
17371,0.1735975481238941
17373,0.15150359878066486
17378,0.13788162305587293
17380,0.15417649491397759
17382,0.17600777469015597
17383,0.12783270279982964
17387,0.13736834196666953
17389,0.13208861133590352
17391,0.0981908807105297
17398,0.16122639663834185
17402,0.14671581095748212
17405,0.23543238158812604
17407,0.06438094425664109
17409,0.1337679210271923
17411,0.15867003519576658
17412,0.04777314171927115
17413,0.12608236315141189
17415,0.14264313904440906
17420,0.12585636180771026
17421,0.14046687338703776
17422,0.13217516492171077
17428,0.14919307179022528
17430,0.09765719112193542
17433,0.13046930920314256
17435,0.15412118992437637
17438,0.11528195396594874
17440,0.04573367463062706
17442,0.1254847260569008
17444,0.14576196602110256
17448,0.1342129391909486
17449,0.23182006063324734
17462,0.1463619943125179
17464,0.13368750820561784
17466,0.06855101933960324
17468,0.16490550410611987
17469,0.14149946122104087
17472,0.11960453137103275
17473,0.14587089842197437
17475,0.14322007994334376
17479,0.0558473128978482
17481,0.1380056199279004
17482,0.15338208985509613
17485,0.055499365531627126
17486,0.2393853876620539
17488,0.16828967340111256
17489,0.06422758847484378
17490,0.12346920578265821
17491,0.0771472686442746
17492,0.1480924193842781
17494,0.09878975516662651
17497,0.24733353368830838
17500,0.1401362598363497
17506,0.1602555633510645
17507,0.1466082694423991
17508,0.2707340765154652
17510,0.10583037106427193
17512,0.2348369367486246
17513,0.15435873412544143
17515,0.16620751952922347
17520,0.15093899882224898
17521,0.1337427733113057
17522,0.1621097922817262
17523,0.12320885220101992
17524,0.12359174170466672
17530,0.24263642792236587
17535,0.14851864602862289
17536,0.13661428772424775
17545,0.1273378671106365
17548,0.15933562834511406
17549,0.15498178121073838
17553,0.1630580549714106
17555,0.1831330839127442
17557,0.15272163338776742
17558,0.13847915407224487
17559,0.1573223040382886
17562,0.1749221695702182
17564,0.05978393168878368
17565,0.2022619584599592
17566,0.17537367935451467
17567,0.16550711489724845
17568,0.06565190807831142
17569,0.11644523165684041
17572,0.13311221891870953
17573,0.16866720190435533
17575,0.13192733503886578
17577,0.1573165422829091
17578,0.1335833932172113
17580,0.1331569193131869
17581,0.1652860364030609
17585,0.13967334705373033
17586,0.18253475990908322
17591,0.14654530038834018
17594,0.18206027589692705
17596,0.11849845035619702
17599,0.24659953816145289
17602,0.1505622182280012
17603,0.17365349295978041
17606,0.05367771522986366
17614,0.1763493770826846
17621,0.16691731884280891
17624,0.17454031018414665
17626,0.23408604334225094
17628,0.07121766941441858
17629,0.1377717260895357
17630,0.16840634838460275
17631,0.1466656096468385
17633,0.09815753432339559
17636,0.1667870443103834
17641,0.14451800291294067
17642,0.24690701440804041
17645,0.1665689291010467
17646,0.188513844974453
17650,0.15450150231772175
17655,0.12984528475023188
17659,0.1251326096419372
17660,0.13991496422561725
17662,0.1292378936174788
17664,0.08312115139752414
17671,0.06436539655863963
17673,0.14822021096287044
17676,0.16633652107930025
17679,0.1739185029088558
17685,0.16862345027197262
17705,0.17727983982401202
17708,0.14226571083704165
17711,0.15231478967627624
17714,0.16772935719862925
17715,0.05838565056232731
17721,0.14335108265396224
17724,0.23823962914345642
17726,0.15491579222309293
17728,0.11516825786699816
17730,0.10070991089183023
17732,0.12413851402419149
17735,0.27550891835477037
17737,0.11819227441896792
17738,0.1581182064805457
17739,0.15797673376745372
17747,0.1398482461500635
17749,0.14325016368802002
17752,0.14164008799926844
17753,0.17237674487903806
17756,0.12507320571268435
17758,0.09224875691454956
17760,0.14342476843966132
17762,0.141632777517513
17763,0.22191138039757838
17769,0.06974566154043184
17775,0.14240408304449906
17776,0.062335730825844995
17781,0.1706073685039609
17782,0.1137217039596592
17783,0.05786425149810747
17784,0.1681961278766542
17785,0.13839702405030022
17798,0.12413942341074509
17799,0.15621380661498202
17800,0.27890127106853824
17803,0.12918887830391654
17804,0.08288134317846221
17805,0.092711553202227
17808,0.12414891971027885
17817,0.13547523698461983
17823,0.28354856485397234
17824,0.1442079948749063
17825,0.1331076386729949
17827,0.061945369163041386
17828,0.15434038775884334
17831,0.10296204327352501
17834,0.13864346057236734
17835,0.2697542769474775
17837,0.12934362956213416
17838,0.16433282780624142
17839,0.1353473299392179
17843,0.16107163875175615
17846,0.33287301971497724
17847,0.1410087577090269
17848,0.15314507707681496
17853,0.07880828191071235
17856,0.14199838617655047
17859,0.13533580910449752
17863,0.06273629085370605
17868,0.0594369286691912
17869,0.12280013520269223
17870,0.17804486879367187
17875,0.06252895442626448
17876,0.14005950098318723
17877,0.15073612680908968
17879,0.17704156732295043
17884,0.14907898733303415
17885,0.06553929525599672
17886,0.059894354791153466
17890,0.15806027053237418
17897,0.08008959444105869
17900,0.0842030571213226
17902,0.15247314056113023
17903,0.15422344805568758
17908,0.15984876226405306
17914,0.15783385033733213
17915,0.14572951362576186
17916,0.059577482430622684
17920,0.15085351571727454
17921,0.163056524207487
17924,0.15840697434390177
17925,0.1157033733063848
17926,0.08821258740752796
17928,0.1956789110067608
17930,0.1288453556402274
17932,0.10813136351624099
17933,0.15124066019213192
17939,0.16153114643004748
17941,0.2561516410275685
17943,0.2169943279797363
17947,0.057055192253858994
17948,0.13469178175995872
17950,0.13803787860020622
17956,0.13568962220046935
17959,0.1357069993024493
17970,0.1732941315441002
17973,0.13296558341940556
17974,0.1522882791569491
17975,0.13898493149548252
17976,0.1596057371639242
17980,0.09636331287799914
17986,0.17922300284429316
17987,0.07377396509833918
17990,0.22322962707004154
17994,0.12994764506530473
17999,0.1351042348188203
18002,0.06623841079476227
18003,0.06263357309618274
18005,0.20583084096033086
18007,0.20826967645585162
18013,0.09848722338586856
18015,0.050006223734034086
18016,0.12266634583193714
18018,0.13360140915558025
18019,0.1424609827623232
18026,0.14564283529512173
18030,0.15683550206772506
18032,0.16526698251592148
18035,0.14015197056389272
18039,0.13970092662279046
18042,0.13281882808400058
18044,0.13536401302899728
18045,0.12964491847194765
18046,0.16011713442525108
18052,0.14375495854392137
18054,0.07210363766776642
18055,0.15016027396377374
18059,0.1137259656154712
18066,0.1365514577248788
18072,0.17634725149042182
18073,0.06092220345309383
18077,0.16312406785318778
18081,0.05394847323584697
18083,0.11727385279246404
18084,0.15851595373917665
18085,0.13414542698220608
18086,0.1318620461985447
18087,0.14610720277377967
18092,0.16540637317811085
18093,0.1093329199766233
18095,0.059790706463087095
18097,0.1320979207479571
18100,0.15706558638932383
18101,0.11557603535762742
18103,0.16073980773689095
18104,0.1671035139794413
18105,0.1283183641738455
18109,0.10924942079013567
18110,0.172929728605595
18113,0.17009455236794802
18117,0.06791226816023029
18119,0.14637422840296938
18126,0.19770909753727883
18127,0.06786630505653186
18128,0.04297190650376758
18129,0.1532089549027716
18130,0.12980797480425557
18137,0.3680351983773339
18142,0.14784398932058637
18144,0.05361297855493614
18145,0.11524253922592334
18146,0.14353244471178053
18149,0.18659154633398226
18152,0.054798498277245804
18153,0.19839057735594534
18154,0.15186396942037916
18155,0.14729087513098882
18156,0.1736697072113471
18161,0.1624037441308486
18163,0.0821314934528517
18165,0.06548314722718825
18166,0.14399360582093138
18168,0.153167205042538
18172,0.050280405392894856
18174,0.14515375287273274
18176,0.06614846146815836
18177,0.0892941149343935
18179,0.15565355451925975
18181,0.1603309324679616
18182,0.06026819218896401
18183,0.1421689027399126
18187,0.1341425846005066
18188,0.22388666348778044
18189,0.15343534847003165
18194,0.16248873022670224
18196,0.15437150526154628
18197,0.13144801684380042
18198,0.10060586910780771
18199,0.16192872368072067
18201,0.15989005144356477
18205,0.1393173704000255
18206,0.1446908174721397
18207,0.14375213107243023
18210,0.12717343469718173
18212,0.1283074080650088
18214,0.12943135495235297
18215,0.13701312018814985
18216,0.1554159282322858
18220,0.07341081450873202
18221,0.23909527340332792
18222,0.057517666346833835
18223,0.16987277556213062
18227,0.15916305123719396
18228,0.16856293710680412
18229,0.05959834414845645
18232,0.1698960433543871
18234,0.1477199524425481
18239,0.1459270191625013
18243,0.14241359774976428
18244,0.06692076694803692
18245,0.17629012642043343
18246,0.10885751420424974
18248,0.14932563147650918
18250,0.25344154347876857
18253,0.25643515632720804
18254,0.13556181931261055
18256,0.1396678821038176
18257,0.1395352564355662
18263,0.06584060673434566
18264,0.05211348805866319
18266,0.14648144590488338
18267,0.04523421678532633
18268,0.129384956444843
18269,0.16353852490120033
18270,0.1645618712061579
18271,0.24744522121750076
18272,0.11542549704094515
18276,0.1645453169163924
18277,0.06578270866675869
18280,0.12922427174695636
18282,0.07272371235383417
18285,0.15688159010766653
18288,0.3227980631448852
18295,0.05631124258433818
18298,0.1275773692933094
18300,0.12539891694393498
18301,0.14155522167946816
18302,0.11730236955643888
18304,0.07169525896566654
18305,0.13980288769222163
18306,0.2216479090561134
18307,0.06555448910164426
18308,0.06783082370760887
18309,0.1401307402139837
18311,0.14406895141653597
18313,0.15021992802198225
18314,0.1537990830366921
18318,0.1725562445287401
18320,0.2155248249114086
18321,0.12734411317889172
18330,0.15406933231167205
18334,0.13878590082146397
18336,0.05298566290851062
18337,0.1327456931303341
18338,0.11251601245619176
18339,0.1329349519206459
18341,0.22846402719570447
18347,0.0698553991604402
18354,0.06316278797614942
18355,0.06699709041573132
18356,0.14806769944106915
18358,0.13512310158180452
18360,0.19109331430820473
18361,0.13964219198861935
18363,0.16843229058119047
18364,0.22928200019286418
18367,0.1302566217726148
18380,0.049396473726923094
18383,0.12582865095892784
18384,0.12870686625491726
18385,0.15915566333873515
18387,0.3465050748777431
18390,0.14146994019377496
18391,0.1553704141505306
18392,0.14493006787016655
18395,0.32340462155954974
18396,0.17720311820762222
18397,0.1163625570458816
18399,0.16208449968000066
18400,0.22953878786923376
18403,0.1694808224675322
18404,0.13690691671762614
18406,0.12051687445692424
18407,0.2491312462122692
18413,0.14048670152241546
18415,0.14757976548725035
18417,0.1738464588438602
18420,0.06276498298948682
18422,0.1213243266529137
18425,0.06617880612522661
18426,0.36991784385445786
18427,0.043940489056761886
18428,0.145497519405362
18429,0.14632425146249523
18430,0.1274797395422514
18431,0.14163138796302305
18432,0.17181138431129442
18433,0.373729430207655
18435,0.1527067127467361
18436,0.10592026971505832
18437,0.061184475873586976
18439,0.12001315631246297
18444,0.14591162390310186
18446,0.14553472446172283
18448,0.1652203088597804
18455,0.08714493340475568
18457,0.123940186271778
18459,0.17796097750759388
18463,0.17027422549400645
18464,0.14145773793934915
18467,0.13650043604146983
18469,0.15571300570852178
18471,0.058829539564861505
18475,0.13367267502177277
18476,0.05861602424072485
18477,0.12436969909583401
18483,0.14376083010127555
18488,0.17725505481761408
18489,0.07139167596077214
18490,0.12808695079283214
18492,0.27751221540972026
18493,0.13899360542836775
18494,0.16090444093787534
18498,0.12416260697308011
18502,0.13683310699676926
18503,0.06951828502664578
18504,0.15877991279943002
18506,0.13344757887080605
18507,0.15419545398735313
18508,0.1432873912690154
18512,0.13951036820615106
18515,0.04631442644768011
18517,0.14797983328623926
18518,0.14712388485981862
18520,0.14688905115645062
18521,0.12255123687648171
18522,0.15314247182177276
18523,0.1342476853647428
18524,0.0714877467201514
18530,0.13365314904704334
18531,0.13716831535862478
18532,0.0733095322894675
18533,0.14290382459269937
18534,0.170825695833575
18540,0.1418442739722603
18542,0.13542661171295628
18543,0.13409164180113534
18544,0.1534801267242627
18547,0.15080681220560105
18549,0.06689277971166376
18552,0.1350977848274833
18553,0.16416030840338944
18555,0.14109913630996515
18558,0.15378305329297542
18565,0.0641372825809528
18568,0.23548832261755778
18572,0.12350828594283932
18575,0.15108876167610868
18576,0.16500393536241223
18579,0.13636376744864193
18581,0.15817049511692224
18583,0.08379139215074374
18584,0.06908485843671458
18585,0.0666984783031032
18590,0.06266116850021354
18594,0.1384714011739035
18595,0.11804637647743184
18598,0.1287259138803519
18600,0.19384863657811718
18601,0.311093388531774
18602,0.12846551633893433
18603,0.23490553031697944
18604,0.057029609839565336
18610,0.1408638088552416
18611,0.15583286143088884
18615,0.1646453391341925
18617,0.126553136731603
18619,0.15950783416483913
18623,0.057559516408906795
18630,0.11969713778542074
18631,0.15455712000853744
18632,0.0525000897616752
18633,0.12421783309523743
18638,0.15221752344987333
18639,0.11455107223953381
18640,0.1354490482027841
18641,0.05181940497130709
18645,0.16975440205277223
18648,0.1059586467508457
18649,0.1334502463657525
18651,0.11325320072328145
18653,0.09239340760229095
18656,0.17517586860327136
18657,0.13141257669870296
18658,0.1513899542955607
18659,0.12342153450221721
18661,0.1501602131273036
18663,0.21954691448732844
18668,0.15290810329606527
18669,0.13611413251728285
18671,0.14558950846590044
18672,0.10259004509027077
18673,0.14880789679322118
18679,0.15186651577179605
18689,0.14725482029095535
18690,0.16117391765731304
18692,0.15701273647506214
18694,0.14777456352626842
18695,0.16228423809016868
18698,0.13611843333426862
18699,0.10933168380105333
18704,0.147253151359708
18706,0.3182564699941054
18709,0.12868609436535114
18712,0.16125098349665812
18713,0.1796824511570098
18717,0.16065641032589978
18719,0.3768238420007664
18724,0.12194974515819702
18725,0.06968505478436672
18728,0.15118737416697034
18729,0.1328130205564109
18732,0.07746518871998034
18733,0.1400885143825404
18734,0.07228887009056854
18735,0.15358298377610236
18736,0.14594864000853916
18739,0.11924873172330117
18740,0.1512906946685873
18742,0.15753047275503856
18743,0.23609955757894532
18749,0.05620416335053268
18750,0.15172163623358376
18751,0.1281845062606668
18755,0.1288312136123885
18756,0.0724314145969651
18759,0.15500414613018498
18760,0.07327187014146516
18762,0.16669484514222083
18765,0.15699984017485832
18766,0.10798131905173626
18769,0.12397322441248926
18772,0.15232421469393878
18773,0.0884615101680643
18774,0.14570076690981545
18778,0.14408176943492562
18780,0.06812786557587636
18782,0.14455793762563834
18784,0.12944391766736704
18785,0.15411296179257117
18786,0.14575458486765594
18801,0.08508010577067733
18804,0.1359821342364041
18807,0.14019397903441738
18810,0.2249327440489684
18811,0.1253733718121184
18815,0.13197261285957768
18816,0.16382706807599978
18818,0.1575375132931371
18819,0.16659345435290368
18820,0.17405681975682502
18821,0.2449294985717889
18822,0.1718632764907036
18825,0.15142255252943035
18827,0.24552947682543058
18831,0.1495162932627819
18832,0.1560076677139782
18834,0.2292557055912781
18836,0.11580725554526014
18837,0.13858932725680898
18840,0.07154266681145204
18842,0.10231396230593945
18847,0.14296031550805433
18849,0.13554750228380202
18852,0.13584807651769606
18854,0.16646908706010663
18855,0.14459661494629816
18857,0.13395868506189273
18859,0.16470550727350905
18860,0.176268155797808
18861,0.15690949123840683
18862,0.06836512390481475
18864,0.12614351275343785
18868,0.11850664550018765
18870,0.14235325019566963
18871,0.06560968638569917
18874,0.1355911550161457
18880,0.17787466067010377
18882,0.11893697274739756
18884,0.13571196294389778
18889,0.15971721976653763
18892,0.1640388053052793
18894,0.23836149579181196
18895,0.15505811324076899
18897,0.16704981503124655
18898,0.05831138317387919
18900,0.18125385435301955
18902,0.1616630118636875
18907,0.1537393258268974
18909,0.14432526731775067
18910,0.31762649687381955
18914,0.14688098733833643
18917,0.1199385612890734
18918,0.12812614370185135
18921,0.2601917526326077
18924,0.14779145152654846
18925,0.1257370269552777
18927,0.15953729492080565
18928,0.05662402732790397
18929,0.1260576714484695
18930,0.13424557746602342
18932,0.15066442513241884
18935,0.06570936592003052
18938,0.09231888999834967
18940,0.11879839240699228
18941,0.1533161427224605
18942,0.16421080294778195
18944,0.0669050574296244
18946,0.149566731816883
18949,0.12915165058842235
18954,0.06619957293358415
18956,0.15569346896581254
18957,0.07613268592488323
18959,0.1565653949363498
18960,0.10163594884617708
18962,0.1577772152079712
18963,0.1650277576273086
18964,0.2736285441375343
18965,0.14828390490484766
18967,0.1145326176017056
18969,0.1387348955629795
18971,0.22202002942053362
18973,0.1565308826386108
18977,0.12351755010202961
18978,0.1705625125235085
18981,0.1548906982451449
18982,0.07329194026406764
18983,0.14413612661660488
18984,0.13872025638579186
18985,0.13124070783721334
18986,0.16252960306030298
18987,0.12963786873147717
18988,0.11777677480231348
18991,0.0716108097232172
18992,0.127426939181162
18993,0.1367811672850194
18994,0.2604716529444699
18995,0.13632420794057304
18997,0.13910635384573478
18999,0.13188071664746273
19002,0.12236787489664426
19004,0.12837933809717306
19005,0.1173861339703989
19007,0.11087491867047096
19010,0.14459877813333383
19012,0.13713068729215588
19014,0.1247793422930803
19016,0.13965617282486617
19017,0.17619155524353383
19018,0.13863483984692637
19019,0.1466979592721957
19022,0.19779919373061838
19023,0.2739045555102498
19024,0.23382243449517748
19028,0.14608482442736406
19029,0.05817899155693462
19030,0.065428367017494
19031,0.1636044904923019
19034,0.1616486532059317
19035,0.05241161989214492
19036,0.1441467731944874
19037,0.14560174646743423
19038,0.1542203294555774
19040,0.06581598703264133
19042,0.2322809741838403
19043,0.12221444337181357
19044,0.11775796679213198
19047,0.23610911950841668
19048,0.1692963570088305
19049,0.14574087002967512
19051,0.14856828858242452
19053,0.13624124829660733
19054,0.2646050254892643
19056,0.12970103101216698
19057,0.15697603662217954
19058,0.13972201428448283
19059,0.10929829613225275
19060,0.15264317057423143
19062,0.16447283660505266
19064,0.15885931085755337
19071,0.23992163200533467
19078,0.12627130912025775
19079,0.14043463301242945
19080,0.11377384937338653
19081,0.06437917957722429
19085,0.1574114941278153
19088,0.1454728388389238
19089,0.16740854085865306
19090,0.14826334715557743
19091,0.24838382143001544
19092,0.1311590698982571
19094,0.14121830574315122
19099,0.17315370000278646
19100,0.14654187973080632
19101,0.07261124105426771
19103,0.15901484513462671
19104,0.15286568414916069
19106,0.14826040592680972
19107,0.23664805031466285
19108,0.16636479979022226
19109,0.06050212264648773
19111,0.14000238988011998
19112,0.15994119685476446
19113,0.12283910259906569
19114,0.16563163798411207
19116,0.17518300466522937
19117,0.17814281299436205
19121,0.15096139467920971
19125,0.2303513022320539
19127,0.2001382908912094
19128,0.14119012610138856
19136,0.13228190864542877
19137,0.13109899211193757
19142,0.14726197396496812
19143,0.1301095306394536
19144,0.14846059494213282
19146,0.1553732753866135
19147,0.12583933288603757
19152,0.07916573804734961
19154,0.0552139004700327
19157,0.1413323111039867
19160,0.1345097536577346
19161,0.07181462474834868
19162,0.2344018215050926
19165,0.059799019901722754
19167,0.06057193738500605
19168,0.16797124341720196
19171,0.08286583867164844
19172,0.059290997467157165
19173,0.16011555950555584
19174,0.14649597874211825
19176,0.13710072878210816
19177,0.12930441384278535
19178,0.06144032016241278
19179,0.23576408365924464
19180,0.1900504798341585
19182,0.16202809483715427
19184,0.15648837535686522
19185,0.06856429628305805
19187,0.06296716317057026
19189,0.25392940140693476
19191,0.11214580912256294
19193,0.1393074661448113
19194,0.17175538859082315
19197,0.18729936039538567
19198,0.13842761750969707
19200,0.16752772247126277
19202,0.05671993317864456
19204,0.11076704436011793
19205,0.1338825392494523
19206,0.13752656831113227
19212,0.05662165653308159
19213,0.14146792617815757
19214,0.37360996820342857
19222,0.17520377018494993
19223,0.16113160721517675
19225,0.22644069822385993
19228,0.15241073718238674
19230,0.37646682320939484
19236,0.14523978059531076
19240,0.14468432309322243
19241,0.1645748475542821
19242,0.1383211041508728
19243,0.2875514040744519
19244,0.13932905892699954
19248,0.12882765560279816
19249,0.14714865252597636
19250,0.1416599832476244
19251,0.15695289352104846
19254,0.1613376511844691
19255,0.14925385868768082
19258,0.1716597303680563
19259,0.1514596474802828
19260,0.2365364819523574
19261,0.1282545425206009
19262,0.07684123148074029
19264,0.13656290746723612
19265,0.14894936648002122
19266,0.15758033063002494
19270,0.13822718665875325
19271,0.13631636653585386
19274,0.15246540892846316
19275,0.15710861596898967
19276,0.09873615436473433
19278,0.06831610721587224
19280,0.1298601800502271
19282,0.1649630781813344
19287,0.1664984802711563
19288,0.13025934244706852
19290,0.1571337545643869
19293,0.16367375560257205
19295,0.22937656932201997
19298,0.18443833662001372
19299,0.20780247204876823
19300,0.055326543386612574
19301,0.13142854384617372
19304,0.14256973893883795
19305,0.16437982905501866
19306,0.11872112048556516
19309,0.16138237004990913
19310,0.1364041537425176
19311,0.2343020958926588
19313,0.17339850207425497
19317,0.13848772334850998
19320,0.16448910067251787
19322,0.054816050820976424
19324,0.17461916949134648
19325,0.15623463863638146
19326,0.13932500720041263
19328,0.15411939557763138
19330,0.15694854364076188
19331,0.3624723612183212
19332,0.15421023827224725
19334,0.15403903268574312
19337,0.14897058938782518
19338,0.14382736384642317
19340,0.11052470720502724
19341,0.14252183544668395
19342,0.14873293116840322
19343,0.1616382645369639
19347,0.3279897736300529
19348,0.16940926428993722
19349,0.22324848398875222
19354,0.1629971862211617
19356,0.14898814241003328
19357,0.14098721907240463
19358,0.22750387841178485
19361,0.09734963226377685
19362,0.1402779821896048
19365,0.14292910962875058
19366,0.12631104320680722
19367,0.15225524176074964
19369,0.13490365070837632
19372,0.14561392886948069
19376,0.05515535873360831
19377,0.1547473748936209
19382,0.06571570806890698
19383,0.24717063033057324
19384,0.1698712102560631
19385,0.13085332030346403
19386,0.1590943659713893
19388,0.15102617104440796
19392,0.14766623963693584
19393,0.1608462834539831
19394,0.13211503998617016
19395,0.22852090051013504
19396,0.149830520915982
19397,0.1095016519741137
19399,0.15955471098565804
19400,0.15213088055354737
19402,0.14352776996016922
19403,0.14906092058721448
19404,0.12935439817208577
19405,0.13074891621653112
19406,0.13360740662071038
19408,0.11798936197899029
19412,0.17236416692899229
19414,0.13837349636953314
19419,0.2474321284301732
19421,0.15878629425146884
19424,0.12192530195631957
19429,0.36054510461555483
19431,0.1495509612365043
19432,0.14985425011476108
19434,0.060303746405758404
19435,0.14341719057189242
19436,0.12110699601794468
19438,0.12791079025933394
19439,0.23935048425764144
19441,0.054677434222872086
19442,0.05900273948070188
19443,0.1373078986540096
19447,0.11394867092063429
19448,0.12539436468168344
19449,0.10754822283623634
19450,0.15248440583865028
19452,0.15561622526571836
19455,0.25684565194754794
19458,0.14111928490388148
19459,0.16189329356792959
19460,0.14773324447140873
19461,0.05523554589747836
19462,0.13966038931563685
19463,0.12368257167938344
19468,0.1590315772435368
19469,0.05859088401160328
19470,0.3455764136323666
19471,0.2376441085802107
19472,0.13688923773095335
19474,0.15389518105080457
19475,0.13166600819744848
19477,0.1474721678229503
19478,0.14266202378715329
19479,0.26711727795400697
19482,0.13964787653149635
19484,0.26151026235595776
19487,0.13340121623378046
19492,0.13083483615023933
19495,0.127988900818631
19502,0.14430621210412206
19505,0.11961568550294024
19506,0.12864693260925922
19507,0.12273194041488492
19510,0.13046546653321156
19511,0.3874459528446844
19512,0.06558176755558133
19515,0.15963161398083575
19520,0.18691303771069986
19521,0.1559524866885312
19526,0.1663511881320857
19527,0.14294409243060793
19531,0.25903959192878234
19532,0.13489584469765117
19534,0.1562935161705775
19538,0.1577673983302526
19539,0.05732473164966407
19542,0.10807337495176347
19543,0.11759200757439327
19545,0.16127631135149834
19546,0.15380196837464902
19548,0.16668132922611584
19550,0.16511978021336235
19552,0.14352910763079563
19553,0.05340075525345677
19554,0.12480541010443638
19555,0.14460975255819594
19556,0.15062184154232347
19557,0.1362322249673243
19561,0.14364943019379095
19563,0.14877399687971687
19570,0.12891091763425516
19572,0.15875647026018694
19574,0.23770768158229666
19578,0.13675176316788695
19579,0.16031017584740906
19582,0.19131071681845774
19586,0.07455606593097087
19587,0.1101231295312727
19589,0.11515875513111894
19590,0.059931725776799845
19592,0.13584039923569424
19594,0.07705860282399996
19596,0.22590552082712048
19599,0.13525882859889968
19600,0.12728906534873677
19603,0.10957269765174987
19604,0.1228023435789176
19605,0.1678603551185768
19607,0.10657332761679272
19616,0.06643252043703228
19618,0.06387240555180786
19619,0.05351299369906734
19620,0.13685270442826492
19623,0.13550983377185302
19624,0.17891728860789355
19625,0.16303568624362924
19626,0.18117991285900023
19628,0.1634114844760472
19629,0.17088552730067946
19631,0.1267284779095626
19633,0.15093776692979705
19634,0.14214991093509083
19635,0.24501033196856886
19636,0.149957228722846
19637,0.12562600093251822
19639,0.15573143900318034
19643,0.16150098948915945
19644,0.1549746655179454
19645,0.1749739303808735
19647,0.17065064665424395
19649,0.15827252736194672
19650,0.1345141020634713
19652,0.15359337281312244
19653,0.20889539771902796
19656,0.13488057064727482
19660,0.16339601050096036
19663,0.15656573545544736
19664,0.17182322753775614
19666,0.13404242862330346
19668,0.14010758035629406
19671,0.12446711129776519
19672,0.14897850945485666
19674,0.22176339867513878
19675,0.14896654260439213
19676,0.14330495762598086
19678,0.1592567328677566
19679,0.14701377308184035
19680,0.1870863537392278
19681,0.15872670096657107
19682,0.1242151515587918
19683,0.14158937881638692
19684,0.12356571139825615
19686,0.14366959861635428
19687,0.16580849700591474
19691,0.14577194358597334
19692,0.13917382060651978
19698,0.20437590355782853
19699,0.13488542083351704
19700,0.13351881889690903
19702,0.13598202323593692
19706,0.15544357041755805
19707,0.33342645614333166
19708,0.11691907074742536
19709,0.17133190873563284
19710,0.11907470870623885
19711,0.14870914299475615
19713,0.0895320707589655
19714,0.143429650525731
19716,0.16767211345768016
19718,0.11302174690375168
19719,0.17022859855453626
19720,0.1066712230399879
19724,0.05429032254542402
19726,0.22709028629353564
19727,0.15278379589257313
19728,0.05960208487347475
19729,0.13713746335097454
19731,0.20363685788074795
19733,0.1626180014663332
19735,0.13454881606467986
19736,0.17094917014846267
19743,0.13396341455161653
19744,0.15683496940772984
19746,0.11770244693079308
19748,0.1417317954670561
19750,0.16049574933678712
19751,0.21991242789256496
19753,0.1294524818271814
19754,0.14875745357965955
19758,0.11712975529085633
19760,0.17065275202816513
19766,0.07480877460524656
19769,0.04719527238890343
19770,0.16726335092712769
19775,0.14385023016817358
19778,0.11676534560730834
19779,0.05186811135264302
19781,0.13788595038179843
19782,0.3428528922464452
19783,0.1266267035451938
19784,0.05389875337046206
19785,0.2547712685964316
19788,0.2587167064822794
19790,0.14801954588053515
19791,0.0630848553630082
19792,0.05709340360194195
19793,0.1412877978057971
19795,0.11055785706666728
19797,0.2591503647930318
19802,0.07058785240597998
19803,0.16510489561332856
19805,0.14880697136764365
19806,0.17450742004654068
19810,0.1556809599734698
19813,0.07055021369781458
19818,0.13106914115867505
19819,0.17387949131168523
19820,0.18070790502859332
19824,0.17673916576783288
19828,0.11538276782228198
19830,0.14763370900359862
19831,0.2580845455015053
19832,0.06802213216177833
19833,0.1727339481767528
19834,0.1454085637352015
19835,0.141451664456492
19836,0.1409550202311961
19838,0.13382705277695572
19839,0.1577867140766892
19841,0.14691145392049237
19843,0.12291032102170017
19844,0.136898012261777
19845,0.15133873269026485
19847,0.24167318268160884
19848,0.17074832181464503
19851,0.2031808537090797
19853,0.15191311755945014
19855,0.14246460894982838
19857,0.14863298810672115
19858,0.14506535354471062
19861,0.05959366853888005
19867,0.16810773082212704
19868,0.16130478605443996
19871,0.12975873982568933
19875,0.1644252816241442
19878,0.13000628024786948
19879,0.05730065747659133
19881,0.16699728479815754
19882,0.12645814287092888
19883,0.12015730012084067
19884,0.2621632052125659
19887,0.343158965689101
19889,0.14900209322284177
19890,0.15721290954918615
19893,0.222900117090346
19894,0.2750990275494114
19896,0.14685074971246573
19898,0.3525142353253805
19900,0.25217886090427594
19901,0.1584164491789618
19904,0.15892152959511577
19906,0.33849294396267104
19914,0.061583745909201994
19916,0.058001046687044804
19920,0.24540375364583222
19921,0.06277935096314868
19922,0.11559985357406732
19924,0.25843167606329037
19925,0.13942809096357775
19926,0.1713564104905109
19935,0.06293397006277705
19937,0.1287081400356035
19938,0.13407724716215919
19941,0.15031884357327882
19943,0.12148337714758635
19946,0.15531472359351572
19949,0.0679202073506518
19953,0.15760229804973255
19955,0.17082233094916296
19957,0.16433259522354093
19958,0.16088177886840624
19959,0.13393373293769834
19960,0.12405760158884754
19963,0.14486694477474604
19964,0.3330750443803662
19965,0.15445299966669518
19966,0.1605289719824645
19967,0.12739859787450875
19968,0.17249698729269738
19969,0.05121273656073024
19970,0.07847234295768492
19972,0.10994209324579113
19973,0.13624273028227055
19974,0.11122638702277479
19975,0.14681831888570085
19977,0.28300272663290155
19983,0.06696627833427561
19984,0.08566263199082792
19986,0.268085981607294
19987,0.15276510586519812
19988,0.1368794919480697
19989,0.11536819203850933
19993,0.11707791506472821
19995,0.10981166218745067
19996,0.15094369495678644
20001,0.16431872060447078
20003,0.13208897125666924
20004,0.14631623541261107
20011,0.29056854507340374
20016,0.2114518898411275
20019,0.15878266203969882
20020,0.11487563140163744
20024,0.15663802565238852
20025,0.2578945992778698
20027,0.15904079150982134
20030,0.16250577002185732
20031,0.055338965666579275
20032,0.13399502356208032
20034,0.16498878236655998
20035,0.14745259331735977
20037,0.07300340030830446
20039,0.13774124049692993
20040,0.1454115704823992
20041,0.1359093428069683
20042,0.17891079705277402
20043,0.17364011275767494
20045,0.1308592457526499
20047,0.18459134987774536
20048,0.23272699974448574
20049,0.15151478976613808
20051,0.2665397554596688
20053,0.1518909678235332
20055,0.16442519789208823
20057,0.24035725035754088
20058,0.16821646301352933
20061,0.14609824106400793
20065,0.15080854278413844
20066,0.14200214503257041
20067,0.15645114884831318
20068,0.05863615043980643
20070,0.18284430895074724
20072,0.13557019210246538
20073,0.161629980516871
20075,0.18420074495070168
20077,0.2324583961453131
20078,0.14003611161330273
20079,0.15403243316918844
20083,0.12544437368131722
20084,0.10842043100518543
20085,0.1414926729864183
20086,0.06971070680202152
20088,0.13518876932545257
20089,0.14401879863006417
20090,0.07694310356398373
20091,0.29765533154359913
20094,0.16640148255642181
20096,0.1501228187388248
20098,0.11032677748114798
20100,0.14046897901082894
20102,0.19059966994407582
20103,0.17026594382745866
20104,0.16629158158065885
20106,0.13335687992475614
20108,0.4092302865611067
20110,0.1273297519367224
20117,0.17630350599384972
20118,0.34855131510239484
20119,0.14384894473495516
20120,0.24794960864187024
20126,0.12518062807631788
20127,0.14026987541264785
20133,0.10581319080654947
20138,0.1308190155678899
20141,0.14323119317638003
20145,0.1669270812202172
20146,0.07145795085432761
20148,0.14931820069049262
20150,0.1590344794403749
20151,0.14993482298069175
20152,0.16229560146204705
20156,0.12209963693186074
20158,0.15595047766806838
20160,0.15379413412228046
20161,0.07189887364620745
20162,0.1318916765665579
20164,0.1778471757535564
20167,0.10174179219012043
20169,0.1524950913804882
20170,0.16798140518911048
20171,0.14206751117855204
20172,0.05344730013888295
20174,0.12364744533747847
20175,0.15149247182492723
20178,0.13998740842223548
20181,0.14575823909476365
20184,0.06517177612998282
20187,0.2581289143478191
20189,0.148340372590098
20190,0.1565991092411606
20191,0.13984870181229775
20192,0.15373982355295532
20193,0.17013453796869069
20197,0.26287030823947377
20198,0.13976833989325912
20199,0.12561791225008312
20201,0.13892912470290808
20202,0.10881399077214979
20203,0.14829785240391316
20204,0.14414929487983108
20205,0.14127354504311182
20208,0.06178391205840103
20210,0.1477368046775204
20211,0.15557559168989735
20212,0.14890753808060908
20213,0.17003790962762386
20214,0.17319716108264446
20217,0.13220286341931628
20218,0.12527465982045602
20220,0.14638380645658242
20221,0.13936889110412698
20225,0.13455864499728945
20226,0.15888849201487107
20229,0.14564541963168925
20234,0.1661474417875072
20238,0.15373899006245195
20241,0.06971174100694326
20242,0.16221381935046683
20243,0.16200346096368815
20245,0.16544576210015285
20248,0.1452010899004001
20250,0.16655634772223232
20251,0.2438655708026596
20252,0.1529303905167271
20255,0.07590913800533088
20256,0.14677893821617446
20259,0.049438245316922876
20260,0.07621473419861075
20261,0.12195329098378302
20262,0.1301195041331412
20263,0.13215115140655911
20265,0.05667871273423615
20266,0.2591429623290132
20269,0.05749118092914358
20270,0.13940512712577696
20274,0.11781707842552848
20276,0.21195517333924815
20277,0.25275079645430315
20278,0.136286524738645
20282,0.1382995932715375
20285,0.14021993267669286
20286,0.15392653684636082
20287,0.07180308100594952
20288,0.2415865964419699
20291,0.23596797821565985
20292,0.07245336714591522
20293,0.15955300822440416
20296,0.17865535163144478
20300,0.14374913086595054
20302,0.12683797729570373
20303,0.16475838107174345
20305,0.17921652382255135
20306,0.1646201950924786
20309,0.12123701569061755
20314,0.2407911874888257
20315,0.14626771840642985
20316,0.14360625298489227
20317,0.128107549043032
20318,0.15070764128815128
20319,0.130977081588983
20320,0.16197024497464413
20323,0.1691856537705083
20324,0.06854436921922344
20325,0.06514214597285732
20326,0.06578779588236656
20327,0.13452765978393366
20330,0.12975268750486105
20331,0.15596647742346093
20342,0.18428984694729375
20343,0.1419461994229865
20345,0.1794883176222783
20347,0.06977299573093099
20348,0.13620012880548013
20352,0.111648271953413
20354,0.07089002108751602
20355,0.15390054479909973
20356,0.25169719461164874
20357,0.16468203591844716
20359,0.12973947957661508
20361,0.1586650724830463
20363,0.0639391940800249
20365,0.1403788780400188
20367,0.31516821995553024
20370,0.060933191289893274
20372,0.11608835208439815
20373,0.17250955981774185
20375,0.37409591010905496
20376,0.13768693932905182
20379,0.06759452031664279
20380,0.1466552353027212
20383,0.13773423938546508
20384,0.1763978521534406
20385,0.11313825995187718
20386,0.12602906404568845
20387,0.1577793600732202
20389,0.14372946971777525
20391,0.1503021179535976
20392,0.0869852799222179
20395,0.1424075884198353
20396,0.22663810527453307
20398,0.2767801983161147
20401,0.13714736013099674
20403,0.15392297578791236
20404,0.14148068091003166
20406,0.24683866002029678
20407,0.16192812352721428
20409,0.15220749017071608
20411,0.12700315324562705
20412,0.14690772185496567
20418,0.1493693775013114
20419,0.1307313556366446
20420,0.05819262576506392
20423,0.14664243703993088
20430,0.15829127296531142
20432,0.134872058715977
20433,0.348113161543231
20434,0.260798669912462
20437,0.13330036734652237
20438,0.17557200339944626
20439,0.13562579942261066
20440,0.13182651676903723
20442,0.1326995225104168
20444,0.24059730901411644
20446,0.12033547326653024
20449,0.1739781191742123
20452,0.13387872616414118
20454,0.14153709332453646
20455,0.15240654424535804
20456,0.13565582735717058
20458,0.15137195904112943
20462,0.15947090480832446
20464,0.1543062642440576
20465,0.13117962603797367
20467,0.15833990623562655
20468,0.05537334552337823
20472,0.1829156267799788
20473,0.0612726967841326
20475,0.131145306852967
20477,0.1623315469396129
20482,0.12440213041915694
20483,0.26868650982268455
20486,0.2252468570449281
20487,0.1766067836237762
20490,0.13836700998946108
20491,0.14152546179568296
20494,0.059094126897492896
20495,0.14942621102953763
20496,0.13339460657587845
20497,0.12427773091893365
20498,0.22886287054364837
20499,0.14432679439127638
20507,0.11543151591767249
20508,0.14592826415275983
20509,0.08202257972605251
20510,0.14523322530209648
20511,0.14124101892079416
20512,0.07242698418762052
20513,0.17735024502134794
20517,0.13751541694993485
20518,0.27663923498103876
20522,0.15634063244887006
20525,0.1407158751713383
20526,0.13172011432166558
20531,0.2320202366432375
20534,0.16367529097085315
20536,0.1333779901075704
20540,0.13816692380384865
20544,0.15600911911800922
20546,0.1599573468193099
20548,0.06286449155795033
20549,0.15464371227451423
20550,0.06150555255421461
20551,0.12397092613579824
20552,0.1543957082647529
20553,0.12835617598175364
20555,0.23721763589488165
20559,0.16375904295318877
20560,0.13655929099089278
20561,0.2597241982996466
20562,0.13030330286383138
20563,0.1567356927857627
20565,0.1603104981612157
20567,0.14694996298334478
20568,0.17172926496711635
20569,0.15377372999775307
20572,0.13543375150386472
20580,0.16068666032018722
20582,0.15812054229361894
20584,0.27638029985229734
20585,0.1599436280792707
20588,0.05430289428233174
20591,0.16815385261247054
20596,0.14050713532540665
20597,0.059160256234094204
20600,0.14009477537786835
20602,0.22305496186295143
20606,0.06668847864812467
20609,0.15688844961400863
20610,0.15824716987963605
20611,0.14777587799469127
20613,0.13467622213847405
20616,0.2195662423854151
20619,0.06252666945373839
20622,0.1684265313213546
20627,0.12783998331710658
20630,0.11323629125543588
20631,0.057295820395147114
20637,0.12129062612883978
20641,0.2471396431144399
20643,0.25693718668843984
20645,0.1686469241957202
20647,0.10399353322692916
20650,0.15602252507876255
20651,0.12822763209758653
20653,0.1745441112452343
20654,0.1506487419313806
20655,0.06316450241664968
20656,0.16839893875412404
20657,0.13862708911417623
20659,0.07034388024574315
20661,0.07111182636257853
20662,0.06457155678636095
20663,0.14661298420469843
20666,0.14838039687264326
20667,0.11415471422154522
20668,0.1545271195976331
20669,0.2661527269766887
20673,0.06359828640853726
20675,0.15874654138663938
20676,0.1994737169902068
20677,0.1396538768363525
20681,0.11156723529144755
20684,0.11737654389372694
20686,0.14983114883251458
20687,0.14725853835341576
20689,0.13686239142500362
20690,0.16419177455181638
20691,0.13830572523686366
20692,0.14103175906533716
20694,0.12884536761826362
20695,0.16989952735074404
20696,0.07266003590307814
20698,0.14606951186126133
20700,0.17936407305449614
20703,0.1416387435826742
20704,0.3679266213888298
20705,0.1436777964310032
20706,0.10835142647449517
20707,0.14902523484324784
20710,0.30455961896659145
20711,0.12290641087118723
20712,0.0800328375360209
20713,0.1464136617234981
20714,0.1574470370128506
20715,0.14344808298535625
20716,0.1718438190653539
20722,0.1450975054730098
20724,0.17696981295509254
20726,0.2420347841856431
20728,0.16720306806590463
20729,0.2582714916622728
20730,0.15281115285485933
20734,0.14508880767340662
20735,0.05981984586799535
20736,0.1391023946661841
20737,0.1138159453389012
20738,0.15191454893694745
20742,0.24616914566928202
20743,0.06620828787942117
20744,0.1402208110199138
20745,0.1434487091706707
20746,0.1640471854571672
20751,0.08076057851758511
20754,0.1313266610542977
20756,0.23829057816421612
20758,0.13644028204641753
20759,0.1390568869241127
20760,0.1282335679254859
20761,0.19712104687532864
20762,0.1258025060134702
20763,0.10498742484205731
20764,0.13656147510910024
20767,0.2814170875456158
20769,0.0820300327944533
20770,0.1659585516860212
20773,0.13698493630746778
20775,0.32345475535056606
20776,0.11720636572740253
20777,0.2339857619226653
20778,0.0620710443506135
20782,0.13880089760796396
20783,0.13184982214400442
20784,0.11302823996907353
20786,0.10272949769315033
20787,0.14696519043596665
20788,0.1420614562420374
20789,0.06861243650330028
20790,0.06414907877020248
20791,0.1667709757707544
20800,0.2521138786847809
20801,0.13381973461138705
20804,0.1488324766161862
20807,0.20218412940266348
20809,0.06550354288075119
20810,0.35536719183034365
20812,0.3593868466338943
20814,0.13753796845811944
20815,0.13729754573908273
20818,0.05457271280111523
20819,0.1770519419650486
20820,0.16416002556224182
20821,0.13993519370368643
20823,0.15411810652252647
20826,0.17111386754518215
20827,0.32919007377882886
20828,0.15480258901431607
20829,0.13272781383551366
20830,0.16684583555253282
20831,0.12444638748711463
20833,0.12914069616078372
20835,0.07632812863995588
20836,0.14391637135728552
20837,0.17556377649292745
20838,0.1459476036571074
20841,0.16865003752084076
20842,0.12036601072167269
20843,0.13264610511304756
20844,0.11360670916129774
20845,0.14255920002109795
20849,0.2435635283984514
20850,0.12167077934728579
20851,0.15426153041751867
20852,0.1582054881261662
20853,0.17216845870172565
20854,0.14516111704664375
20855,0.1394611989190232
20857,0.0675294168080596
20859,0.1711274505930133
20861,0.15222152154798643
20863,0.15716349790765052
20864,0.26890142980512666
20865,0.14299968049150094
20866,0.08501655350062966
20867,0.24898455298243413
20868,0.2315962738738841
20869,0.17093580256575286
20872,0.17608773814396766
20874,0.06243487597410506
20875,0.16410758884545096
20876,0.13595236841735303
20878,0.15742583096609597
20879,0.14570128044076852
20880,0.06228036375964905
20882,0.2497100525119857
20883,0.22816589470865925
20885,0.07516369032117268
20886,0.1647032501553707
20887,0.07702755566918314
20888,0.1639998690225778
20889,0.13704780666020835
20891,0.14688175855322866
20892,0.16005234017934628
20893,0.146410301233035
20896,0.13398742089521398
20897,0.06688585587694426
20899,0.15217640124197587
20900,0.2633150316992123
20901,0.13500287019938123
20902,0.15634843876771934
20903,0.10416910812584607
20905,0.14341263524359812
20906,0.24235075056720273
20911,0.15183563739698855
20912,0.17151291151178
20913,0.17392427927767498
20915,0.12994815162036813
20916,0.16580301485638776
20917,0.3529593498168382
20921,0.13116268153284508
20924,0.13844890000202392
20925,0.16514186900390063
20926,0.16721360464640972
20930,0.15570953979139182
20932,0.15110553237681365
20933,0.14572624877395576
20935,0.1580511197757007
20937,0.10327861660793544
20940,0.17414232226272078
20941,0.047806155968701254
20943,0.12424280376377969
20944,0.06663139379998398
20946,0.10025447438929198
20947,0.14285695733508696
20949,0.14925816426630908
20950,0.1189428906131574
20955,0.1301532452695161
20957,0.16043302972604515
20958,0.1591497617509592
20960,0.16949749649499743
20965,0.2298997069230655
20973,0.2547887832169541
20975,0.12904484221708734
20976,0.16459961807086063
20984,0.16771869179376037
20985,0.14183812218153727
20991,0.2747569879941451
20994,0.08189509864717498
20997,0.15724497962147593
20998,0.15330231778573059
21003,0.16573968171966413
21004,0.15911993814885117
21006,0.11863030668070366
21008,0.1216889495769418
21009,0.06726394706820538
21010,0.14051914269031013
21013,0.24985363729261426
21014,0.17263068685698577
21016,0.15445918032870912
21017,0.13404056824967733
21021,0.05365705951066231
21023,0.13688329441351593
21024,0.14736158754342485
21025,0.12525662296832468
21027,0.16141990605068504
21029,0.0884159188335405
21030,0.07533976139504578
21031,0.06353144049582024
21032,0.17004939342763975
21033,0.159826624329155
21034,0.22377599549613236
21035,0.05848208420456767
21038,0.15141305536022462
21039,0.11952641940689747
21042,0.15094901876339817
21046,0.13229094638547997
21047,0.14650593542978851
21050,0.06960505744824216
21051,0.23178399115462237
21052,0.14716458936014026
21054,0.056964373088512495
21056,0.1980486390311059
21057,0.13277053345319578
21058,0.14090044980645255
21059,0.1158379072988014
21060,0.07747566741319466
21063,0.06963104775548615
21066,0.05827727792496407
21074,0.14878490090752225
21076,0.14497098244681927
21077,0.15333856266781587
21078,0.1260289399159434
21080,0.14480742270885458
21084,0.0637655336617665
21090,0.24646855845484186
21093,0.13320700200545849
21094,0.14771852911130168
21095,0.2292253033470594
21096,0.16376960883306416
21097,0.222806650397156
21098,0.07115895206157724
21099,0.150738170919831
21102,0.13700924760969593
21103,0.16795598685323243
21104,0.13650704385555676
21105,0.14550188885200688
21106,0.2103017353236329
21107,0.16904156055722533
21108,0.1600800786189874
21109,0.05968835383330427
21114,0.06422024448684446
21119,0.1436596250161885
21120,0.14014410174379274
21121,0.13362361871163783
21125,0.17658343780074795
21128,0.16093060125277012
21129,0.07517373856229165
21130,0.14106650795245984
21131,0.11496834634595772
21133,0.232501080472604
21134,0.14194242281326777
21135,0.14236676126557735
21137,0.1291710452751989
21138,0.13369071463407198
21139,0.07637647691959994
21140,0.16338594950982485
21141,0.13898362653660024
21142,0.1460959017725613
21143,0.15402291630671722
21144,0.1275567296364362
21146,0.10941513088672468
21147,0.16774435978981703
21149,0.15736884398737985
21150,0.12368182931449959
21152,0.2549852779965478
21153,0.16202743514294146
21155,0.08333499948287881
21158,0.12620219271214994
21159,0.14182947909650356
21161,0.1689236087691047
21162,0.1253852383227084
21163,0.14067917669522492
21166,0.13539819903863404
21167,0.18232307300410083
21173,0.12276225261797545
21174,0.16093437490721954
21177,0.1499989556453303
21178,0.1496424230335885
21180,0.23582706359870345
21181,0.06993426570804918
21182,0.07061915302433877
21183,0.16865132210734785
21184,0.1442054638453119
21186,0.14188450244319759
21187,0.23343384307535445
21188,0.14066530489515672
21189,0.16919310524502001
21192,0.1587996315840789
21193,0.15918328598502293
21196,0.07045550647648327
21198,0.1469551263155607
21199,0.1377298941583242
21200,0.15909625177731526
21204,0.17177148889446123
21206,0.14129747143014096
21207,0.13206471718350588
21208,0.1723160589404889
21210,0.13275160687050283
21211,0.06361861333780051
21212,0.1341081123078985
21213,0.1303119849947664
21214,0.14064809396224456
21216,0.24839437050684116
21217,0.07139924014519708
21218,0.1690382646337411
21219,0.2252676316366917
21220,0.13380731788677647
21223,0.2546236156861555
21224,0.16820497817174324
21226,0.2556722702029874
21227,0.12243743373924237
21229,0.06993518870586743
21231,0.17409228612980596
21232,0.1595042725788866
21233,0.15409701198360254
21237,0.14756661574400518
21240,0.13278649921608454
21245,0.24274496739682822
21246,0.16273687106184612
21248,0.1574432570651618
21251,0.12857985403262862
21252,0.13961899139465625
21254,0.14424454353149258
21256,0.1606111557718536
21257,0.14233871757421254
21258,0.1698731400947774
21259,0.25214579867200754
21260,0.16886119427926746
21262,0.1421893704026801
21263,0.18223827769778833
21264,0.18416851534439982
21265,0.133862484048845
21268,0.06722370537155135
21269,0.05530482058930073
21271,0.2624523815262754
21272,0.23811148446927557
21274,0.153201095388093
21276,0.11567677015870803
21279,0.1472248991430519
21281,0.1284533685362758
21283,0.21314752031940096
21285,0.10374876973579901
21288,0.13297618846125858
21289,0.20842341786140142
21291,0.13414832446842215
21292,0.06346456638927811
21294,0.17768936131918792
21296,0.14679179858422203
21299,0.14315495209582843
21300,0.14527786818117874
21304,0.07740181985069075
21306,0.07773960821212622
21307,0.12079829341087521
21309,0.1694495877200076
21312,0.14925261637817963
21314,0.15410117527690362
21315,0.3372633769840252
21316,0.12245371101659296
21317,0.1307432342416512
21318,0.09215889101491
21319,0.14933063772987798
21320,0.1583464138336937
21321,0.14304833761962468
21322,0.23273648665460087
21323,0.15154587785929582
21324,0.1334327570574171
21326,0.28073645371129896
21327,0.16051228176236002
21328,0.16230517967188718
21330,0.12814819065967137
21331,0.1467761641701746
21332,0.26378823410482366
21333,0.1455471154617413
21334,0.1530043478290529
21339,0.06451204812447559
21340,0.059307669088729704
21342,0.0557943993086839
21344,0.1582055215367371
21345,0.26015707376035885
21346,0.2722187962055135
21347,0.07833551928156009
21348,0.05019229025449945
21349,0.15432766123221917
21350,0.1528671312735702
21352,0.06503678657237821
21355,0.06877496177880069
21359,0.18180589544213938
21361,0.13610878322398307
21362,0.13367492890372262
21364,0.14414404075281295
21366,0.10348873053691846
21367,0.160494263737568
21368,0.1425550418328296
21374,0.2106325195849723
21379,0.12781763672754434
21380,0.08342322911330718
21382,0.1266633009472668
21383,0.10979840418841569
21385,0.15031353986782664
21388,0.17240145826765635
21391,0.15139596549659057
21393,0.13952474128670767
21394,0.25134912694326483
21395,0.15054120327769946
21398,0.16225162378647504
21399,0.05959057758288432
21400,0.1661258160673807
21401,0.1367970954462363
21402,0.24844172357700947
21403,0.22963658138520085
21404,0.062149551238413314
21406,0.15195399995608944
21409,0.1164681519548316
21410,0.1519027726505513
21412,0.1919600783047108
21413,0.1275747313592277
21414,0.16742287039243567
21415,0.14676857675791272
21417,0.0538779150629203
21418,0.1557469913924005
21419,0.10231814804100299
21420,0.1516066573510578
21421,0.2453347948254798
21422,0.1326514236441739
21423,0.07161746316512405
21426,0.1679629463557342
21429,0.06168480237388478
21432,0.14754302367680694
21433,0.14005623775519793
21434,0.14189628482095665
21435,0.15889312598064587
21436,0.0583717311083927
21437,0.22083587660072532
21438,0.1517517454074369
21443,0.171237728378651
21445,0.16511792418879456
21446,0.12007385679025782
21448,0.18289937378610246
21450,0.06090429113579437
21451,0.15426938908648105
21452,0.15528363267686543
21453,0.14669626491184537
21455,0.17397897559003678
21456,0.16461063279712893
21458,0.05780530160165422
21459,0.14769042818689368
21463,0.16568736925117747
21464,0.37077217900026754
21466,0.07499423362982303
21468,0.13570687799074965
21470,0.11699527903403378
21473,0.15740670879536042
21474,0.1371342095537326
21476,0.14671807365120346
21478,0.10881339880525055
21479,0.16234251176154768
21482,0.1377851475310046
21486,0.1250890900553416
21487,0.15079714673019223
21488,0.13330357641060328
21489,0.06569773503532059
21490,0.1531050651739589
21492,0.2861683221073187
21493,0.263348078929975
21495,0.15448304572182783
21499,0.15599702917659589
21500,0.12255491204762077
21503,0.15126842275746427
21504,0.18772293947077365
21511,0.06305154975319449
21513,0.1635719924358478
21514,0.06345616104750094
21515,0.25852658868450223
21516,0.1349779132897865
21517,0.0612435464703563
21519,0.12952624568066143
21521,0.14879727140953386
21522,0.2934527211122854
21525,0.08017625497604994
21526,0.22866865447583512
21527,0.1211081888246715
21529,0.1565385448318782
21530,0.09598286894482999
21531,0.2803014364206349
21532,0.24633153327509114
21533,0.11610450019284946
21534,0.17426141475430443
21538,0.09795410792795303
21540,0.1371593618800075
21542,0.1262738203966198
21544,0.1584730380128165
21545,0.08377256049606582
21547,0.14425273476117959
21548,0.13850887030355744
21551,0.1379720405783945
21552,0.14459143289081786
21556,0.12575284325305303
21557,0.1359851123839044
21558,0.12665819593053493
21559,0.2105626036444094
21560,0.10722604138575503
21563,0.07330733871093531
21567,0.16746183199518505
21568,0.14458107010073917
21570,0.07131160591418628
21575,0.13023459562585815
21576,0.3637831911720991
21577,0.06237685992647178
21579,0.12330062087212033
21580,0.061732992116995504
21581,0.12789848840916945
21582,0.1368889133653921
21586,0.15740428154226546
21588,0.17648440228767553
21589,0.1504993476665408
21590,0.13449299164676456
21592,0.1500881960053278
21593,0.17565683535000576
21594,0.1985651726603784
21595,0.08253175255507658
21596,0.16716015490691938
21597,0.14402936820797868
21599,0.14579380480761275
21600,0.05969925617211643
21604,0.06347731183458993
21605,0.1205902558430309
21606,0.33053697619889677
21607,0.16598521637134808
21608,0.17706329627035197
21611,0.06705317889296823
21612,0.26740208174203184
21613,0.14601344359150126
21614,0.15396052058111045
21617,0.15099095262335233
21618,0.15537160075666148
21621,0.13230139483963624
21623,0.1763583561920113
21624,0.1267923867532154
21625,0.38170583521244844
21626,0.14901374621443464
21634,0.14163373772791032
21636,0.15504826188593743
21638,0.15965953457063667
21641,0.14524424577262257
21643,0.1421752665944892
21645,0.06167834644162941
21646,0.058865803453354126
21649,0.1535864947039479
21650,0.141486700592226
21651,0.05650154934006869
21652,0.14465029724978898
21653,0.14953857570163975
21654,0.15904698849620394
21659,0.13407748343129838
21660,0.06203871741113153
21661,0.1292295028901242
21664,0.15376490677287724
21665,0.13097950706705544
21666,0.34956089120336553
21669,0.1481641300134478
21671,0.13782520004277737
21673,0.24490557243275834
21675,0.15110469913374666
21676,0.1276286916893437
21677,0.11240049338184584
21678,0.20346398368653448
21680,0.15850490024552297
21681,0.15564801318162108
21683,0.1199083297261126
21684,0.11866997207929937
21685,0.0535234706410666
21686,0.15486709381132746
21688,0.14543655223860677
21689,0.15688775098006386
21690,0.16596577932908055
21692,0.15325096042284592
21693,0.1502769614547629
21694,0.06368106646063187
21695,0.1356069819527422
21696,0.13649868333157536
21697,0.15503254021523147
21698,0.22271727937315372
21699,0.13892963536699823
21705,0.13474761811747007
21709,0.13435165939957197
21710,0.16088362147798135
21711,0.2857494541813002
21714,0.14698257711199514
21715,0.16784208460718353
21716,0.14414962231127817
21719,0.23871987105427478
21721,0.1778903747557721
21723,0.19425629344294235
21727,0.24116607611685145
21728,0.1262390500219732
21729,0.14722526575722333
21730,0.0569957517755975
21731,0.17762173157162442
21732,0.0866997547397166
21733,0.14884454311500195
21734,0.14509870499354366
21736,0.13475457818134887
21737,0.14980103504582198
21738,0.16622923640294418
21739,0.1675110296089309
21741,0.17541273850235195
21742,0.1447638377453531
21745,0.24080824384259178
21746,0.07328527754622857
21747,0.15662991688703937
21750,0.137695321679379
21751,0.1219947935603623
21754,0.15511867788589379
21756,0.16055736449868388
21757,0.157877305411521
21758,0.16738622393699323
21760,0.1283646787998726
21765,0.14033959116231245
21767,0.12556418445157153
21768,0.12956486309986698
21769,0.16112471495312558
21770,0.10121148659905514
21771,0.11036538052966764
21772,0.14312060648353522
21773,0.1494857759328776
21774,0.19258338182452417
21775,0.12392927542698542
21780,0.15274802503284565
21781,0.16636603301729844
21782,0.15510566483081037
21790,0.15889900374812693
21791,0.17673121514806647
21792,0.16431597368094356
21793,0.24435794569507754
21794,0.10830797496475678
21796,0.06015010258014937
21798,0.16179615553533885
21799,0.1371314734276499
21800,0.1491286947783664
21802,0.14835633360576522
21803,0.14912559905613038
21804,0.1573457820823431
21805,0.14155583326694515
21806,0.15534025218316944
21807,0.21150534722819017
21808,0.15103176402161456
21812,0.12474944214379223
21813,0.060067496656309005
21816,0.168604758637897
21817,0.11463039657461269
21819,0.14791746284003476
21821,0.06124055298093156
21823,0.16883533949826693
21826,0.14249013701930527
21827,0.14635601253799096
21828,0.1337166927065425
21829,0.1258116651211037
21831,0.14179557905460585
21833,0.14474926864688087
21836,0.24692715885720717
21837,0.2005271615993269
21838,0.14968539477011883
21839,0.15928428018605717
21840,0.12557197496762393
21844,0.15304417141986623
21846,0.14637319269911944
21847,0.1589774548973049
21848,0.22347038414660284
21851,0.15856410689375838
21852,0.19932217231060864
21853,0.17297666422177113
21855,0.11882044257023001
21856,0.23315313229232992
21859,0.15324259950253402
21862,0.09897023238868859
21864,0.076930875604748
21866,0.26515544013539954
21867,0.14969386239834104
21868,0.15703535275360006
21869,0.14175272780740963
21870,0.14867627296860456
21871,0.1805304583820048
21872,0.08447367086121026
21873,0.24102102707476167
21874,0.1359704204725731
21876,0.13223576624520536
21877,0.2197425733079763
21879,0.16412561058490135
21882,0.26225233625285466
21885,0.14098949218171308
21886,0.09626857847115436
21887,0.13731199459922291
21888,0.18341614099311185
21889,0.15177372822381663
21890,0.15021426927113193
21893,0.15024565513889304
21894,0.13783618611530854
21895,0.11728441805968685
21896,0.2509389986423131
21899,0.2682293336960206
21900,0.1562129731125975
21901,0.14438913906757342
21903,0.15073724056709878
21905,0.1539984469351847
21906,0.23481631880648848
21908,0.09987988216514819
21910,0.1540323811206209
21911,0.1325422057893729
21913,0.1666103434542115
21914,0.1325131089359112
21916,0.13713630018593406
21918,0.06735258470459879
21919,0.1285120755916268
21921,0.1611779537130055
21923,0.13046781390589335
21925,0.06774769006720344
21926,0.1686224199381707
21927,0.1627510435794708
21928,0.13051548322705214
21930,0.14432486439858844
21931,0.1396967601262388
21934,0.16548477113379384
21935,0.15768392680168034
21936,0.3752060632282201
21937,0.13073886793640024
21938,0.2521883361700807
21939,0.3709120463665135
21941,0.13491380327132665
21942,0.140287289168194
21945,0.15535523063939977
21946,0.1248153019712704
21947,0.17486341671084482
21948,0.1577482334112992
21952,0.07111923636957102
21953,0.1631335299469269
21957,0.16077859924594765
21958,0.05600444690941633
21959,0.15414821401513246
21961,0.15051292527568658
21962,0.15334976247410773
21963,0.05076775843674173
21964,0.15100046224408337
21967,0.1807211471702556
21969,0.0596110493454613
21970,0.14945985279707844
21971,0.057575101091678
21973,0.2009725134293027
21974,0.12267788682695442
21980,0.1437260010627448
21981,0.06262503805864998
21983,0.1328945917417199
21984,0.1051084713353116
21985,0.13380511058067
21986,0.1641530336548958
21990,0.15680758947401385
21991,0.14191421146563835
21992,0.13170114546332892
21994,0.1556255511956999
21995,0.11540079671418885
21996,0.07252531106772003
21997,0.15185273148961215
21998,0.16532366190555686
21999,0.14101915054785102
22002,0.05892343463607531
22004,0.14038572174897268
22005,0.30337791825911653
22007,0.1477091405768271
22008,0.145555677469059
22009,0.1260816023059386
22012,0.34987801321173484
22013,0.1397500391519814
22015,0.07384672971717846
22016,0.14194595468251192
22017,0.05903477382052175
22019,0.23082581168179814
22020,0.1802725124628387
22021,0.05898667698774322
22022,0.1356395961478264
22023,0.16425197603595718
22025,0.19001795799919138
22027,0.16836411274985627
22028,0.05047141956331274
22033,0.13716846792329618
22034,0.18116087867020747
22035,0.14974492357543104
22036,0.13688564872068126
22038,0.04994597266996124
22039,0.1683831015849137
22042,0.2338737337256412
22044,0.12592127944000514
22045,0.15526998659143165
22048,0.270677175720089
22049,0.1329601352010715
22051,0.13988072778045388
22052,0.0793963252528991
22053,0.15160271327766298
22054,0.17009428805187687
22055,0.14089221904484464
22056,0.14271689826377748
22058,0.24523562772933916
22059,0.1612484128371528
22061,0.06862278898038585
22062,0.14481438362881116
22065,0.15206071191108655
22066,0.1422559054733672
22068,0.20397263458217216
22069,0.1472583975614372
22074,0.1898086638212299
22076,0.16071902324465717
22077,0.14168064375853862
22078,0.1468727035904525
22079,0.24745773992180398
22080,0.1472715513207589
22082,0.06000320297687852
22084,0.13226952102686887
22085,0.15005404746556664
22086,0.15248694587896597
22090,0.23680830603383704
22091,0.15392167443824903
22093,0.1375182385747293
22095,0.06043586448511475
22098,0.1375277777854223
22099,0.06360338419200845
22100,0.09586387981877532
22101,0.1756253699701674
22102,0.37285087986857274
22103,0.11787822912889284
22106,0.1469713570612666
22107,0.166013023289766
22111,0.14225356655413127
22112,0.2485092552620411
22116,0.08123339001933805
22121,0.2254282962494655
22123,0.0645326129669135
22124,0.0781673868517784
22125,0.13447602155266727
22126,0.16634389392404636
22127,0.10695600689007086
22130,0.14624976502275247
22131,0.18122068203988334
22132,0.06526605779685982
22134,0.26157637893920316
22135,0.16284184436934693
22136,0.23705638460325146
22137,0.18716318227035947
22141,0.16700533274896162
22143,0.14556424723445757
22146,0.1643950068300297
22147,0.128762185773785
22148,0.2500599915026959
22149,0.13817600271839625
22151,0.14911504325397287
22152,0.14843972905435107
22153,0.13139233516173146
22154,0.14154162898312858
22156,0.1914481225274393
22158,0.13190275880596486
22159,0.1824879758035721
22160,0.14814445058442283
22161,0.15661990247347882
22163,0.09639114466812901
22164,0.22736822820379873
22166,0.13099950988409398
22167,0.059083734152841266
22168,0.27482779353093517
22169,0.17630849240920735
22172,0.16089791047322752
22175,0.142591151665578
22176,0.06432265966926246
22177,0.12148786927479244
22178,0.2593807753052041
22181,0.16461498883184386
22182,0.13793792027868113
22183,0.06708408217102117
22184,0.1529819734712829
22186,0.35575592385188926
22187,0.16644349179059587
22190,0.183665340062844
22193,0.1378102042300495
22194,0.1365399171309182
22195,0.1677785284179683
22196,0.06688711568596103
22197,0.2203800261335457
22198,0.059779127541505925
22199,0.17385276191832344
22200,0.15047222816755695
22202,0.2581087693136956
22203,0.14388161135256888
22204,0.15143057986863284
22205,0.1271128794243349
22206,0.13520914542048482
22208,0.15378915104838017
22210,0.13287068696544954
22212,0.2624717454108716
22214,0.1589024740070295
22216,0.16978999393135058
22219,0.16300643971784962
22222,0.15981439522314875
22223,0.25481072430803264
22224,0.1617166248914292
22225,0.15550730522693754
22226,0.07218375518234767
22227,0.2523173876422869
22229,0.12381524465149868
22231,0.14640292595331958
22233,0.15450474219975296
22234,0.28182430801287256
22235,0.1146467320737111
22236,0.16143697537274482
22237,0.1872478095258498
22240,0.11227889703544812
22241,0.19183928891124288
22242,0.15908973382341146
22243,0.15036129163649234
22245,0.18249892039818089
22248,0.17639467818113272
22249,0.15210080470860576
22250,0.17910958129185608
22251,0.14769218895062836
22252,0.060251224294615935
22253,0.15067193968024767
22254,0.13522752723849404
22255,0.16098935302521641
22257,0.09079760401711222
22260,0.15847784203514786
22262,0.17016902710596837
22263,0.16373759291856535
22264,0.16888962259399773
22265,0.14584717536453132
22267,0.3502644872819796
22268,0.2026524134800305
22269,0.22818596045079217
22271,0.06708875330696144
22272,0.14941701198902937
22273,0.14107442690957153
22274,0.17394847221149448
22275,0.0895967372105917
22277,0.37629604710864345
22282,0.14913114053431226
22283,0.09045717118052111
22284,0.07101626254631477
22286,0.15038377008660173
22287,0.06434788678848447
22288,0.14972888465474837
22289,0.16757744335673325
22290,0.11475614347412756
22291,0.14615272336038218
22292,0.06253603326144339
22293,0.1543491314645471
22295,0.14281981602450763
22296,0.172255191453192
22297,0.16777823277522608
22298,0.1439941587694849
22299,0.13355628395706864
22300,0.22088969576585424
22302,0.21854178399353205
22303,0.21465658920480857
22305,0.10581988005573374
22306,0.15973483314090323
22307,0.23848708338878896
22308,0.1419106425215549
22309,0.15510484002707092
22312,0.2816584608842892
22313,0.12001608801336301
22314,0.1829027780998913
22315,0.11339919259846423
22316,0.247434418493964
22317,0.05767568586582236
22318,0.17864461893705177
22319,0.2482326808734678
22320,0.1572245379172259
22322,0.177148375507144
22323,0.2745698673013376
22324,0.12549863316596183
22328,0.1475807436218699
22329,0.1437498970553554
22330,0.1496343143889822
22331,0.17690293983681538
22332,0.13876478012798443
22333,0.04881719220370766
22334,0.1489450854980334
22335,0.16752654165956604
22336,0.16767969628909057
22338,0.24695725148122802
22339,0.1309231513942886
22341,0.13442676369644674
22342,0.15138690471712146
22343,0.17698848569309433
22344,0.07074169681741728
22345,0.1875158815650076
22346,0.10271333818697698
22350,0.1372503177014158
22351,0.13135065867833687
22353,0.15005279407270064
22354,0.17611503111772275
22355,0.14563169032765078
22358,0.13372509657650444
22362,0.15708274950298712
22365,0.15614329932670537
22366,0.17140998642565403
22368,0.1316222526896557
22369,0.09537937890608074
22370,0.05882125894156244
22371,0.11879259980256991
22372,0.25662127146707575
22373,0.14575539960997397
22374,0.12894796068754566
22375,0.14254483206368274
22376,0.17619736178450807
22377,0.13713898945821523
22378,0.14404233658576698
22379,0.16191216876767958
22382,0.13217766294449512
22386,0.15972612845152004
22387,0.2512247480952697
22388,0.1244535290345765
22390,0.1489518302568162
22391,0.11483310527128009
22392,0.11653793576381206
22393,0.30798452786271213
22394,0.22079933938428875
22395,0.17353278674074604
22397,0.1638411236986746
22399,0.1960248509914743
22401,0.1451588806822001
22402,0.15122080511873076
22403,0.15288189779332115
22405,0.22924245025173942
22406,0.1291322657953001
22407,0.1816739620566288
22408,0.15107770614676178
22409,0.06907535980193198
22410,0.13806664837312574
22411,0.34287864559489734
22413,0.1824007349745475
22415,0.15653874256875144
22416,0.15979960613896138
22419,0.16893648676853656
22422,0.15935587205680432
22424,0.1719985483811109
22425,0.28202979434382747
22426,0.16104479492477047
22427,0.17906643379306325
22428,0.14728203868796125
22429,0.16493801051396265
22430,0.1231282197088303
22431,0.14560827160084058
22432,0.1419477602690806
22433,0.06173949155603388
22436,0.12253799607326055
22437,0.1373688468775554
22438,0.1426967093789717
22439,0.1361789575890789
22440,0.17384561427142406
22441,0.12767759797028494
22442,0.12941877763162685
22443,0.16332586245215436
22444,0.118401455842713
22446,0.06887275677383313
22447,0.14015626304098916
22448,0.1658343177666847
22449,0.15146261949416728
22450,0.13360101734683386
22451,0.15115431609529245
22452,0.23714600636201513
22454,0.06437852399724386
22455,0.40068682284722357
22457,0.15911403307564936
22459,0.13968611045143536
22460,0.15671071506885756
22461,0.14386526886819478
22462,0.17549431710736094
22464,0.1507908440670588
22465,0.14993794304781968
22466,0.2313221781155814
22470,0.26854730214010825
22474,0.184876189444352
22476,0.1319844916618715
22477,0.1570812125320544
22479,0.1641384769635458
22480,0.25619478278227464
22482,0.14085960216198828
22485,0.11297058631669091
22486,0.17278350186942584
22487,0.13995236110831868
22488,0.07992959196738647
22489,0.13048656356182595
22492,0.1484566387903696
22493,0.16097641811491584
22495,0.14583719434562442
22497,0.15704453359345283
22499,0.11304053440978742
22500,0.12272805684762814
22502,0.16230404293967254
22507,0.15942543096508044
22508,0.05400943207003044
22510,0.11597163842329275
22512,0.16901548757009632
22513,0.13121196479494043
22515,0.150578905549472
22518,0.15781876297654768
22519,0.1438000064193257
22520,0.14858141748809128
22521,0.10877319345744314
22523,0.16925629304927695
22524,0.4022197896485001
22525,0.1486763788162694
22526,0.2825351274901004
22527,0.1456655398780583
22528,0.1424858538752959
22529,0.10753702094604961
22530,0.20633338780959343
22531,0.13667249153799946
22533,0.17228203507258832
22538,0.1458563607343436
22540,0.055377233723871225
22542,0.16013810733753414
22544,0.14869680510532865
22546,0.10006761991629506
22547,0.27202446081295023
22549,0.13515394110042356
22550,0.3223181350823201
22551,0.2701196814457238
22552,0.15736039462920362
22553,0.06683943268903689
22554,0.2213418549041835
22558,0.0693528782665792
22560,0.11466597388803043
22561,0.20094972439553763
22562,0.19033773427665338
22563,0.292422373023564
22564,0.22468634222434655
22565,0.14803588660856515
22566,0.13023807060291073
22567,0.16080519408530608
22570,0.12945523790900132
22573,0.15041214798507088
22577,0.16324708783293754
22580,0.13879047224021981
22581,0.16996741244586772
22583,0.23809053611187767
22584,0.16209471656790628
22585,0.11155843991048782
22587,0.10700920637182976
22588,0.14774673816437425
22591,0.26078040793129037
22592,0.2128927785772838
22593,0.16176230171194955
22595,0.23908836315969692
22596,0.2090332558805405
22597,0.16743093804536902
22598,0.1537640973386203
22599,0.05703525481301233
22600,0.1517534825919054
22601,0.1511986233062539
22602,0.1537685908669166
22603,0.25072442388766186
22604,0.2538459528311494
22605,0.14140188727886746
22606,0.08500999295739008
22607,0.13914852047183482
22608,0.1296908916717837
22609,0.15385879686055176
22610,0.17365715299078616
22611,0.1546385760362123
22612,0.14830626312927908
22613,0.2844249608245112
22614,0.25342980275647203
22615,0.082159416246648
22618,0.14758741104930845
22621,0.13791926769576784
22622,0.1515079671396794
22624,0.12661126562776984
22626,0.17749542041733782
22627,0.14124389401088308
22628,0.13787465247407404
22629,0.13231041056328838
22630,0.12983472013488365
22631,0.10789221627123279
22633,0.13682542377763826
22634,0.13690940524091166
22635,0.15538098666683137
22637,0.1339210554872997
22639,0.19214138505603884
22641,0.1405071787033199
22642,0.18064939565961863
22643,0.14644201955935643
22644,0.3826598415826058
22646,0.11995473365223837
22647,0.24988573885995657
22648,0.15532754790863085
22650,0.24182353575593518
22652,0.12086051210484121
22653,0.15729801309362737
22655,0.25713733923952353
22657,0.06666105637822109
22658,0.15295640647605194
22662,0.14826778732802695
22663,0.14904128843011383
22664,0.2525128553952426
22665,0.16618092081377192
22666,0.2685547995806526
22668,0.16836318755765592
22669,0.16475695042345403
22670,0.1836025186820792
22671,0.18050582995148468
22672,0.09934982747029494
22673,0.0695782379506171
22676,0.14018394890133354
22678,0.14995540210554498
22682,0.16328887038231868
22683,0.14332229560324328
22684,0.1342473539418392
22685,0.1374078362320663
22686,0.17143435005585933
22687,0.25925231323611314
22688,0.12827618753124456
22690,0.13102515782321753
22691,0.14167258380288053
22692,0.15218653954839428
22694,0.14967459995535282
22695,0.16559194287218387
22696,0.059241473577865876
22697,0.3000987261610742
22699,0.2650694777866085
22702,0.2731699236053977
22704,0.08966719786661745
22705,0.15539199905400283
22706,0.2017915103687084
22709,0.06576824672379125
22711,0.22990261784641525
22712,0.15164532142360684
22714,0.150920869151312
22715,0.13801181449141023
22716,0.14067707357681375
22717,0.23295087484486401
22718,0.06391756149461737
22720,0.36107218270353447
22721,0.07868902086244238
22724,0.1424538313295055
22725,0.1439081518176472
22726,0.2560393025844596
22728,0.1259379945834358
22729,0.11288335755701662
22730,0.17931050231947865
22732,0.18571086045904125
22733,0.21686607030040422
22734,0.15890040036829273
22735,0.34939054605386716
22736,0.14796189619346245
22737,0.1419543866944083
22738,0.06325009633245096
22739,0.2932483859231221
22740,0.2789910068907489
22742,0.1635981836409119
22743,0.15971546703751474
22745,0.14892488449720512
22746,0.0861489029952031
22748,0.3686327743525864
22749,0.22620346342830958
22751,0.08782520797352003
22752,0.1541676520425131
22753,0.35426120201048283
22756,0.12214862214644616
22757,0.059311221163941594
22758,0.22142165210610124
22759,0.1316435170663088
22762,0.14016967568414532
22763,0.24293429585008877
22764,0.12315876284298054
22766,0.07241864520322107
22768,0.06069185642304098
22769,0.13372036109711624
22770,0.1290049929653353
22772,0.26364532525654755
22773,0.13704765491152882
22775,0.14474264522174837
22776,0.22122288447215066
22777,0.1492877092821075
22779,0.07533150562680214
22780,0.1581011727581411
22781,0.3737183819102567
22783,0.21259961610643474
22784,0.16381098032202074
22786,0.16862339770652027
22789,0.14065321458120333
22791,0.06288047742778359
22793,0.17218832409372267
22794,0.16168521948407027
22795,0.07939571279006592
22796,0.07570739315758522
22798,0.16416656318424735
22800,0.15134195341671147
22801,0.16663636442533047
22802,0.17435211442614942
22804,0.07338981173619934
22808,0.14033586744726234
22810,0.34512850381757265
22811,0.13745835019621433
22812,0.058606382477699705
22813,0.1481494063801973
22814,0.1678580524568128
22816,0.14351530978893476
22818,0.1512366144465873
22820,0.23995202811021255
22821,0.0700514635555984
22823,0.14818946718155931
22824,0.15588050373038284
22825,0.13396396141019473
22826,0.25847568171052737
22828,0.12588783939541115
22829,0.2413744851437837
22830,0.1812469090055277
22831,0.19329666787820438
22832,0.14334410648129234
22833,0.07092357763735312
22836,0.14865210836882425
22839,0.12676981606837975
22840,0.0641065511443794
22841,0.15238721199321018
22842,0.13721072286059716
22845,0.23162725177478977
22846,0.12964445643745093
22847,0.16121431891246338
22848,0.1273323917714247
22851,0.14043098651259878
22853,0.13337661136346626
22855,0.14905961518402647
22859,0.12821094079300824
22860,0.3600173874506032
22861,0.12640252483973924
22862,0.2390697123519914
22864,0.14721611788518088
22865,0.07353007822234746
22870,0.16257770311364772
22871,0.1697764767310553
22873,0.13426478692096785
22874,0.150444464508692
22875,0.15054388626505408
22876,0.1654843446114904
22877,0.35310745634373664
22878,0.1242007764741919
22879,0.34430516886957346
22880,0.16755188488298525
22882,0.13434121227765258
22883,0.3007855141880253
22884,0.15232098245943665
22886,0.062227735568799444
22887,0.13978232675732669
22888,0.15409033609388859
22889,0.15871190142262578
22890,0.22146702872133592
22891,0.07036777031588166
22894,0.16634644152427938
22897,0.16322214776158694
22898,0.24374887532418074
22899,0.0680954677742493
22900,0.051626818020972
22901,0.11910091330005304
22904,0.12634966053593272
22905,0.1705830104953144
22906,0.17826448550295357
22907,0.18313321081596673
22908,0.15011202205679824
22909,0.07813644039247375
22910,0.16805165198487523
22911,0.15486240820569444
22913,0.16289033565810587
22915,0.15781482453873222
22918,0.11423210240706576
22919,0.2604431847554707
22921,0.2846787466361565
22922,0.0645227593479282
22923,0.14623793856879308
22925,0.15679458372368438
22926,0.11878908517651124
22927,0.18479393472844505
22928,0.1449922740674815
22929,0.22320278770655697
22930,0.10988026903917276
22933,0.14925817336145922
22934,0.148703735686636
22935,0.12267041307627774
22936,0.18298811844336543
22937,0.1301830157128303
22938,0.15973393630837615
22940,0.13456487128348124
22941,0.384115979447493
22943,0.135552721186652
22945,0.13465775093240065
22946,0.15439167071404453
22947,0.2166562605849482
22948,0.23286003509215192
22949,0.2561472663667512
22950,0.17434752466370054
22951,0.1248649210883871
22952,0.1575792928134711
22953,0.1715867576457522
22954,0.13645045600166109
22955,0.3742921245597917
22957,0.37389169181816295
22958,0.14526646714850527
22959,0.14044520050479306
22961,0.16890533682692124
22962,0.14209135837376985
22963,0.12305270415787346
22964,0.17345794381096896
22965,0.13906210137721572
22966,0.14755173731668828
22967,0.1588369346752609
22968,0.3593063044838316
22969,0.13133279596462946
22970,0.12809954106128482
22971,0.16342143435272805
22972,0.34881789939326147
22973,0.1918280635935679
22974,0.23546769302921822
22976,0.13725079796142314
22977,0.11650986434825096
22978,0.16351555986712413
22980,0.14234851013775368
22981,0.10946311600467018
22983,0.1323806483737995
22986,0.13770920263246866
22988,0.18647469598837496
22989,0.3287667319275157
22990,0.14709794717151062
22992,0.13387017033434656
22993,0.07566928664812272
22995,0.14772084191917123
22996,0.11249863036786875
22997,0.07368136607637177
22998,0.15795489178573593
23002,0.1485821444020202
23003,0.1172500495581137
23005,0.20996766364035466
23006,0.12901509887702362
23007,0.1197752748993732
23008,0.14865800791924683
23010,0.16773890142441766
23011,0.08924702658009989
23012,0.17241954271773585
23013,0.25015024989073326
23014,0.11828510413983702
23015,0.12371577960094572
23020,0.14632525159562806
23021,0.16121496116098363
23022,0.22962616177649658
23023,0.07202340460110544
23025,0.2713130049250408
23028,0.2729313765657468
23031,0.14463945817666238
23032,0.3366705886057539
23033,0.15113988561900893
23034,0.14153529814154653
23035,0.1652970612378728
23036,0.18648138796223881
23037,0.0704933657243729
23039,0.3075727699556536
23040,0.12851474557248868
23041,0.13821543234382727
23043,0.12423747442905644
23046,0.15853297130124377
23048,0.07025229896049046
23051,0.15216491672635413
23052,0.14487528263050417
23053,0.15691883881278626
23055,0.18414038018997864
23056,0.14570780163147637
23059,0.18453163749851217
23060,0.12113288131195143
23062,0.1479998535068652
23063,0.13957540792259784
23065,0.14687336631881615
23066,0.1449022704086472
23067,0.11815651772396982
23070,0.18411206851519107
23072,0.1290929804868693
23073,0.1332647976900042
23074,0.1321694093966645
23075,0.12794965718762244
23078,0.15114579150688542
23079,0.17282690306440188
23080,0.15207587735445396
23081,0.04713277013993714
23082,0.2687259441220213
23084,0.1319173037387263
23087,0.13925476335524528
23088,0.16137744778335186
23089,0.1707521588477694
23090,0.1524855832119434
23095,0.1489586956535238
23097,0.14800859855871076
23098,0.06060853407610852
23099,0.13204222358334314
23100,0.15282808688996322
23101,0.16403749026830217
23102,0.15626236782141284
23103,0.25409947466709265
23105,0.12080596659835843
23106,0.12192323294174473
23108,0.07373773165156818
23109,0.18101102707843333
23110,0.198206756792629
23111,0.12600243198052152
23112,0.11853472834680617
23113,0.06893776748824523
23114,0.14670790372958267
23115,0.28566418878182875
23116,0.07671010435673423
23118,0.2355014932188679
23119,0.12492267938598738
23120,0.14578565066529817
23122,0.1670555694030808
23123,0.14453768177611057
23124,0.15097330515347496
23125,0.11340651316535498
23126,0.16721748058129435
23128,0.16998636444271312
23129,0.25949805728648845
23131,0.1274020313092859
23132,0.15125372746623103
23133,0.27871405502643004
23134,0.1738889527502327
23135,0.14511990116260862
23136,0.13990198531130116
23137,0.0942008364760051
23139,0.15747861060607166
23142,0.05995815545056342
23143,0.17053211851222871
23146,0.16644241898561676
23147,0.12919634408768263
23148,0.14125814923663987
23149,0.12729044454436017
23151,0.1181014510585073
23152,0.1448219182523946
23153,0.3540315652163329
23154,0.11905250432835163
23156,0.1828522804938603
23157,0.11826626180749199
23158,0.15464542346188043
23161,0.18030714548067997
23162,0.1765419456343914
23163,0.16011170888513074
23164,0.22080210179499007
23166,0.29636771430370024
23167,0.16375175124323288
23168,0.13881800394012836
23169,0.1570312407993077
23170,0.13926582493355996
23171,0.16350016620391536
23172,0.08150368490170817
23173,0.227573953991652
23174,0.14120113629116215
23176,0.16010149949507962
23177,0.12645600205103594
23178,0.15082622567093407
23179,0.12069128114924246
23180,0.12689864902002282
23181,0.3216271027710312
23182,0.1633268523730564
23183,0.14332274420772617
23184,0.1352368559813244
23185,0.15412373335528973
23186,0.12439322664114036
23187,0.240729203885831
23188,0.14620591915468575
23191,0.15692284658703257
23192,0.1550577166764471
23193,0.14584868929343078
23194,0.13568612887521211
23196,0.12318010740513526
23197,0.14073555812782698
23198,0.1389169882606027
23199,0.07326634756833707
23201,0.24164815458072816
23202,0.1712656733154004
23203,0.14731742574368825
23204,0.06207528386844467
23205,0.16127337490161628
23206,0.149045737238704
23207,0.06807131576793586
23209,0.16027468669468634
23211,0.13895524510132512
23212,0.07193461116160364
23214,0.14957306884335297
23215,0.13042235636363786
23216,0.17091055551496334
23218,0.23345185289888887
23219,0.14156917646216458
23220,0.16799730005017208
23221,0.06681992170632627
23222,0.16028833721925886
23224,0.13684630607610665
23225,0.1413199466513969
23227,0.14180301367481268
23228,0.1484623436161389
23229,0.27170212825487167
23230,0.1187549891431493
23231,0.33502192443225026
23233,0.17783948688939202
23234,0.1411196042085916
23236,0.1599898664333296
23238,0.12509039829352228
23239,0.08676774877316576
23240,0.14287479492114902
23241,0.16413234327962745
23242,0.39784211410289
23245,0.18350323823137296
23246,0.13559945722305045
23248,0.1543442378990026
23249,0.27027146948815073
23250,0.1612687981325629
23251,0.15472923882770703
23254,0.16272707537975284
23255,0.1729617975628419
23257,0.37996845800570966
23258,0.20552467213201606
23259,0.14115580709750056
23260,0.12672048624878757
23262,0.16366098497767678
23264,0.1590256320952354
23267,0.18400055036255186
23270,0.17100248910951496
23271,0.1554576193906999
23273,0.18005833256379836
23274,0.1363648532956882
23275,0.16044419052136816
23276,0.16648885992347426
23277,0.15305060398757148
23278,0.1458121711988405
23280,0.26012661965741485
23282,0.2607277728237954
23283,0.15621833191450707
23284,0.16815669087149956
23286,0.13213548663642766
23287,0.15562872558757318
23288,0.14506303500802906
23289,0.16300724523060475
23291,0.06270976079955533
23293,0.2377867063161536
23294,0.13582544970497665
23295,0.16449261174041108
23297,0.14053183683604917
23298,0.10496711221076821
23299,0.1539770431771134
23304,0.24309133099708888
23305,0.12299614963317125
23306,0.12034544745879744
23307,0.05535657262629245
23309,0.22448687353731664
23310,0.1572013186352868
23311,0.1506261324893078
23313,0.1327788226310998
23314,0.174368740818024
23315,0.14770219126433026
23318,0.1397593214520532
23319,0.05935500982904747
23320,0.13923376418461267
23321,0.16130181258648624
23322,0.14252634525527463
23323,0.16814229919069434
23325,0.12851154520006627
23326,0.1407361490192101
23328,0.33732355405058245
23332,0.0551829351443268
23333,0.05880642665653287
23334,0.39083302828954425
23335,0.13095723548837795
23336,0.15483723237438168
23338,0.08031269399804598
23339,0.14554012044687512
23340,0.1856649595610133
23343,0.20844182107365888
23344,0.1198533462440119
23346,0.08358992116437368
23347,0.15305086383545385
23348,0.15495960038333553
23349,0.23853236453989773
23351,0.1498402271506276
23352,0.23228060179372143
23353,0.4034993381364202
23354,0.15214671342855698
23356,0.2946906998878047
23357,0.15348155690517679
23359,0.1359585537193261
23361,0.14969509882586557
23364,0.14936356477422968
23365,0.14209348996421914
23366,0.24803371032376734
23367,0.13817392820351732
23368,0.17451035011065827
23369,0.18866175609470223
23371,0.16895984803126313
23372,0.15758919901592383
23373,0.14793688217912238
23377,0.10925977499415945
23378,0.1566828054556661
23385,0.1509509171828585
23387,0.06909868123514577
23388,0.2336334807455057
23392,0.06645049434057326
23394,0.36026535808158744
23395,0.15623418271040362
23397,0.3086090724612426
23398,0.05281504716646301
23399,0.13714901824189443
23401,0.15501422925731564
23402,0.14647168665120253
23404,0.16953653586568737
23407,0.23975874114531098
23409,0.136401356762315
23410,0.17133603090814795
23411,0.06464278159421064
23412,0.14961499511206824
23413,0.07751104325940696
23415,0.17313384154425834
23416,0.1598706737856296
23417,0.13435755445501982
23419,0.13720027735551577
23421,0.07340573564371548
23422,0.13424607471151603
23423,0.15829187628551974
23426,0.13388971047045925
23427,0.15126048310967338
23428,0.13268475398409454
23430,0.17746827136700344
23431,0.14636195676850194
23432,0.1502602144023062
23433,0.12764869472534707
23435,0.06231057056347114
23436,0.14062413418535874
23438,0.16220351885885795
23439,0.08003139536127052
23440,0.15326843603537021
23441,0.0718842832841116
23442,0.1362430281809764
23443,0.1604949298054882
23444,0.1488216382542527
23447,0.06294192421288894
23450,0.14887959527250944
23452,0.15329135368338315
23453,0.15568198925837087
23454,0.14867452968576358
23455,0.05720897744507093
23456,0.07995563014632397
23457,0.17477406129479603
23459,0.14266383165317056
23462,0.15722950433074276
23463,0.22769861434986716
23466,0.15099984301001573
23468,0.15538436947740203
23469,0.15144873407049395
23470,0.13853009811688183
23471,0.25280564536795336
23472,0.29001540986825003
23473,0.14038037744048248
23474,0.2612594251515079
23476,0.1502123110657075
23477,0.10055524804442564
23478,0.1518541196351623
23479,0.25825770032277295
23480,0.14929703787491963
23481,0.15081709550177608
23482,0.12857504322577776
23483,0.22155467494177264
23484,0.16030943825142305
23486,0.14730575294118012
23487,0.14064257033916935
23488,0.138817198628475
23489,0.13447789523503453
23490,0.23500668780764203
23492,0.1505130552060002
23493,0.058841092129077316
23494,0.2557885806101498
23495,0.36038086556895477
23496,0.19170856503385852
23497,0.15256283892632422
23498,0.11291007818555232
23499,0.12976094314012365
23500,0.13780372153088374
23501,0.06123413238983783
23504,0.18452207593044043
23505,0.1395011385400944
23506,0.14148117176248584
23507,0.251567903787921
23508,0.1493108611801415
23509,0.15685719480441032
23514,0.16956643628467222
23515,0.05753131664762731
23516,0.0649364512942154
23517,0.2719348415624113
23519,0.25065070168828923
23520,0.11838372026221095
23521,0.14251085976062497
23523,0.12954574221122203
23524,0.179801134210686
23525,0.1391348328546293
23526,0.1516040232751145
23528,0.13945558796871846
23529,0.14763616996593062
23530,0.14423921227356393
23531,0.17407369545133036
23532,0.0709773380621818
23533,0.05592221207552158
23534,0.06976840561597666
23535,0.1310703010802785
23538,0.11641541232763707
23540,0.06730756701831443
23542,0.05937805225762655
23544,0.16729702725273107
23550,0.24494177321890898
23551,0.26050972518449933
23552,0.22972431734251278
23553,0.14739761729606257
23554,0.1617874222814264
23556,0.15279576257978175
23557,0.1928189130855349
23560,0.13557732794506902
23561,0.11864601294640134
23564,0.11707900590870016
23565,0.15337432060775869
23566,0.13567923726100822
23568,0.27051504153287637
23569,0.05942289817218335
23571,0.17012460261499973
23572,0.056258948009462566
23573,0.14177338420174082
23574,0.15808700375374724
23575,0.1412128305887365
23576,0.17826562000161952
23577,0.12742048175799497
23578,0.23295356258605168
23581,0.23318955203870173
23582,0.16138594181889748
23583,0.1534630347135101
23584,0.15768998841764456
23585,0.12055194253856744
23586,0.14874956305017248
23590,0.11013932392091343
23592,0.07763404951888911
23593,0.1368176174658254
23596,0.1826684941979652
23598,0.16301074113708666
23599,0.12057868636909669
23602,0.14981553501163417
23603,0.27912060166983765
23604,0.24259639605118632
23606,0.11798845141733824
23607,0.12289782697670484
23608,0.10896354350708899
23609,0.24041323645961332
23610,0.1675136406978579
23611,0.0857197806456622
23612,0.068019925718096
23614,0.06497930101813178
23615,0.1473258750060385
23616,0.11810586417126112
23618,0.14329914445312036
23619,0.1356051509755614
23621,0.10998606829035129
23622,0.15854651729046593
23625,0.14718822817816823
23626,0.14576264089892121
23629,0.14873503961351184
23632,0.14353982545896715
23633,0.1516799338138983
23634,0.13955914114323617
23636,0.1563458363614752
23642,0.15032736881660688
23643,0.15140432062182269
23645,0.1725561432422392
23646,0.18646738272027333
23647,0.14904459949170823
23649,0.24554204137212984
23651,0.1391021921287332
23652,0.1322914041220725
23653,0.11049494170527598
23654,0.37756943221855976
23655,0.17050205794171833
23656,0.16337475621140185
23659,0.15271336303170177
23661,0.07283735740027412
23662,0.14753914769275653
23663,0.1611611511651836
23664,0.17777308172997308
23665,0.12225978913375178
23666,0.19728264194280476
23667,0.1418886122492723
23668,0.054478670263641706
23669,0.15586773260891487
23670,0.1261157885814047
23671,0.16614406568623008
23673,0.13287790474319122
23674,0.13543844336361216
23675,0.14778195845815517
23676,0.2242308718475421
23679,0.22009945030280204
23680,0.1670143858822944
23681,0.14311891738576202
23684,0.3532526002175639
23686,0.17460507219318752
23687,0.13187030486114454
23688,0.051152139326137165
23689,0.1890135668743685
23692,0.3782154486609574
23693,0.13193348420014375
23694,0.16697238301326062
23696,0.12327165791832977
23697,0.1406690373110462
23698,0.1507469565591123
23700,0.12040253211930363
23701,0.15474113899115782
23703,0.16880982731275831
23704,0.12607869104227645
23706,0.0732805931073522
23707,0.14118024822647401
23711,0.14197512771369325
23713,0.3635655536761923
23714,0.16640565760717943
23716,0.13675672546193884
23719,0.1615319420063389
23721,0.1326180581788325
23722,0.13980205633640938
23723,0.18632245379492662
23724,0.16005066691187392
23726,0.07584322999837899
23728,0.12665467537298256
23729,0.3253025389570977
23730,0.3802726837410886
23731,0.1551074554367326
23733,0.1446532536415103
23735,0.1409837345874258
23736,0.10458562330163577
23737,0.10459602334383286
23738,0.25454229406317197
23740,0.1533200184617639
23742,0.13841093876335592
23743,0.24411930937714235
23744,0.13324021470852315
23745,0.24791758983519
23748,0.16482579022830657
23749,0.33072300502683694
23751,0.24493560429507547
23752,0.2525760746070339
23753,0.1412507120442653
23754,0.15280103973272044
23755,0.09068505522399932
23756,0.13156354484706442
23758,0.15579144451235774
23759,0.22650491694923514
23760,0.14048464623612128
23761,0.2814816540067396
23763,0.06920603573507893
23764,0.2731074516555462
23765,0.12517986346812698
23767,0.1283826509234123
23768,0.13220398453525165
23769,0.14515560301643535
23771,0.16077302342224975
23772,0.14039716111027098
23773,0.0771043206550578
23774,0.3140198726973544
23775,0.05781467348187154
23776,0.09707275153601864
23777,0.05651538203709437
23779,0.11339032487332269
23780,0.07181822981865828
23782,0.12654220281220985
23783,0.13081460820504306
23785,0.2037596943940034
23788,0.11488444515032645
23790,0.17068216165511765
23791,0.1275208509083327
23793,0.19034876945686058
23794,0.17666767889632837
23795,0.1490246500297449
23796,0.1338043547779796
23797,0.14154584054121236
23798,0.04438807984848615
23799,0.13924609759589762
23800,0.21940940547886453
23801,0.14435319876607283
23803,0.1389315587765581
23804,0.0732205008245222
23806,0.13567513535159947
23807,0.1718076128317352
23808,0.05503666059310704
23809,0.13877594768269266
23810,0.2169923763895367
23815,0.18791310426219826
23816,0.1693707063511431
23818,0.11958177577449004
23819,0.37082030043339576
23821,0.15112641130710716
23823,0.15337241421690073
23824,0.15611956270848673
23825,0.1706360870244077
23829,0.14124035478827646
23830,0.17592355149937663
23831,0.05006559092405329
23832,0.140333925746325
23833,0.26644238063667725
23835,0.13994008814282158
23836,0.12891151817373017
23837,0.16836475508761917
23839,0.07823170863893525
23843,0.25468977889267574
23844,0.1498407196380622
23846,0.18265030834025875
23847,0.13951731457671634
23848,0.1316077729531227
23852,0.1717621670767985
23853,0.12773232490038197
23854,0.13898679251923193
23856,0.1437733704645128
23858,0.15494552009152887
23859,0.3568059331496309
23861,0.166708488406492
23863,0.12653150181116102
23864,0.14901009855578656
23865,0.1666969431408691
23866,0.1427651962967878
23867,0.13169284047408317
23868,0.13727899715170014
23869,0.05840266955538583
23872,0.15006993039439054
23875,0.12204697154305534
23876,0.16762870665398621
23878,0.13177678817250607
23879,0.12991577993624287
23880,0.25673896968586374
23881,0.1680148928573458
23883,0.16969479938474943
23884,0.13718023243668206
23885,0.165400323936582
23889,0.24571930991425792
23890,0.13687883362933653
23891,0.152135209958451
23892,0.16849769548857427
23893,0.20521890638402934
23894,0.16331537661184434
23895,0.13504329597074893
23896,0.09846882571124188
23897,0.13568916140875628
23898,0.17077029139727487
23899,0.06651152577111406
23900,0.10201633677021266
23901,0.16863687301012711
23904,0.15618030370569602
23906,0.2662644654934929
23908,0.15625647728211736
23909,0.15109938196520353
23910,0.20387024258437125
23911,0.16556400314843514
23912,0.15968115090918092
23913,0.18014053233184935
23914,0.2360332155016581
23915,0.1676869830497013
23916,0.13894679080623182
23917,0.18004992116955862
23918,0.09505074931916507
23919,0.2324910254434791
23920,0.12382894487509673
23921,0.14769544574474064
23922,0.25060326881831607
23923,0.24012623665617924
23924,0.15274106978531848
23926,0.13798995999339178
23928,0.25599119312428625
23929,0.29875778728635094
23930,0.1532420388161328
23931,0.06267191928782173
23932,0.1340871129383839
23933,0.1402671445437622
23935,0.1790422841246961
23936,0.1280088650674049
23937,0.13591866204093025
23938,0.2601494210900232
23939,0.14511099562340038
23940,0.35565193384630345
23941,0.1612189757712217
23942,0.13226936383175883
23943,0.07151720652478999
23945,0.15312284004712196
23946,0.1178833585355502
23947,0.14937268551136812
23948,0.35541018500081284
23949,0.19181689901726112
23950,0.13903849589080386
23951,0.1387840946169384
23953,0.15990417536636933
23955,0.07458987395622048
23956,0.14151866136017846
23957,0.24560186313077964
23958,0.1551291905011717
23959,0.3398952142266768
23960,0.14173731016981234
23961,0.14400269136540747
23962,0.12496510425145448
23963,0.14306895631249172
23965,0.12570045947311664
23966,0.0647745249262032
23967,0.12986073232902862
23968,0.11076019403312932
23969,0.11643167360874804
23970,0.26960853287035974
23971,0.13985023961135898
23972,0.28332519912074
23973,0.15563889392340544
23974,0.17187450020833644
23975,0.06050188467952944
23977,0.13253601951772245
23978,0.13367124776845454
23979,0.11698093154372954
23980,0.13655636317568698
23981,0.12862569619734157
23982,0.14972096956033573
23983,0.058576431190544266
23984,0.05596127556482468
23985,0.16221017213301664
23987,0.2534301661533192
23989,0.15870403799630267
23990,0.2711496316446745
23991,0.26403748586853465
23992,0.1471105223231641
23993,0.14248558690130186
23994,0.13364046919938574
23995,0.309256952434447
23996,0.24794726047428603
23998,0.1317995792617878
23999,0.09620566810320713
24000,0.13036847746300104
24001,0.24634363771706505
24002,0.2068307549954647
24003,0.12664152450702643
24004,0.06146641467635764
24005,0.17779419914485858
24006,0.13530250327735818
24007,0.14693197431784483
24008,0.12881142868393275
24010,0.17764979588446853
24012,0.13420592543792884
24014,0.255711009949816
24015,0.33871264850525235
24016,0.34862269104689647
24018,0.1261574961092399
24019,0.16276711708925587
24020,0.23348647953608223
24021,0.14584166174374538
24022,0.22934376033450296
24024,0.14198214527514885
24026,0.1695792945848355
24028,0.14709595224980793
24029,0.19104260346831156
24030,0.17627652465827492
24031,0.17005544047831986
24033,0.056747934892312245
24034,0.39675327672928246
24035,0.22671376040581173
24036,0.14778291647343403
24038,0.15464966823119317
24039,0.1675062624538425
24040,0.054742688245993404
24041,0.13632674521117888
24043,0.23138950237205805
24045,0.2664912838430656
24046,0.15294460545926178
24047,0.17130806742359614
24048,0.2321177378204029
24049,0.2607069414268153
24050,0.369460123805513
24053,0.06841013051162623
24054,0.05485291375218132
24055,0.160418134699631
24057,0.14293986233337114
24059,0.17159860777628508
24060,0.16204211481350836
24061,0.14411525064533853
24062,0.16516619712073957
24063,0.19238527018229132
24064,0.3758461301596778
24065,0.23382622295404495
24066,0.13847620550403666
24067,0.06551205948335871
24068,0.17583537829844026
24070,0.17446476360961952
24071,0.13443487086166303
24072,0.2766034016142068
24073,0.06447595208718175
24076,0.14055842031527813
24077,0.11964377261157973
24078,0.1397548193014619
24079,0.14458382188517474
24080,0.13920372984663335
24081,0.14675245026486372
24082,0.0594908571911562
24083,0.1202307546599559
24085,0.1504558200483243
24086,0.1609852403044212
24087,0.16050030230722584
24088,0.1808824972425261
24089,0.13855088271702437
24090,0.37653867028768323
24092,0.14818622033089243
24093,0.16235953083932902
24094,0.07200806725042361
24096,0.1403602974925483
24097,0.18436894897586048
24098,0.15915187754307863
24099,0.1381952241807357
24100,0.17753244816787925
24101,0.1370478647631637
24102,0.24853699601170112
24103,0.14343465394794833
24104,0.12920086589990917
24105,0.13549537414538676
24106,0.17906199045861002
24107,0.15699546713436252
24108,0.12183666528988414
24109,0.1523521314692234
24110,0.05752791410436869
24111,0.1465729202862917
24112,0.14781169740128963
24113,0.06653515767787677
24114,0.1509667439199168
24115,0.14066811550855748
24116,0.08662635476050372
24117,0.16592695476936106
24118,0.13621004799595127
24119,0.3476999131023805
24120,0.1029625664228981
24122,0.05888606292582063
24123,0.1524649404567141
24124,0.1270930419264584
24126,0.14665448677384055
24127,0.24771859511291763
24128,0.3671953912538031
24129,0.14631768704104878
24130,0.16011140575749055
24131,0.07150971980705473
24132,0.3771682648457709
24133,0.06216699655608808
24135,0.1637914518789456
24136,0.11062200864379264
24137,0.13595284007562003
24138,0.23223769752902573
24139,0.14989878026488904
24140,0.14158892444698343
24141,0.08253898520963687
24143,0.15344072544422996
24144,0.12496996839713127
24145,0.14765487318346232
24146,0.060568294279933196
24147,0.2002782897730075
24148,0.2484689388719241
24149,0.14325507742940835
24150,0.19331183169623856
24151,0.1495907419477384
24152,0.17283279508227067
24153,0.14564924064452103
24154,0.17459065810455174
24155,0.13764654328670842
24156,0.14184401835629196
24157,0.16032562977317472
24158,0.29047494619555764
24159,0.26318849508923725
24160,0.2288361856810067
24161,0.13739219154367782
24162,0.0781610791384634
24163,0.13563649766903305
24166,0.3895566175884828
24167,0.13763272664675835
24168,0.2442521422755238
24169,0.18566065778471313
24172,0.15098977642674397
24173,0.14717029993597278
24174,0.07719995996940697
24177,0.07297387415347002
24178,0.3899133477705264
24180,0.3238600304355547
24181,0.17690447789057148
24182,0.1601145163615203
24183,0.16575016629849076
24184,0.168072033913277
24185,0.07065201316160383
24187,0.16504935420905548
24189,0.1665631248855841
24190,0.36956133227953586
24191,0.1877437499125513
24193,0.06031690232227849
24195,0.2728839579574201
24196,0.15931105678957833
24198,0.16005563636088688
24200,0.3680033203125887
24201,0.14327218538230463
24203,0.15925909087559004
24204,0.17360019037477809
24206,0.15109172978363855
24207,0.26980816140997776
24208,0.13202326492876146
24209,0.14945280520006587
24210,0.12525846665577423
24212,0.1123338030500164
24213,0.16077948596505626
24214,0.1876252729330808
24215,0.20156301269559898
24216,0.2568202445996933
24219,0.13846799009491118
24220,0.17145214776237624
24223,0.26415552758229366
24224,0.13754993732568202
24225,0.13952773966310797
24226,0.2349930337541824
24227,0.11558336411366865
24228,0.12169743801726467
24229,0.11680996024809892
24230,0.14399061653414394
24231,0.24873316470717102
24232,0.056857479549774166
24233,0.1297023811992902
24234,0.14562937857560526
24235,0.09795197302781501
24236,0.33160896733631795
24237,0.13688669153122057
24239,0.13532018111962538
24241,0.11361026059833497
24242,0.0851215150176305
24244,0.15210363203725358
24245,0.27554345574151307
24246,0.15088894418722865
24248,0.18259348834370517
24249,0.1611639417527748
24250,0.2135127101311289
24251,0.12195275694570736
24252,0.11731789068371043
24253,0.14890694211062735
24255,0.264997617849145
24257,0.14695433943483183
24259,0.12352230781316983
24260,0.14294061176065495
24261,0.16743440732428114
24263,0.14309481621689638
24264,0.1309643025066627
24265,0.14943381398077382
24266,0.16923197379237387
24267,0.1417722674538668
24268,0.3497332839586943
24270,0.16638135184086156
24271,0.18307276281880805
24272,0.07025707518395449
24274,0.2320766785063318
24275,0.15215378976763275
24277,0.16074603763137174
24278,0.07699493644287059
24280,0.12583189959911573
24281,0.15706582373729738
24283,0.16703547420768755
24286,0.17239312960086958
24287,0.15707594095372146
24288,0.15323214660027815
24289,0.12997765996869304
24291,0.14336571479984203
24292,0.1964890910385153
24293,0.04231989660415286
24295,0.1401671196584747
24296,0.14277411136287868
24297,0.23446185545094708
24298,0.17359259989958903
24299,0.17104849407768838
24300,0.14081735974550813
24301,0.13235865650024056
24302,0.1623805065526563
24303,0.3637260600543818
24304,0.27148409821069847
24305,0.17455168379232272
24306,0.1655507576183087
24307,0.13871715742672633
24308,0.17636780730211268
24309,0.06671975806596019
24310,0.15222600885792148
24311,0.15183726015163726
24312,0.13996105461518354
24313,0.142021969529647
24314,0.1410575747438342
24315,0.10888562050571755
24316,0.1311489698128104
24318,0.0654844611270183
24319,0.2795122156270669
24320,0.15004990498969328
24321,0.12961329141977695
24322,0.2952293837127788
24323,0.26053418089170133
24324,0.14821575488329342
24325,0.3774112671695058
24327,0.15469494030910222
24329,0.24497195766034552
24330,0.17122501445573943
24331,0.16015720714695733
24332,0.16745019467309238
24333,0.3707719443502447
24334,0.1340871791256939
24335,0.2374237735905893
24338,0.14038954048164135
24339,0.061607925780032276
24340,0.15511166949469848
24343,0.37421714203200196
24344,0.06140311797013755
24345,0.1466836380181694
24346,0.15176968799373966
24348,0.26808247997670503
24349,0.13852351781725591
24351,0.12627080747231664
24352,0.2299834502374158
24353,0.1271802354507338
24354,0.37056130400178594
24355,0.16754413583307134
24356,0.15386124521539718
24357,0.1344033317526555
24358,0.2643607784130638
24359,0.1530883932313335
24361,0.16166118644947133
24362,0.16894816457131964
24363,0.06623010616866118
24364,0.14061443408675825
24365,0.261297405921425
24367,0.1551281078544238
24368,0.05526738387082952
24369,0.1194697221826606
24372,0.17277654577931933
24373,0.11880053541288363
24374,0.1407292312461027
24375,0.12168702764454231
24377,0.2586660801118461
24378,0.11024673224396601
24379,0.4002467399033632
24380,0.11136234958394337
24381,0.1533604387409442
24382,0.1432733233931526
24383,0.15171898594958383
24384,0.06680313736465876
24385,0.12201612616131649
24386,0.08235750073194635
24387,0.15639937689341002
24388,0.16038250442192345
24389,0.11790747511758327
24390,0.07782186475297241
24392,0.13432654972064687
24394,0.16821776921173018
24395,0.30631750378229483
24396,0.39303774817396
24398,0.18182656041429465
24399,0.05618627608903768
24400,0.06662281793324705
24401,0.12687077977865796
24402,0.1321166332557001
24403,0.1640834599059196
24404,0.14993267347018516
24405,0.16806368624087092
24406,0.294593182080002
24407,0.14707735361731397
24408,0.1608825759957336
24409,0.15269947997229563
24410,0.06569116809743561
24411,0.11545811569472401
24412,0.06826382273538013
24413,0.0658700856025957
24414,0.14367023854851618
24416,0.2505061177233719
24417,0.15885433654729667
24419,0.14095885885689594
24420,0.1267786885477439
24421,0.09731565792834897
24422,0.1234715080264554
24425,0.2602354292034912
24426,0.07670684769039605
24427,0.2577597291872458
24429,0.1669278848793913
24432,0.12050766471120417
24433,0.15118274946159996
24434,0.15162722758615452
24435,0.3726369178745438
24436,0.15659628649379173
24437,0.142312965371246
24439,0.1360468630439699
24440,0.15434910973425214
24441,0.17413254730147107
24442,0.1956699697128457
24443,0.11886598262255679
24444,0.1474892608249679
24445,0.1446366826662373
24446,0.14652431228009918
24447,0.267192355620632
24449,0.14399818535471662
24450,0.14614959972762395
24451,0.16011843717086194
24452,0.14866040742287603
24453,0.1582601899471588
24454,0.0737295511484891
24456,0.18190526371839266
24457,0.1257567988196029
24458,0.15029193804839458
24459,0.047667482182964446
24460,0.15182723500677853
24461,0.15110422455818912
24462,0.11742424273316714
24464,0.16702373809298254
24465,0.08114955970069486
24466,0.13868581305393693
24467,0.14055371014659532
24468,0.16201166752117757
24469,0.1432825803321197
24474,0.16900122899745415
24475,0.0682655873747873
24476,0.1697916260780708
24477,0.1727640823650902
24478,0.28911575857085486
24480,0.15806387054552584
24481,0.12752599279919571
24483,0.11207400138840945
24484,0.12817778164266683
24485,0.17909102069461486
24486,0.2664408959234674
24487,0.1323129437788345
24488,0.13972623454508953
24489,0.14811384982016812
24491,0.14634463218739957
24492,0.21757609907567269
24494,0.06911466902754246
24496,0.15027606676456626
24497,0.17061492843870513
24499,0.13470075677339305
24501,0.16098825505267964
24502,0.2307934693295322
24503,0.3647042805577794
24504,0.24089694339346787
24505,0.21841220366224423
24506,0.14034041587109491
24507,0.14358439555802122
24508,0.10669057619663316
24509,0.14075658343291522
24510,0.1496644430694018
24511,0.203590932441383
24512,0.08364347006660751
24513,0.16637460089363962
24514,0.1507160791465393
24515,0.14037001235991853
24517,0.2675452942816666
24518,0.07460060835755493
24520,0.06834205571526614
24521,0.08250157649888448
24523,0.15617944938627043
24524,0.055630075917528436
24526,0.12563037997739954
24527,0.16819708877422773
24528,0.1444158612938906
24530,0.14745095548650833
24531,0.16756523746057345
24532,0.2598777653674996
24533,0.1338328241326854
24534,0.165110274518275
24535,0.2247458837480435
24536,0.18933242506023665
24538,0.15346383761950325
24539,0.1305990335738565
24540,0.2624158349343501
24541,0.14623851229306256
24543,0.17299321781428093
24544,0.1431252668071051
24546,0.15564703406978436
24547,0.25198159400785675
24548,0.13509525254851612
24549,0.1647686889118396
24550,0.37036584157265123
24551,0.15501011407778875
24552,0.1208761146764249
24554,0.2889824496520352
24555,0.2593896577484857
24556,0.14820770797759011
24558,0.21237787279572423
24559,0.37860175658995904
24560,0.14431987817252753
24561,0.11328105853213304
24562,0.2625839681584977
24563,0.22063997718254413
24564,0.15183946301719722
24567,0.13844436133870588
24568,0.12428045672650564
24569,0.18931200555133512
24570,0.2006101423292304
24571,0.1397548578546479
24572,0.3548465631479948
24573,0.25816066916873165
24575,0.2551300371546396
24576,0.15445889720513623
24577,0.1674854054865005
24578,0.3629570866365649
24579,0.09968798465360355
24581,0.1390096940107103
24582,0.148275120404429
24583,0.12255452016317549
24587,0.13963228604704755
24588,0.14320134295425238
24589,0.17169560455399074
24591,0.16230152337831735
24592,0.078668582180599
24593,0.13727925128944224
24594,0.15163013862355204
24595,0.26789448536738947
24596,0.14514546876827925
24597,0.13181203102461045
24599,0.13295294512908737
24600,0.14462571399026278
24601,0.15039047374073516
24603,0.41598275998007894
24604,0.16535514088902112
24605,0.14097524207217946
24608,0.13799584784070834
24609,0.20103822117965742
24610,0.11652760617708308
24613,0.17137744032469368
24614,0.16595409070830602
24615,0.1366864716396005
24616,0.0752293967197716
24618,0.21979149007375218
24619,0.16360664472298672
24620,0.16154732717484413
24621,0.1406690043786134
24622,0.14293282655337738
24623,0.1348504475242952
24624,0.17685662045390324
24625,0.16911305155072492
24628,0.16019595830567537
24629,0.1583879683140083
24630,0.21762216797357092
24631,0.23077634405835445
24632,0.22947315655307574
24633,0.15836838278725715
24634,0.2037199284899745
24635,0.17370707283934336
24636,0.1578248072492819
24637,0.23790122036551675
24638,0.06310030512184268
24639,0.13911034831175725
24640,0.1579649166137156
24641,0.14924989715344075
24642,0.08435454202740776
24643,0.1406225908549645
24644,0.138919832362911
24645,0.12661734191624774
24646,0.15083872357023057
24647,0.13202594508646878
24648,0.26203770785537717
24649,0.15006183272396112
24650,0.1260234180171975
24651,0.14243819187377035
24652,0.1298533723983543
24653,0.38984267847471393
24654,0.2694891792694759
24655,0.19487590012351072
24656,0.15427978024406364
24657,0.1523396634918855
24658,0.07153104932506331
24659,0.15315138039607618
24660,0.155638011331671
24661,0.3394466008174339
24662,0.16735417158470425
24663,0.2356664146264587
24664,0.15376154872755468
24665,0.15183141842507725
24666,0.14163253308708912
24667,0.1365214658169049
24668,0.18602641191177707
24669,0.14958920629541042
24670,0.37050727222250635
24671,0.16609667609715922
24672,0.37762062707131205
24673,0.15404019256199752
24674,0.16523942153697568
24675,0.15340045228088112
24676,0.14910775760783798
24677,0.25837908130119813
24678,0.14585789267310492
24679,0.1421388304838022
24680,0.14424007653950444
24681,0.15003305661105248
24682,0.13946138715570447
24683,0.16648587000453458
24684,0.24448948693464262
24685,0.1413610126934843
24686,0.17964357268169567
24687,0.16322667009590294
24688,0.1402314752137751
24689,0.14041223762348468
24690,0.1524230885195371
24691,0.1479297378674567
24692,0.13292482462520566
24693,0.20591461721415322
24694,0.14249009608777216
24695,0.21592360048247689
24696,0.16422783305464025
24697,0.162026590599306
24698,0.1567029172136466
24699,0.12829999672352543
24700,0.07219081004402135
24701,0.18721048379204533
24702,0.37317444939520644
24703,0.14496765705138273
24704,0.1530291149952542
24705,0.2779419494571198
24706,0.1680752804756485
24707,0.13233147129114003
24708,0.1357968977587237
24709,0.1503634594914383
24710,0.1445740286496749
24711,0.16726483122857924
24712,0.18525435434059273
24713,0.16508003210379302
24714,0.3453338944205344
24715,0.0698593641464314
24716,0.09114573432370307
24717,0.16831360329027226
24718,0.1513160858775357
24719,0.1494325224271315
24720,0.2328448113537165
24721,0.1833774886808816
24722,0.14898775341518983
24723,0.1361330478210836
24724,0.12629451683021034
24725,0.35114263809729246
24726,0.15958000191448798
24727,0.14764722987203283
24728,0.13068256550156682
24729,0.15558304182008276
24730,0.15939846005729166
24731,0.14123949065639294
24732,0.3575663716305777
24733,0.13913749606200299
24734,0.15902148443540345
24735,0.1426219749685614
24736,0.37435101822469447
24737,0.3598183404997858
24738,0.22678530858361948
24739,0.1990506672159223
24740,0.14695037499161684
24741,0.1625139441459144
24742,0.1524507456313097
24743,0.0745321063778668
24744,0.14320169448264816
24745,0.14903903238394683
24746,0.1840395037436226
24747,0.14128560942080814
24748,0.16025145095630472
24749,0.15641428786889922
24750,0.08332421748898489
24751,0.15016560097302517
24752,0.141356373296871
24753,0.13888950437205252
24754,0.28470611059753415
24755,0.3846418052314728
24756,0.21375914375138522
24757,0.2646422531029261
24758,0.07449889614860049
24759,0.15634318622650223
24760,0.16250490872532547
24761,0.15405630845936383
24762,0.14568989079992098
24763,0.08435712366357918
24764,0.1525895214862738
24765,0.15812571568838604
24766,0.156655551449284
24767,0.15153474460348515
24768,0.17103106120693762
24769,0.15566938233701402
24770,0.1538033771002124
24771,0.18033208306278953
24772,0.16515054550672642
24773,0.12547148777671577
24774,0.18333707939146318
24775,0.22901144022424585
24776,0.1931960713246356
24777,0.13024438128293225
24778,0.14624397497028907
24779,0.1551487972764233
24780,0.1482737237387756
24781,0.126511618068825
24782,0.09073727747909204
24783,0.13725867627618507
24784,0.2762852493087695
24785,0.15432714933001734
24786,0.1450512701977053
24787,0.1262107047247195
24788,0.36491715942808806
24789,0.1411618890645306
24790,0.1865449553408687
24791,0.1765357204622791
24792,0.13947727000952798
24793,0.15964495401495912
24794,0.22617692024476682
24795,0.35609138187385475
24796,0.1296466960369781
24797,0.1789022197031543
24798,0.1502442576438786
24799,0.16393565720354594
24800,0.34515213382696125
24801,0.35997848124104365
24802,0.36202318968009295
24803,0.14607078295664702
24804,0.16267380495494754
24805,0.1763049566979585
24806,0.14231144277687857
24807,0.17731674418984517
24808,0.12091311180515951
24809,0.23791471069898895
24810,0.36738491078596075
24811,0.37718825955564206
24812,0.1384044324094457
24813,0.13644721062819357
24814,0.1634172385510073
24815,0.13622323557607896
24816,0.1302219516013072
24817,0.13891137413863303
24818,0.12583387781787503
24819,0.14369998227870304
24820,0.07384229373085983
24821,0.3687100052390769
24822,0.13439701265571177
24823,0.2542454201835334
24824,0.14387441035967782
24825,0.21288351259508567
24826,0.1280724350203192
24827,0.2534638674084958
24828,0.18702893961305989
24829,0.13764759715984634
24830,0.15545152858185546
24831,0.16791857146355788
24832,0.14031806520714016
24833,0.13844513520232912
24834,0.1411010934253749
24835,0.11914106749701403
24836,0.15102813332580015
24837,0.2332988515829557
24838,0.14062592912712346
24839,0.3530769460212513
24840,0.11728189761447
24841,0.1333639555363778
24842,0.07635578687345089
24843,0.14372327563496423
24844,0.17130296864906186
24845,0.08244263665733627
24846,0.12989121907048912
24847,0.252903276510599
24848,0.16086665297722821
24849,0.15572574115612145
24850,0.14908482431737716
24851,0.13634392438266113
24852,0.14063644862293523
24853,0.16427491400933766
24854,0.14137115306740747
24855,0.08270105172218947
24856,0.15392156113826383
24857,0.36540675970357656
24858,0.084857365300868
24859,0.3730742146102042
24860,0.3315516596472822
24861,0.1440862998265427
24862,0.1567545600574407
24863,0.24246482532466837
24864,0.37540129006022516
24865,0.07330247777671965
24866,0.15571823460620912
24867,0.2245158236338108
24868,0.14287773741770776
24869,0.16326562191935998
24870,0.13798023472293117
24871,0.1591492156157884
24872,0.17585342248571353
24873,0.16300261295540344
24874,0.16565583132074121
24875,0.23101731856013788
24876,0.15898761102915768
24877,0.1709885305601095
24878,0.34439893128592425
24879,0.13583915946778538
24880,0.0683853876871358
24881,0.1555929824972099
24882,0.14378217174436134
24883,0.26971899985412984
24884,0.16793696191411228
24885,0.1666108076227638
24886,0.17652981689560623
24887,0.12259511862273564
24888,0.14284856440426333
24889,0.14173775728270374
24890,0.3360937544996618
24891,0.15527748493384044
24892,0.23433023895789534
24893,0.08586725832216231
24894,0.1430411603960007
24895,0.1448345742253001
24896,0.19035182226840386
24897,0.09066831128613853
24898,0.3326016254914032
24899,0.16064036247968586
24900,0.07783934471855446
24901,0.25810178852825366
24902,0.1390658993225136
24903,0.14656269990371845
24904,0.07983101468049603
24905,0.14769255951308002
24906,0.14148190201536467
24907,0.14321923856692417
24908,0.2331067617449853
24909,0.1402796734204101
24910,0.1546594947439967
24911,0.16800108246419584
24912,0.08315320726076304
24913,0.177456716506009
24914,0.08880882505636133
24915,0.1549216160206587
24916,0.06848120493793178
24917,0.1680359988204483
24918,0.11874515019567014
24919,0.17760699428410334
24920,0.15108094427057314
24921,0.1482226814303379
24922,0.14466992819459149
24923,0.2390143314331691
24924,0.21363353204899777
24925,0.14714218762079856
24926,0.08011332896513464
24927,0.230345724662468
24928,0.15866728505144465
24929,0.3551284637620186
24930,0.22616681880454792
24931,0.3323453706015057
24932,0.13556505065424773
24933,0.17640966449302448
24934,0.1401826390078236
24935,0.15377750491340558
24936,0.3763932819961285
24937,0.18360862872800868
24938,0.15207564831421277
24939,0.22879300434489488
24940,0.15176407612607376
24941,0.14581028549102096
24942,0.19325949031813702
24943,0.05884795799507553
24944,0.2531007083407328
24945,0.3626836252638403
24946,0.23730564020867415
24947,0.37307479512605823
24948,0.14705608302703582
24949,0.14620532618805607
24950,0.1347097480396664
24951,0.34667479386356814
24952,0.08148383849631376
24953,0.18079395204283252
24954,0.1497622798792124
24955,0.14795753656142638
24956,0.15965596584283037
24957,0.14940908500303496
24958,0.07707471706397949
24959,0.14309087974915916
24960,0.18645526181562544
24961,0.15284264314507198
24962,0.34487368092633397
24963,0.16496104769168407
24964,0.17145494938139558
24965,0.17951895965562
24966,0.14641725882890397
24967,0.07719964970799105
24968,0.34155259720412945
24969,0.1497658425128011
24970,0.2363413665328892
24971,0.1673826706091576
24972,0.12471098078160482
24973,0.15714567957513623
24974,0.34117107067635943
24975,0.1504884324773197
24976,0.25514984060157225
24977,0.14395597745597344
24978,0.16204481975468688
24979,0.14760523759474062
24980,0.08089209685705472
24981,0.1525569303911885
24982,0.27216958164569677
24983,0.1575997507090027
24984,0.17486608950188753
24985,0.14900346612185786
24986,0.13804373541068515
24987,0.17578593375418944
24988,0.17199947476503583
24989,0.2314278923492407
24990,0.15775141412944763
24991,0.21886520415790728
24992,0.22224269201290825
24993,0.25537904290191765
24994,0.14371840053941462
24995,0.1464003657586564
24996,0.06652170099444557
24997,0.1538534759557148
24998,0.16184365150424912
24999,0.14943275197377928
25000,0.17326419129873577
25001,0.13569261970252725
25002,0.1607009891403661
25003,0.16901549086150672
25004,0.17487370014165898
25005,0.13060921599081354
25006,0.15864308045452388
25007,0.07131008592342006
25008,0.15418247506543886
25009,0.18069529440504478
25010,0.15976671690804153
25011,0.14289769721809642
25012,0.06973155566646438
25013,0.173742198635981
25014,0.1546650513186376
25015,0.148725204709051
25016,0.2240244706902185
25017,0.3441430509574986
25018,0.14119089437776233
25019,0.1324223949497421
25020,0.2154407212123126
25021,0.1352383912439306
25022,0.15359707578745815
25023,0.15535971939450607
25024,0.16573065610594612
25025,0.16411060459910704
25026,0.36502802859297984
25027,0.15741781931248577
25028,0.08031593293533014
25029,0.14802470896986583
25030,0.1558596689841941
25031,0.3826580682131826
25032,0.07298741982791233
25033,0.17573264230762262
25034,0.2265944721558824
25035,0.16082240329518724
25036,0.10652892484170305
25037,0.36939467718579394
25038,0.1417944731355658
25039,0.34696270171697574
25040,0.12418870648966471
25041,0.29085646846835134
25042,0.18114473318233043
25043,0.1448315347924117
25044,0.16763978066994936
25045,0.15298836930384244
25046,0.34263943978378175
25047,0.08469530111247779
25048,0.25336585038134946
25049,0.35327443660219027
25050,0.2300832738311571
25051,0.1659884370755933
25052,0.1441768095937062
25053,0.07093820199906656
25054,0.2397165472349119
25055,0.1506614731313284
25056,0.1628918912435206
25057,0.15047574000710565
25058,0.13845545626275108
25059,0.1744278577504624
25060,0.24262108315629127
25061,0.13600701452252248
25062,0.14879866115940055
25063,0.357368111010012
25064,0.2393357973021204
25065,0.0764500269691072
25066,0.16214731943468869
25067,0.13449233985514064
25068,0.15750031964971037
25069,0.15649582376902307
25070,0.34821634137536694
25071,0.15002326443003314
25072,0.15040587588119608
25073,0.33765392588790505
25074,0.17501745948176356
25075,0.17605387076807782
25076,0.15560994438052056
25077,0.16492727661733608
25078,0.13768442067322387
25079,0.15746083417793325
25080,0.378265901166159
25081,0.15113383238378258
25082,0.21757016878167354
25083,0.14785266936974298
25084,0.16102772410359825
25085,0.34290329252699703
25086,0.1564112820423052
25087,0.3611236664827183
25088,0.15260113009101825
25089,0.2406021884077356
25090,0.11157417962233401
25091,0.34792463460596396
25092,0.22889221756909392
25093,0.337774008335707
25094,0.25190024167936875
25095,0.17371344816270065
25096,0.14836027351756242
25097,0.3501131927219971
25098,0.24738238750226998
25099,0.22846087902585477
25100,0.24049144566967448
25101,0.13841861201839306
25102,0.2430468873401609
25103,0.1922438205148324
25104,0.1632029691439788
25105,0.13926361664381065
25106,0.12224553654005835
25107,0.16134127733638812
25108,0.35752642286005265
25109,0.13216385439470588
25110,0.1454062519935634
25111,0.14156216894592188
25112,0.15965120758947862
25113,0.228424671124668
25114,0.16863131577669377
25115,0.25953382815258225
25116,0.22674817914216536
25117,0.1538226683413042
25118,0.15937360205730294
25119,0.14126370613544262
25120,0.08076916273362945
25121,0.10323984418355603
25122,0.2776363414697903
25123,0.17300351445307935
25124,0.16246465827181036
25125,0.1480359314593543
25126,0.23979801257346894
25127,0.23794494416432857
25128,0.3971635070316049
25129,0.1567741618417195
25130,0.15540923254678327
25131,0.1399452628933769
25132,0.14495685749750392
25133,0.16622699431298327
25134,0.0733154022883383
25135,0.1491661178552153
25136,0.160135296571312
25137,0.13414397334477945
25138,0.1391405891995702
25139,0.14306725757886204
25140,0.13975235856074378
25141,0.1488757906572115
25142,0.17580848418058187
25143,0.06124919117915022
25144,0.13753768284657192
25145,0.16657840537837934
25146,0.20887569415326784
25147,0.16827267412367983
25148,0.22961906391154238
25149,0.25254074679222344
25150,0.13600825034684894
25151,0.15854211238253088
25152,0.0897728103876054
25153,0.15160421653866074
25154,0.36673608544382336
25155,0.15312643696161987
25156,0.15060810863460805
25157,0.13868651123395462
25158,0.14588738514117794
25159,0.17142737219859017
25160,0.15760930279667343
25161,0.18994525583015726
25162,0.1550990376677093
25163,0.1381732867362814
25164,0.15020267350374836
25165,0.1318296022650477
25166,0.09015226022789494
25167,0.18192235889189662
25168,0.1884752946298514
25169,0.09023595494029474
25170,0.15782927373030334
25171,0.18071490382515873
25172,0.13991928808972792
25173,0.08399296565441056
25174,0.16386737424762585
25175,0.18405642847286005
25176,0.07971656869239459
25177,0.1567049725838936
25178,0.13894161045529307
25179,0.1674746628858827
25180,0.13645639024136208
25181,0.14018380859075044
25182,0.34334323237606024
25183,0.16050651300777227
25184,0.14141153527301628
25185,0.14653651415644853
25186,0.16103077303082716
25187,0.1435533071133685
25188,0.1637975815541798
25189,0.14880135829061997
25190,0.17103355650852
25191,0.3002668021571865
25192,0.3551960262307135
25193,0.16924066211431815
25194,0.16229426877569056
25195,0.3353974134837481
25196,0.16474194910185935
25197,0.14248965356529508
25198,0.09607705850482885
25199,0.2663782434543056
25200,0.16173024296717392
25201,0.35490577001020374
25202,0.13983557719104792
25203,0.13283376073066577
25204,0.12828487325275942
25205,0.2360744549767741
25206,0.14813928371589874
25207,0.12498114083915483
25208,0.1467308413736253
25209,0.23959943254668079
25210,0.1609464467471317
25211,0.1338800766131152
25212,0.35259237474674826
25213,0.13794362151057937
25214,0.1420914231040354
25215,0.1612270469740426
25216,0.23023111693355647
25217,0.2240247578561158
25218,0.1376383250548765
25219,0.16342306750369606
25220,0.1486223563128975
25221,0.28698999896250826
25222,0.16684442184427395
25223,0.1476975447308273
25224,0.15469499379859944
25225,0.1802792261803871
25226,0.32178744243984814
25227,0.15044136657877044
25228,0.17494663925419426
25229,0.17368385204404635
25230,0.15454180817337457
25231,0.14236799136979716
25232,0.12992778043739914
25233,0.16429392395049805
25234,0.34496705376827813
25235,0.15558914103493238
25236,0.16577827489255945
25237,0.3398198047723822
25238,0.24316166588075894
25239,0.1513959132265171
25240,0.36354285268620756
25241,0.14866244306757267
25242,0.11174397427889944
25243,0.1346264095622643
25244,0.33398816781032337
25245,0.16047939357386606
25246,0.1520778624463473
25247,0.1642934008215209
25248,0.07541934501329942
25249,0.14809601336478034
25250,0.1381582430014606
25251,0.1483358452751559
25252,0.2059438172003172
25253,0.08442931714735824
25254,0.1604497970867074
25255,0.24619224719972377
25256,0.13842371977714532
25257,0.13557651974686533
25258,0.15227404490783777
25259,0.1440672059263992
25260,0.2433302815038695
25261,0.2624539137836358
25262,0.14739101384580292
25263,0.1520394517665957
25264,0.14475817437229874
25265,0.14952351696375152
25266,0.14184519016437874
25267,0.154071773937617
25268,0.1400122848439902
25269,0.24381506820311244
25270,0.13296875220613094
25271,0.08320698343481775
25272,0.1356444202112663
25273,0.3686726861389708
25274,0.12004926222788122
25275,0.26641380720472974
25276,0.1463977280968077
25277,0.14828345462884107
25278,0.22757050706869783
25279,0.1732746239560264
25280,0.33613516255382003
25281,0.23181029497916272
25282,0.1705182242142101
25283,0.19671615940292075
25284,0.21656587038139755
25285,0.16538763068059487
25286,0.17343591507230713
25287,0.09000963406197558
25288,0.15388727174577516
25289,0.16470277413636192
25290,0.14526421811545515
25291,0.15053119219477043
25292,0.1413448613172713
25293,0.22114599858365414
25294,0.2627241837345361
25295,0.15705077737796672
25296,0.16441030723649844
25297,0.15753731955754174
25298,0.07636146937639027
25299,0.16489056849531353
25300,0.08429192142683854
25301,0.15348962311803974
25302,0.13012322741772467
25303,0.16721940096578358
25304,0.161721299296946
25305,0.25619002423017107
25306,0.1555655407995769
25307,0.13514008237322583
25308,0.12518556209879098
25309,0.14856533881216505
25310,0.12033677701283695
25311,0.20110120590566893
25312,0.127309481853014
25313,0.15514575465116479
25314,0.16947042748439237
25315,0.15581707240420356
25316,0.07161434395434124
25317,0.12324778236912891
25318,0.22073157878144198
25319,0.14204265853420153
25320,0.22780302127019653
25321,0.14692162928835642
25322,0.15537638555987388
25323,0.16144445966790766
25324,0.2456505778651394
25325,0.1605660441742187
25326,0.2709551967790589
25327,0.24131733626754828
25328,0.1632895224003014
25329,0.1511808944565051
25330,0.15684727099357376
25331,0.07385540700405224
25332,0.18749472457772218
25333,0.15812281286590707
25334,0.35616147086572314
25335,0.21143831667549495
25336,0.3517644093877378
25337,0.24446826944914404
25338,0.12398762128093364
25339,0.22759285838411789
25340,0.15396834153585584
25341,0.14976906780551452
25342,0.13711083104925723
25343,0.3371636334773151
25344,0.21438063542915262
25345,0.15357126893552075
25346,0.17684671024430407
25347,0.16981822228955287
25348,0.18435054286483868
25349,0.14428448339520417
25350,0.13502927929609473
25351,0.1298956410193271
25352,0.08956937797555437
25353,0.14799515100682828
25354,0.1508191401091766
25355,0.15634769387514244
25356,0.1409570559757635
25357,0.06967812452316231
25358,0.21418326671490287
25359,0.36519736836235417
25360,0.15526729044164095
25361,0.14466195910607624
25362,0.2193263011712166
25363,0.13034045474909706
25364,0.13161342942033055
25365,0.1435790760062047
25366,0.34447783965778817
25367,0.1655526597204581
25368,0.1593931766487664
25369,0.14767281178784888
25370,0.13528233384558475
25371,0.15988603785040037
25372,0.14261202324360117
25373,0.23999539998364808
25374,0.23890535002273294
25375,0.25278432977278176
25376,0.1407313191036668
25377,0.3700837016091057
25378,0.1441273459050323
25379,0.14285623592107433
25380,0.11323799849690176
25381,0.08858402579651939
25382,0.14008405786996458
25383,0.18012624920419326
25384,0.13238638967708752
25385,0.14624517175779814
25386,0.34944948977461004
25387,0.12390591525771302
25388,0.17469480900699355
25389,0.1309315252761431
25390,0.2721547354837948
25391,0.1381591215128217
25392,0.14300385599870583
25393,0.13177072706526577
25394,0.13188760560725687
25395,0.3349979681435856
25396,0.15630209516531474
25397,0.0886738782125207
25398,0.13543973235442971
25399,0.15132503550469342
25400,0.14522789031230143
25401,0.16378191661472782
25402,0.22255027030538754
25403,0.2499433472622161
25404,0.1452715909662717
25405,0.14595765848314293
25406,0.12379292607265946
25407,0.1502694590835972
25408,0.1647216554291527
25409,0.15563804928178798
25410,0.2972419856998716
25411,0.13986094651101652
25412,0.3557819154018911
25413,0.14584404969922912
25414,0.23154714773426582
25415,0.1504967797940415
25416,0.16954299876641674
25417,0.1550046466363755
25418,0.2136282440048788
25419,0.15139671575558183
25420,0.16417127709708
25421,0.14312837592782368
25422,0.23654930608922475
25423,0.3748002458952103
25424,0.16607847881838794
25425,0.13982275167212083
25426,0.2541799710116937
25427,0.15585198262812833
25428,0.1613272600294717
25429,0.25888992340119554
25430,0.15206006873661843
25431,0.20269718160454014
25432,0.1866396220990137
25433,0.1856438913416842
25434,0.16281016477950067
25435,0.08522014231918239
25436,0.12987752034094077
25437,0.16708706452281824
25438,0.1562854709325135
25439,0.14611132046878406
25440,0.2174190617425945
25441,0.15589106934749075
25442,0.1494814327033442
25443,0.1263586417509521
25444,0.34292344675110664
25445,0.14335416764576836
25446,0.3811227813327699
25447,0.13752368755648436
25448,0.14543999524508455
25449,0.3434148677765047
25450,0.14313759843953944
25451,0.20544209550134082
25452,0.0780015883664063
25453,0.13271460599322277
25454,0.14084839919855727
25455,0.14015924239633673
25456,0.1581514205827615
25457,0.14641026078179542
25458,0.13791510626834474
25459,0.22991502483667026
25460,0.07723711443289313
25461,0.1385890925019771
25462,0.15026606776237195
25463,0.16518246760336125
25464,0.330201766626225
25465,0.35541110500585266
25466,0.26790294021799244
25467,0.1264014159039907
25468,0.14251049036926644
25469,0.16021007638635026
25470,0.2241565926012501
25471,0.15720757464492688
25472,0.1365873771018188
25473,0.1543780295060006
25474,0.13843712400439803
25475,0.21499275146159444
25476,0.1540935043436313
25477,0.3721454996668958
25478,0.1432331246717786
25479,0.3713093937961489
25480,0.25157478526458954
25481,0.162104987091894
25482,0.2609022553883509
25483,0.13403256919553902
25484,0.15125650228036175
25485,0.15286655434156138
25486,0.21438173425567367
25487,0.36523617981264317
25488,0.22797777136574984
25489,0.14570612382293607
25490,0.14127584364889284
25491,0.13829485743877687
25492,0.16336013138713162
25493,0.1701779002272825
25494,0.15164219166761617
25495,0.1285016369428755
25496,0.08891168213049805
25497,0.15650808205373723
25498,0.08259674778976395
25499,0.1659657384174233
25500,0.24337083555505526
25501,0.11398882358526391
25502,0.1595099285956118
25503,0.17925977674352966
25504,0.25721271120872186
25505,0.08069155848609352
25506,0.14148992406707972
25507,0.07088344505972914
25508,0.12032521004963029
25509,0.14414957959865182
25510,0.17254645613570785
25511,0.156027164816247
25512,0.38054652716467396
25513,0.23412011541310368
25514,0.22623849256934941
25515,0.16607530849232452
25516,0.16929271770451276
25517,0.08468126393376613
25518,0.18272244862024775
25519,0.14954864827240272
25520,0.15679963007617487
25521,0.1444914606060679
25522,0.15377476344745317
25523,0.2357616420425814
25524,0.14659151382787228
25525,0.14868903875738
25526,0.08073815941888196
25527,0.1483523159186374
25528,0.2388520877390873
25529,0.1436859327640842
25530,0.06764885662473441
25531,0.12973452869166804
25532,0.14387637222054755
25533,0.14287630253868042
25534,0.1404201887909556
25535,0.3375825461970985
25536,0.23701485536539404
25537,0.25981329593705726
25538,0.13936703263728734
25539,0.17746616345397812
25540,0.14997814337997747
25541,0.12923853690798992
25542,0.16966359608023615
25543,0.14675289100301847
25544,0.14445442580810017
25545,0.16377628881285278
25546,0.1625996211034889
25547,0.13715059850825154
25548,0.14483048835788911
25549,0.08053011381653924
25550,0.145614903936884
25551,0.1403748531585945
25552,0.1519889500735257
25553,0.3502654079951072
25554,0.07414705123430626
25555,0.12602827009913034
25556,0.1426053759122315
25557,0.16062627044538666
25558,0.13354835899938441
25559,0.1558674684377584
25560,0.15081417717628084
25561,0.07514756190865432
25562,0.16828276053636881
25563,0.14295216921485618
25564,0.12562720186186774
25565,0.14533854269274296
25566,0.1409950336198935
25567,0.13290339969465
25568,0.15190071231169197
25569,0.14860298138005826
25570,0.15978155927997237
25571,0.24801640438430372
25572,0.147238690195032
25573,0.2199894171699651
25574,0.14463306000785392
25575,0.18443096079118643
25576,0.1347589433485952
25577,0.1573664970636446
25578,0.16480743098232084
25579,0.12936625123610299
25580,0.20283438110015437
25581,0.2501923715885826
25582,0.1408508799444692
25583,0.13804155617972647
25584,0.17144140540589137
25585,0.14357439052838036
25586,0.2344201888674767
25587,0.2307345989190665
25588,0.262463165169552
25589,0.16163945261646434
25590,0.1233831243822198
25591,0.14745380431943336
25592,0.1344079938991698
25593,0.15457931504754863
25594,0.1698235436629496
25595,0.0765889795347256
25596,0.15465391473448328
25597,0.08569407051798694
25598,0.23889394301373262
25599,0.15355282921486324
25600,0.16930903587457874
25601,0.1343719876859604
25602,0.17384561382970395
25603,0.2374436964177018
25604,0.15578919386864157
25605,0.14393077523058181
25606,0.13988849246403004
25607,0.12937928479574298
25608,0.22837168780629835
25609,0.1529791768396388
25610,0.1335176723138078
25611,0.12279520618961166
25612,0.14880401763271733
25613,0.15927253668380056
25614,0.2504575457038097
25615,0.13164790899178133
25616,0.13854651433828327
25617,0.16241148917511944
25618,0.36507697527601235
25619,0.23154737239980733
25620,0.2353323243826834
25621,0.158160654685866
25622,0.15327508373354326
25623,0.15103136243420617
25624,0.1372108935450761
25625,0.1551358280832076
25626,0.15659380768089526
25627,0.34635666878174187
25628,0.06398515275794196
25629,0.06835583155654808
25630,0.14988679059326754
25631,0.2801490875078627
25632,0.14054144923149273
25633,0.1351378570329489
25634,0.14954542371041146
25635,0.14360144161159571
25636,0.1653544383822953
25637,0.09546344485045122
25638,0.15395084673112272
25639,0.1492246084787086
25640,0.16215825735291384
25641,0.13200649895426267
25642,0.13989022117842204
25643,0.16915146756133626
25644,0.20732012889383936
25645,0.14332913882218387
25646,0.16230256707830093
25647,0.147567790425648
25648,0.15432482404915854
25649,0.22013467347739785
25650,0.16021454216269912
25651,0.18440243164272976
25652,0.26252652334837784
25653,0.14828337377814024
25654,0.1475812568270086
25655,0.38677452482956814
25656,0.38858803350634424
25657,0.14737562692353218
25658,0.07478344743945026
25659,0.1323818285693869
25660,0.13835552162259607
25661,0.24508109225412397
25662,0.17189161907425152
25663,0.13262713592871936
25664,0.23205761157718266
25665,0.16208971482607107
25666,0.07303391454543716
25667,0.14885157307402858
25668,0.14254302944707073
25669,0.22077196765134943
25670,0.167393584824475
25671,0.14491469265080953
25672,0.19137463857722095
25673,0.07569958457204061
25674,0.13468851259060516
25675,0.14526140605992421
25676,0.20694804206155393
25677,0.14347749736342863
25678,0.18551796250633085
25679,0.17099464547096305
25680,0.14921730841832515
25681,0.17879164604127826
25682,0.1570032737668571
25683,0.37860674046084586
25684,0.1614577091211008
25685,0.154796368127737
25686,0.13578750712099777
25687,0.13196750333165538
25688,0.2629166195442807
25689,0.16776330367420692
25690,0.1486893772786681
25691,0.13094603609687194
25692,0.1323034120668438
25693,0.1535560120986423
25694,0.19714115224855772
25695,0.15894205344144435
25696,0.13020227400840295
25697,0.36476369567711614
25698,0.13024418835597693
25699,0.07000529097709297
25700,0.14665377467359095
25701,0.16601929816854336
25702,0.16245672216211823
25703,0.2439815771631545
25704,0.35241303985370487
25705,0.15704468208523098
25706,0.15058327535460947
25707,0.23465357321459251
25708,0.22893877225472398
25709,0.15232885813278368
25710,0.07111870999044288
25711,0.24446815586604093
25712,0.13778018702195138
25713,0.08629765200560234
25714,0.06939194924049742
25715,0.1692230127655415
25716,0.1354339003639216
25717,0.06824965864425157
25718,0.1662280377437546
25719,0.20898305754047042
25720,0.15306170143746375
25721,0.23359872357745465
25722,0.35961371480534926
25723,0.15309552062755002
25724,0.15240081444571654
25725,0.14975595816349843
25726,0.08781960240372838
25727,0.1439929055059022
25728,0.14002440738954874
25729,0.13527244215446033
25730,0.1432734636500667
25731,0.1782832359535257
25732,0.14732224039040542
25733,0.12847148994256882
25734,0.23448813626422874
25735,0.1370182586010944
25736,0.16116970075997697
25737,0.16030778371374063
25738,0.2189802418946013
25739,0.07918222875843467
25740,0.1522446716690346
25741,0.1475087372441782
25742,0.12670869207938923
25743,0.14517567994162175
25744,0.12178593688266927
25745,0.1381440574895723
25746,0.1634307905794131
25747,0.1423993504208497
25748,0.16137376744092044
25749,0.2493916175219271
25750,0.15075614796959386
25751,0.33959324763976667
25752,0.15038624189493602
25753,0.35714946110381174
25754,0.15177964836086433
25755,0.08139798281452847
25756,0.2025118894391115
25757,0.18848964523124073
25758,0.13128078696565942
25759,0.21986351331707185
25760,0.14629884155606762
25761,0.14799416273290578
25762,0.0932840407603636
25763,0.12987918729220457
25764,0.1397453272223429
25765,0.14905428068558604
25766,0.14525305483808384
25767,0.3936531060294982
25768,0.14202533449521212
25769,0.15216852893230678
25770,0.0837334595660173
25771,0.23412476503617008
25772,0.14071563554329217
25773,0.17329670145982148
25774,0.35570263023356863
25775,0.15938452389154642
25776,0.1260054803672518
25777,0.21804619142612525
25778,0.17553309423328523
25779,0.17347324382445659
25780,0.22335236847388734
25781,0.14289386555219682
25782,0.14579092718477643
25783,0.14616774922346212
25784,0.15988492216710803
25785,0.07336455216832248
25786,0.14785287240507294
25787,0.14873943692155625
25788,0.347044608003196
25789,0.1604400547049368
25790,0.1443161720725814
25791,0.1570540168781481
25792,0.17154703884718164
25793,0.1815498536089537
25794,0.13355665698604804
25795,0.1849362609552436
25796,0.14829463440562157
25797,0.20741089677581215
25798,0.1630062291218798
25799,0.24755293701010508
25800,0.1717916210502822
25801,0.15431655928073731
25802,0.24039499845692272
25803,0.15554028393040928
25804,0.0632381736011646
25805,0.1495344140138922
25806,0.13307832199411443
25807,0.3671826314607197
25808,0.15281401432500605
25809,0.13701309531116262
25810,0.17901054873032013
25811,0.06589168546153738
25812,0.13506832619253534
25813,0.1532171604592788
25814,0.3364713862615202
25815,0.15438895898909502
25816,0.15161348245129896
25817,0.3474150030506754
25818,0.08475037273843507
25819,0.17365701976738707
25820,0.14963290979878524
25821,0.13962303623360214
25822,0.1496923162889763
25823,0.17007476443512148
25824,0.07949897626849223
25825,0.1827440781643102
25826,0.15600492264833846
25827,0.06832434381127524
25828,0.23529969546786125
25829,0.0906092716146131
25830,0.14756964115787102
25831,0.1385492582772468
25832,0.13103831226883844
25833,0.13554930617618752
25834,0.21942332370598766
25835,0.17566261758293647
25836,0.3441440089316919
25837,0.19955586079634485
25838,0.13095807400743947
25839,0.15551340447847406
25840,0.15677652818693263
25841,0.16631653782185535
25842,0.12908589874784157
25843,0.15126563493043896
25844,0.22773286680749258
25845,0.2570049768292966
25846,0.08854388025865935
25847,0.1448154882536814
25848,0.09400983989698188
25849,0.133749042566932
25850,0.13983996253754355
25851,0.1258498269494267
25852,0.14164300296468346
25853,0.08190216965381862
25854,0.15196846768965164
25855,0.16562473620463536
25856,0.15321720129541283
25857,0.17410651216617018
25858,0.2374160562325268
25859,0.12423546033787546
25860,0.16990531818497234
25861,0.3765144399735354
25862,0.18046724906326103
25863,0.11205941549888578
25864,0.13970937531001948
25865,0.15546277538108455
25866,0.2515322923715891
25867,0.13052980692100788
25868,0.24323964723122984
25869,0.1708199753525897
25870,0.17889160720568006
25871,0.25294266571822305
25872,0.09021157959942536
25873,0.16452610378418783
25874,0.14686316523688653
25875,0.13441085777539075
25876,0.14904392449973924
25877,0.15122298958357558
25878,0.23189022819363664
25879,0.17402213166586353
25880,0.1565392437040523
25881,0.07101371602511214
25882,0.16323688983207965
25883,0.15560511147229372
25884,0.15084375318024326
25885,0.24030382964534627
25886,0.35779722101205247
25887,0.18696690459560023
25888,0.14926715813369484
25889,0.1399142711109239
25890,0.15596197006673937
25891,0.13821062466925332
25892,0.16643610155106497
25893,0.14565031584891788
25894,0.35779625457343883
25895,0.13354068563260857
25896,0.2185210133847753
25897,0.27067166109366864
25898,0.12943581064665047
25899,0.09499753033322222
25900,0.15210032274686816
25901,0.1484701218599785
25902,0.16108830925490034
25903,0.13192828643964524
25904,0.15942107474408188
25905,0.16062542088590256
25906,0.14937647927099607
25907,0.1400845757607286
25908,0.16606948040355055
25909,0.15179131826870382
25910,0.15145143604323952
25911,0.15977274812366457
25912,0.15255990539613226
25913,0.25111668752639876
25914,0.16843578892239372
25915,0.16079730468474174
25916,0.1759297080481779
25917,0.15035481076749688
25918,0.1507925480877072
25919,0.0883097264961947
25920,0.14737215289178815
25921,0.226946961053446
25922,0.14498010681042525
25923,0.14452315170892496
25924,0.21529573981095407
25925,0.1398360629863163
25926,0.1998143871866487
25927,0.14301662985269092
25928,0.22109662609309183
25929,0.13358858968234738
25930,0.1443373493593922
25931,0.14399451976696187
25932,0.18253672788356473
25933,0.16304613059037426
25934,0.14625868498972383
25935,0.07681567668059051
25936,0.1811346274353098
25937,0.12718787726552225
25938,0.08195458351877524
25939,0.2137931963997682
25940,0.1547433045471635
25941,0.13799659577479687
25942,0.12832219129382993
25943,0.1445003274293731
25944,0.23939703971073753
25945,0.14625138635820462
25946,0.15002577404885065
25947,0.2399092026344523
25948,0.16235731572933182
25949,0.3612486673436836
25950,0.09481214143198302
25951,0.17527924189001434
25952,0.17260557535585117
25953,0.14732085266339578
25954,0.06935805411358144
25955,0.18971789993039193
25956,0.16354362150534227
25957,0.16560434370014956
25958,0.1395058109130593
25959,0.18522340380200203
25960,0.1425119902335386
25961,0.145372368817092
25962,0.23015082614935217
25963,0.14240252235965317
25964,0.1752399004276166
25965,0.14405256533927605
25966,0.14449739189898098
25967,0.14379498167395935
25968,0.1432151621362437
25969,0.1450964710831233
25970,0.14760454452882002
25971,0.07922883254146584
25972,0.27008398457742283
25973,0.08457925020179224
25974,0.1416037821195264
25975,0.14911772488753897
25976,0.1525745427465458
25977,0.25654534180866156
25978,0.19963417287117616
25979,0.17444225233173694
25980,0.24518949816540342
25981,0.3484066195857764
25982,0.07479207002075028
25983,0.0826620102947067
25984,0.07252587722288685
25985,0.2586607970168855
25986,0.14871948636743668
25987,0.13672857386808576
25988,0.15268764034557197
25989,0.130366548216115
25990,0.13664617096694676
25991,0.16776124522491637
25992,0.13878932164880178
25993,0.23094941053013393
25994,0.15266785654776277
25995,0.15230545557129535
25996,0.14977014703781036
25997,0.15636285801136376
25998,0.1484435153891708
25999,0.1650291947745999
26000,0.1518951322049015
26001,0.12618503026596647
26002,0.14508148883810554
26003,0.14822326949162873
26004,0.14876807885807425
26005,0.166830139101177
26006,0.16414698905889197
26007,0.14004993548235808
26008,0.1763904821938885
26009,0.16088555166539534
26010,0.179306542167185
26011,0.07721589414202648
26012,0.11290263896897111
26013,0.1430491734860574
26014,0.14601526706075238
26015,0.17186682818628743
26016,0.23294844047694027
26017,0.23734571381253516
26018,0.15066132199778715
26019,0.07655277683759494
26020,0.1259235265295854
26021,0.21583248414920486
26022,0.14649568194961649
26023,0.14901786174777418
26024,0.12557911656272697
26025,0.16765829958334663
26026,0.24834611865588255
26027,0.36743189708988444
26028,0.07733686742741348
26029,0.07242034176447991
26030,0.13541796945051227
26031,0.15183944302325666
26032,0.3936842896152636
26033,0.1491628431177281
26034,0.1623743773487145
26035,0.08400538274501455
26036,0.1456928835521599
26037,0.2335422391229043
26038,0.15471625123279953
26039,0.16036097426083123
26040,0.2413870980690629
26041,0.15882006574646848
26042,0.08106149839528365
26043,0.14499397544889403
26044,0.1424046802710351
26045,0.1624096471868935
26046,0.1606365192130542
26047,0.25502198291687156
26048,0.14833144719708555
26049,0.23777379270458787
26050,0.15928703643734998
26051,0.14344276354543434
26052,0.07595407827335512
26053,0.18635695546497721
26054,0.08539763113493147
26055,0.14236026206417923
26056,0.25240702314410535
26057,0.13837224324196712
26058,0.21624067744620357
26059,0.16117241403903365
26060,0.14903020714839008
26061,0.1429069004889919
26062,0.14506468972857756
26063,0.17109304966050431
26064,0.1658818111873618
26065,0.17223861751542144
26066,0.1668751446698836
26067,0.0783950925293375
26068,0.17888965549408303
26069,0.15278405820783078
26070,0.23090544390587667
26071,0.14511769458988472
26072,0.13913463100401954
26073,0.17086368416599212
26074,0.16032258041352063
26075,0.15079598323798948
26076,0.14967042193876506
26077,0.24662511297836243
26078,0.34312045672728825
26079,0.16475993566860758
26080,0.17943873536745705
26081,0.1583888297117611
26082,0.13922310126873488
26083,0.16583195247122998
26084,0.1289585798679595
26085,0.1381562545500671
26086,0.14115802529748944
26087,0.11676386704065728
26088,0.140836419156991
26089,0.15915385270179538
26090,0.16187206275145397
26091,0.14634092827610307
26092,0.24236823666135368
26093,0.14942504564961318
26094,0.1466427267172146
26095,0.0855450831655466
26096,0.14319332410954744
26097,0.36483110066028235
26098,0.4019334385062021
26099,0.14982512300164677
26100,0.13672370194132752
26101,0.08857615300706417
26102,0.1496038438217019
26103,0.22913299729545344
26104,0.36244729711289264
26105,0.08513112950300725
26106,0.07050998425727308
26107,0.15238409556205246
26108,0.0666264773117329
26109,0.1599747636326054
26110,0.16013614133149087
26111,0.1446756865136035
26112,0.13213857434559806
26113,0.14216803017451488
26114,0.16549504098879944
26115,0.14216307481279372
26116,0.150415796581971
26117,0.14819022679992008
26118,0.16174654118120654
26119,0.16546540158163725
26120,0.39483714905350875
26121,0.13311939932053335
26122,0.16006257711937663
26123,0.17055358618215036
26124,0.24048606703004005
26125,0.16811590619010044
26126,0.1404185690825888
26127,0.13341123834875857
26128,0.06460888530987313
26129,0.13744595471905915
26130,0.06476130499050603
26131,0.16466208707167673
26132,0.07159073510688131
26133,0.2965495924002477
26134,0.13800371026480007
26135,0.14828959224648677
26136,0.1442940061681835
26137,0.14376501190910657
26138,0.14580931646862913
26139,0.1433155488692443
26140,0.24043163524238007
26141,0.08355127051381878
26142,0.25529102573726137
26143,0.1486340522910965
26144,0.15844592016025852
26145,0.17761778908791326
26146,0.15252437410948153
26147,0.08239777216185078
26148,0.15632336516284207
26149,0.14650253103445862
26150,0.09275468528281665
26151,0.14083923361305103
26152,0.14034523398634857
26153,0.1295928066669132
26154,0.22550006451967275
26155,0.15015014579047162
26156,0.1378014958900573
26157,0.16312315804185334
26158,0.08008067620772287
26159,0.16572564560912978
26160,0.14967612466732683
26161,0.2608202646058208
26162,0.14622014819746437
26163,0.15732730968785977
26164,0.2560580260582766
26165,0.13678651064105596
26166,0.15916193745856755
26167,0.1274620649027393
26168,0.208648564020399
26169,0.07928683522292096
26170,0.1590938469418045
26171,0.1486574277225121
26172,0.23295634022691225
26173,0.15617375095289207
26174,0.3684011806095225
26175,0.0895837352314717
26176,0.172537787842718
26177,0.33996700783942924
26178,0.11203921135480628
26179,0.15623616949636307
26180,0.140404273081968
26181,0.15422689753835941
26182,0.29198419739238235
26183,0.1473891409903427
26184,0.16297903871597227
26185,0.26379285392080754
26186,0.16884906057265295
26187,0.14509484391143787
26188,0.188581150026148
26189,0.06987871195155325
26190,0.1581666512984193
26191,0.15347610450324228
26192,0.14007561553419967
26193,0.1610304830418346
26194,0.16040996075652225
26195,0.130073632470575
26196,0.08183312145483689
26197,0.14576160636940497
26198,0.14854398349667786
26199,0.14680689854404677
26200,0.24774953984199435
26201,0.13643640294174456
26202,0.2514200375112594
26203,0.2526621835530156
26204,0.14808889999823832
26205,0.26972494275199144
26206,0.1425697667091483
26207,0.20054531916857385
26208,0.3538518455723556
26209,0.20050933713715996
26210,0.16749994259343484
26211,0.38595581541672674
26212,0.07518711765668784
26213,0.2232816405223097
26214,0.3820920057489889
26215,0.16643349926120873
26216,0.14365871703197608
26217,0.15550861203046404
26218,0.13501794226888036
26219,0.1608212972340224
26220,0.1545825458474058
26221,0.15336924070647
26222,0.15981968657631646
26223,0.13793827957336008
26224,0.1541501855103337
26225,0.14820513971281435
26226,0.1383210182629512
26227,0.1534828467061079
26228,0.17160539092994354
26229,0.16781965663724802
26230,0.26458452861437665
26231,0.0795540765518755
26232,0.1742592400738788
26233,0.16012291944115467
26234,0.13522346203752947
26235,0.24693650886055438
26236,0.13108170578125866
26237,0.14157885153729383
26238,0.15535401493482903
26239,0.257398553080906
26240,0.14251954172639789
26241,0.13882036140880916
26242,0.14247776096984738
26243,0.168091446935179
26244,0.16194977424127063
26245,0.1380565948163534
26246,0.17396776074961634
26247,0.15817870610073426
26248,0.15579535272793799
26249,0.2946587883031546
26250,0.13824895878069918
26251,0.22231563510692137
26252,0.12868849401575216
26253,0.15067453283776278
26254,0.16991529701384422
26255,0.18429973136749928
26256,0.25545179942328733
26257,0.12260165191584159
26258,0.24244389188536103
26259,0.3400116062919558
26260,0.1733653267538095
26261,0.18475597439997832
26262,0.15905089487086638
26263,0.1722051032075131
26264,0.14768556277614836
26265,0.15849765709555783
26266,0.14393104753110852
26267,0.18690052028547322
26268,0.15881194715972266
26269,0.1347156157870955
26270,0.12419916485703791
26271,0.22180499294074055
26272,0.20956838691762777
26273,0.16628361494078978
26274,0.15139782883303618
26275,0.15028432906713443
26276,0.17298253400527505
26277,0.18428525474632218
26278,0.16848614693959424
26279,0.1470721749723876
26280,0.16026735873567002
26281,0.0886076524854674
26282,0.16454771125737963
26283,0.2267066315971586
26284,0.1396205558031976
26285,0.22446447990315724
26286,0.060486220376186915
26287,0.1633038567987179
26288,0.22582065873774607
26289,0.15479916066439875
26290,0.14010993922365547
26291,0.14228320856741436
26292,0.1836623476781143
26293,0.158044581407757
26294,0.3646568974951463
26295,0.07085389963925358
26296,0.1384120504093759
26297,0.1377931678233533
26298,0.08166010973410973
26299,0.1221874920385168
26300,0.1493602447632365
26301,0.23231749576419788
26302,0.17295634247437633
26303,0.1351250692567753
26304,0.14700896498710236
26305,0.23151151514915816
26306,0.15855987890297002
26307,0.1330526037325819
26308,0.26529417931145954
26309,0.25281226658410094
26310,0.17657265962856783
26311,0.3677048633948554
26312,0.16477372142134808
26313,0.07364438062420632
26314,0.11913807105759765
26315,0.15681562999808688
26316,0.14616370772019896
26317,0.3829576124401995
26318,0.19362720647581175
26319,0.17345350257593267
26320,0.12703356713791789
26321,0.15931147864435202
26322,0.152076426080072
26323,0.18331783324918585
26324,0.15078392188765796
26325,0.19186733333497702
26326,0.0791896401514133
26327,0.06865619158195908
26328,0.15731722126345143
26329,0.15054240453910137
26330,0.15368609997771152
26331,0.3809547945148835
26332,0.16425882122292684
26333,0.07624347871219517
26334,0.15011978473646345
26335,0.2241420657126036
26336,0.16966732579228305
26337,0.1493793566989251
26338,0.13709210729749796
26339,0.14693670112429616
26340,0.07564332412692731
26341,0.07563687774917457
26342,0.3759966809451885
26343,0.13093906546110592
26344,0.15863996610022463
26345,0.18479115679978944
26346,0.16223892927268949
26347,0.143135515491389
26348,0.16762800357955482
26349,0.12402187522961597
26350,0.22460859119932416
26351,0.13835487854597164
26352,0.17489248668360602
26353,0.08069039760767574
26354,0.07291437254364098
26355,0.15527773309747706
26356,0.14412932704876727
26357,0.13179848913049808
26358,0.15247636526634323
26359,0.0679027928807692
26360,0.17988039454707114
26361,0.13098833130837492
26362,0.14798421555398342
26363,0.06711229300444621
26364,0.1652154300233369
26365,0.14396465384122967
26366,0.11725697829870958
26367,0.1812863552965631
26368,0.3723846264809368
26369,0.152097803233056
26370,0.164615898052945
26371,0.076491264703528
26372,0.25623738539564783
26373,0.13425890847479596
26374,0.15118781910899942
26375,0.15547323194840548
26376,0.13122789163682785
26377,0.08123703356365762
26378,0.13916580610036694
26379,0.13859744747058567
26380,0.13828152601430993
26381,0.2334927609869054
26382,0.18087593646896902
26383,0.2850311492940408
26384,0.06944295170717327
26385,0.2723388525213035
26386,0.16649672191810777
26387,0.27043451148558545
26388,0.149269521690289
26389,0.1296388159204938
26390,0.13901332987261064
26391,0.06115492440939619
26392,0.14472506804457216
26393,0.13177300518932353
26394,0.15592900540664778
26395,0.12751521965624657
26396,0.14495763802986403
26397,0.14131929219167932
26398,0.14157329423554668
26399,0.18883603984226696
26400,0.07253357519933598
26401,0.16002016925294013
26402,0.23972065906993878
26403,0.1644807175102076
26404,0.15693177251650597
26405,0.06416649349397656
26406,0.2051792921538469
26407,0.14269684576895905
26408,0.14920218846572122
26409,0.14667389329135433
26410,0.14375629110780602
26411,0.15692736485823183
26412,0.07733093652351525
26413,0.15531867794586107
26414,0.2368625669634869
26415,0.12438354088538653
26416,0.17006685027344517
26417,0.2157221765978619
26418,0.16069948934636474
26419,0.3921148362839536
26420,0.1614270335556612
26421,0.27678257609581425
26422,0.13696382515838149
26423,0.14862859068439085
26424,0.23986840198683113
26425,0.14887282205431762
26426,0.1274681407237763
26427,0.23017564788672584
26428,0.1521057117562827
26429,0.14550039987819038
26430,0.16228683582019052
26431,0.1263266965514794
26432,0.13978545161915198
26433,0.1453491126598512
26434,0.1297823974126052
26435,0.08403878651075293
26436,0.14957408335287492
26437,0.14811634147368644
26438,0.16270305583321612
26439,0.17651060860203288
26440,0.13404239697187337
26441,0.155746471702249
26442,0.16571122193388285
26443,0.14836747094707484
26444,0.1440198139988965
26445,0.12846947961516966
26446,0.18796877986512356
26447,0.15739129087462533
26448,0.14038291428617558
26449,0.1346398863799647
26450,0.07265356313571449
26451,0.2106133547260777
26452,0.14477990129582707
26453,0.28224905943830975
26454,0.12820913878655982
26455,0.05794100751684677
26456,0.25205931541739246
26457,0.13852652484079944
26458,0.15897885861039637
26459,0.22464249008939285
26460,0.14414418441429647
26461,0.2041378212635012
26462,0.14953156019719355
26463,0.34592966944264847
26464,0.14833188455486673
26465,0.14798329469609364
26466,0.23978160387204625
26467,0.26937428294328314
