id_cliente,prediccion
2,0.15
3,0.15
7,0.15
10,0.15
11,0.15
12,0.15
14,0.15
16,0.15
25,0.15
32,0.15
38,0.15
42,0.15
63,0.15
65,0.15
70,0.15
74,0.15
76,0.15
83,0.15
90,0.15
98,0.15
104,0.15
121,0.15
124,0.15
125,0.15
137,0.15
143,0.15
144,0.15
157,0.15
163,0.15
197,0.15
203,0.15
205,0.15
209,0.15
228,0.15
231,0.15
237,0.15
243,0.15
247,0.15
249,0.15
253,0.15
261,0.15
263,0.15
275,0.15
279,0.15
280,0.15
292,0.15
297,0.15
299,0.15
302,0.15
304,0.15
308,0.15
318,0.15
319,0.15
323,0.15
325,0.15
339,0.15
340,0.15
355,0.15
359,0.15
368,0.15
371,0.15
378,0.15
390,0.15
392,0.15
409,0.15
412,0.15
420,0.15
422,0.15
428,0.15
429,0.15
430,0.15
434,0.15
437,0.15
447,0.15
464,0.15
466,0.15
468,0.15
470,0.15
473,0.15
475,0.15
476,0.15
480,0.15
483,0.15
487,0.15
495,0.15
496,0.15
499,0.15
502,0.15
504,0.15
508,0.15
514,0.15
515,0.15
538,0.15
548,0.15
551,0.15
553,0.15
560,0.15
564,0.15
572,0.15
577,0.15
578,0.15
591,0.15
593,0.15
604,0.15
606,0.15
614,0.15
616,0.15
622,0.15
626,0.15
632,0.15
637,0.15
640,0.15
647,0.15
648,0.15
653,0.15
654,0.15
659,0.15
661,0.15
670,0.15
671,0.15
673,0.15
674,0.15
682,0.15
683,0.15
687,0.15
688,0.15
689,0.15
701,0.15
705,0.15
707,0.15
710,0.15
714,0.15
716,0.15
717,0.15
729,0.15
732,0.15
734,0.15
736,0.15
742,0.15
750,0.15
764,0.15
767,0.15
768,0.15
774,0.15
777,0.15
784,0.15
785,0.15
786,0.15
787,0.15
788,0.15
790,0.15
794,0.15
796,0.15
802,0.15
812,0.15
814,0.15
816,0.15
817,0.15
834,0.15
835,0.15
836,0.15
837,0.15
840,0.15
841,0.15
854,0.15
858,0.15
859,0.15
883,0.15
887,0.15
902,0.15
913,0.15
915,0.15
916,0.15
917,0.15
924,0.15
929,0.15
933,0.15
936,0.15
941,0.15
946,0.15
948,0.15
952,0.15
959,0.15
963,0.15
965,0.15
970,0.15
975,0.15
979,0.15
982,0.15
986,0.15
992,0.15
1003,0.15
1004,0.15
1007,0.15
1014,0.15
1017,0.15
1018,0.15
1043,0.15
1046,0.15
1052,0.15
1061,0.15
1063,0.15
1064,0.15
1067,0.15
1070,0.15
1075,0.15
1105,0.15
1116,0.15
1117,0.15
1123,0.15
1125,0.15
1132,0.15
1160,0.15
1161,0.15
1165,0.15
1171,0.15
1181,0.15
1185,0.15
1197,0.15
1202,0.15
1205,0.15
1206,0.15
1213,0.15
1216,0.15
1228,0.15
1232,0.15
1238,0.15
1241,0.15
1246,0.15
1258,0.15
1263,0.15
1289,0.15
1301,0.15
1302,0.15
1303,0.15
1312,0.15
1314,0.15
1322,0.15
1326,0.15
1328,0.15
1334,0.15
1336,0.15
1337,0.15
1338,0.15
1340,0.15
1361,0.15
1365,0.15
1368,0.15
1370,0.15
1378,0.15
1381,0.15
1388,0.15
1393,0.15
1395,0.15
1400,0.15
1404,0.15
1405,0.15
1411,0.15
1414,0.15
1415,0.15
1420,0.15
1425,0.15
1434,0.15
1453,0.15
1455,0.15
1460,0.15
1465,0.15
1474,0.15
1475,0.15
1476,0.15
1477,0.15
1489,0.15
1495,0.15
1496,0.15
1501,0.15
1504,0.15
1506,0.15
1516,0.15
1535,0.15
1541,0.15
1546,0.15
1552,0.15
1558,0.15
1559,0.15
1564,0.15
1566,0.15
1567,0.15
1573,0.15
1576,0.15
1577,0.15
1578,0.15
1586,0.15
1587,0.15
1589,0.15
1591,0.15
1592,0.15
1598,0.15
1602,0.15
1604,0.15
1606,0.15
1614,0.15
1615,0.15
1619,0.15
1623,0.15
1631,0.15
1639,0.15
1648,0.15
1659,0.15
1669,0.15
1673,0.15
1678,0.15
1682,0.15
1683,0.15
1692,0.15
1693,0.15
1695,0.15
1698,0.15
1706,0.15
1709,0.15
1710,0.15
1719,0.15
1720,0.15
1726,0.15
1730,0.15
1732,0.15
1733,0.15
1736,0.15
1743,0.15
1751,0.15
1752,0.15
1754,0.15
1756,0.15
1760,0.15
1765,0.15
1776,0.15
1778,0.15
1779,0.15
1781,0.15
1795,0.15
1808,0.15
1809,0.15
1814,0.15
1821,0.15
1822,0.15
1824,0.15
1827,0.15
1834,0.15
1844,0.15
1851,0.15
1867,0.15
1869,0.15
1875,0.15
1882,0.15
1897,0.15
1910,0.15
1917,0.15
1918,0.15
1935,0.15
1936,0.15
1937,0.15
1949,0.15
1952,0.15
1956,0.15
1969,0.15
1970,0.15
1971,0.15
1977,0.15
1982,0.15
1995,0.15
2002,0.15
2004,0.15
2011,0.15
2013,0.15
2014,0.15
2026,0.15
2040,0.15
2043,0.15
2060,0.15
2069,0.15
2073,0.15
2076,0.15
2082,0.15
2089,0.15
2091,0.15
2103,0.15
2109,0.15
2112,0.15
2113,0.15
2119,0.15
2121,0.15
2125,0.15
2127,0.15
2128,0.15
2132,0.15
2146,0.15
2148,0.15
2149,0.15
2156,0.15
2157,0.15
2159,0.15
2160,0.15
2169,0.15
2170,0.15
2186,0.15
2188,0.15
2190,0.15
2203,0.15
2204,0.15
2205,0.15
2207,0.15
2209,0.15
2211,0.15
2220,0.15
2226,0.15
2229,0.15
2234,0.15
2237,0.15
2240,0.15
2249,0.15
2252,0.15
2264,0.15
2269,0.15
2272,0.15
2283,0.15
2284,0.15
2287,0.15
2290,0.15
2298,0.15
2328,0.15
2329,0.15
2330,0.15
2336,0.15
2338,0.15
2341,0.15
2353,0.15
2356,0.15
2366,0.15
2401,0.15
2404,0.15
2408,0.15
2409,0.15
2410,0.15
2421,0.15
2425,0.15
2427,0.15
2429,0.15
2432,0.15
2435,0.15
2436,0.15
2447,0.15
2449,0.15
2454,0.15
2460,0.15
2472,0.15
2479,0.15
2483,0.15
2484,0.15
2492,0.15
2493,0.15
2495,0.15
2498,0.15
2501,0.15
2510,0.15
2512,0.15
2516,0.15
2517,0.15
2538,0.15
2561,0.15
2563,0.15
2567,0.15
2569,0.15
2576,0.15
2588,0.15
2592,0.15
2593,0.15
2604,0.15
2613,0.15
2620,0.15
2626,0.15
2629,0.15
2634,0.15
2637,0.15
2649,0.15
2653,0.15
2661,0.15
2662,0.15
2668,0.15
2684,0.15
2686,0.15
2706,0.15
2709,0.15
2710,0.15
2712,0.15
2717,0.15
2718,0.15
2720,0.15
2726,0.15
2732,0.15
2735,0.15
2736,0.15
2754,0.15
2755,0.15
2758,0.15
2759,0.15
2768,0.15
2769,0.15
2770,0.15
2776,0.15
2779,0.15
2790,0.15
2794,0.15
2796,0.15
2801,0.15
2810,0.15
2813,0.15
2820,0.15
2822,0.15
2830,0.15
2831,0.15
2835,0.15
2837,0.15
2852,0.15
2861,0.15
2864,0.15
2869,0.15
2870,0.15
2883,0.15
2890,0.15
2892,0.15
2895,0.15
2908,0.15
2911,0.15
2918,0.15
2931,0.15
2936,0.15
2938,0.15
2940,0.15
2942,0.15
2943,0.15
2945,0.15
2949,0.15
2959,0.15
2966,0.15
2969,0.15
2970,0.15
2975,0.15
2976,0.15
2987,0.15
2993,0.15
2995,0.15
2998,0.15
3002,0.15
3004,0.15
3008,0.15
3010,0.15
3019,0.15
3027,0.15
3030,0.15
3031,0.15
3037,0.15
3038,0.15
3039,0.15
3043,0.15
3048,0.15
3049,0.15
3053,0.15
3054,0.15
3056,0.15
3069,0.15
3071,0.15
3072,0.15
3075,0.15
3078,0.15
3080,0.15
3104,0.15
3109,0.15
3126,0.15
3137,0.15
3139,0.15
3142,0.15
3147,0.15
3168,0.15
3169,0.15
3172,0.15
3174,0.15
3178,0.15
3179,0.15
3181,0.15
3190,0.15
3192,0.15
3196,0.15
3197,0.15
3206,0.15
3208,0.15
3210,0.15
3214,0.15
3220,0.15
3228,0.15
3232,0.15
3247,0.15
3253,0.15
3256,0.15
3257,0.15
3262,0.15
3269,0.15
3276,0.15
3279,0.15
3282,0.15
3284,0.15
3285,0.15
3295,0.15
3297,0.15
3298,0.15
3311,0.15
3313,0.15
3321,0.15
3325,0.15
3329,0.15
3345,0.15
3347,0.15
3349,0.15
3350,0.15
3354,0.15
3356,0.15
3363,0.15
3372,0.15
3376,0.15
3380,0.15
3383,0.15
3385,0.15
3387,0.15
3395,0.15
3396,0.15
3397,0.15
3411,0.15
3413,0.15
3415,0.15
3444,0.15
3446,0.15
3447,0.15
3448,0.15
3454,0.15
3466,0.15
3471,0.15
3474,0.15
3488,0.15
3496,0.15
3498,0.15
3508,0.15
3511,0.15
3514,0.15
3524,0.15
3526,0.15
3529,0.15
3552,0.15
3561,0.15
3564,0.15
3566,0.15
3576,0.15
3581,0.15
3582,0.15
3583,0.15
3587,0.15
3589,0.15
3590,0.15
3592,0.15
3594,0.15
3598,0.15
3605,0.15
3608,0.15
3610,0.15
3619,0.15
3622,0.15
3623,0.15
3628,0.15
3629,0.15
3647,0.15
3653,0.15
3657,0.15
3658,0.15
3661,0.15
3665,0.15
3668,0.15
3670,0.15
3672,0.15
3675,0.15
3680,0.15
3697,0.15
3698,0.15
3699,0.15
3703,0.15
3711,0.15
3712,0.15
3716,0.15
3717,0.15
3721,0.15
3726,0.15
3735,0.15
3736,0.15
3740,0.15
3748,0.15
3751,0.15
3753,0.15
3754,0.15
3755,0.15
3764,0.15
3768,0.15
3781,0.15
3782,0.15
3787,0.15
3800,0.15
3804,0.15
3820,0.15
3821,0.15
3824,0.15
3825,0.15
3826,0.15
3831,0.15
3834,0.15
3835,0.15
3836,0.15
3840,0.15
3841,0.15
3848,0.15
3863,0.15
3869,0.15
3875,0.15
3877,0.15
3878,0.15
3879,0.15
3881,0.15
3882,0.15
3887,0.15
3890,0.15
3904,0.15
3905,0.15
3908,0.15
3917,0.15
3927,0.15
3931,0.15
3938,0.15
3944,0.15
3947,0.15
3950,0.15
3971,0.15
3982,0.15
3991,0.15
3992,0.15
3997,0.15
4005,0.15
4008,0.15
4016,0.15
4018,0.15
4020,0.15
4027,0.15
4038,0.15
4045,0.15
4048,0.15
4051,0.15
4054,0.15
4055,0.15
4065,0.15
4066,0.15
4073,0.15
4079,0.15
4084,0.15
4087,0.15
4089,0.15
4091,0.15
4092,0.15
4102,0.15
4108,0.15
4113,0.15
4116,0.15
4117,0.15
4124,0.15
4125,0.15
4128,0.15
4129,0.15
4130,0.15
4134,0.15
4144,0.15
4147,0.15
4150,0.15
4158,0.15
4162,0.15
4163,0.15
4166,0.15
4167,0.15
4168,0.15
4175,0.15
4179,0.15
4180,0.15
4189,0.15
4192,0.15
4195,0.15
4197,0.15
4198,0.15
4202,0.15
4208,0.15
4222,0.15
4225,0.15
4227,0.15
4229,0.15
4230,0.15
4244,0.15
4247,0.15
4249,0.15
4258,0.15
4266,0.15
4283,0.15
4286,0.15
4287,0.15
4289,0.15
4291,0.15
4292,0.15
4296,0.15
4309,0.15
4323,0.15
4324,0.15
4327,0.15
4328,0.15
4330,0.15
4334,0.15
4338,0.15
4341,0.15
4343,0.15
4349,0.15
4366,0.15
4367,0.15
4373,0.15
4374,0.15
4384,0.15
4390,0.15
4403,0.15
4409,0.15
4419,0.15
4427,0.15
4428,0.15
4429,0.15
4430,0.15
4431,0.15
4433,0.15
4434,0.15
4442,0.15
4444,0.15
4456,0.15
4457,0.15
4459,0.15
4463,0.15
4465,0.15
4466,0.15
4469,0.15
4486,0.15
4488,0.15
4490,0.15
4492,0.15
4500,0.15
4502,0.15
4507,0.15
4511,0.15
4512,0.15
4516,0.15
4520,0.15
4536,0.15
4538,0.15
4549,0.15
4554,0.15
4561,0.15
4564,0.15
4566,0.15
4568,0.15
4580,0.15
4586,0.15
4594,0.15
4598,0.15
4602,0.15
4609,0.15
4610,0.15
4611,0.15
4619,0.15
4624,0.15
4627,0.15
4631,0.15
4632,0.15
4635,0.15
4637,0.15
4641,0.15
4643,0.15
4660,0.15
4665,0.15
4667,0.15
4668,0.15
4670,0.15
4674,0.15
4676,0.15
4683,0.15
4684,0.15
4687,0.15
4704,0.15
4706,0.15
4732,0.15
4734,0.15
4735,0.15
4744,0.15
4755,0.15
4759,0.15
4762,0.15
4765,0.15
4767,0.15
4775,0.15
4780,0.15
4789,0.15
4794,0.15
4795,0.15
4797,0.15
4803,0.15
4810,0.15
4812,0.15
4814,0.15
4818,0.15
4820,0.15
4822,0.15
4827,0.15
4828,0.15
4831,0.15
4839,0.15
4841,0.15
4842,0.15
4844,0.15
4852,0.15
4861,0.15
4863,0.15
4878,0.15
4881,0.15
4883,0.15
4884,0.15
4890,0.15
4894,0.15
4895,0.15
4898,0.15
4899,0.15
4901,0.15
4902,0.15
4919,0.15
4934,0.15
4937,0.15
4939,0.15
4945,0.15
4952,0.15
4953,0.15
4954,0.15
4955,0.15
4967,0.15
4970,0.15
4979,0.15
4983,0.15
4989,0.15
4995,0.15
5004,0.15
5007,0.15
5009,0.15
5010,0.15
5016,0.15
5033,0.15
5038,0.15
5045,0.15
5049,0.15
5051,0.15
5055,0.15
5058,0.15
5059,0.15
5073,0.15
5074,0.15
5076,0.15
5078,0.15
5081,0.15
5082,0.15
5084,0.15
5105,0.15
5107,0.15
5111,0.15
5120,0.15
5121,0.15
5123,0.15
5141,0.15
5144,0.15
5147,0.15
5149,0.15
5152,0.15
5160,0.15
5170,0.15
5171,0.15
5176,0.15
5178,0.15
5192,0.15
5195,0.15
5204,0.15
5208,0.15
5211,0.15
5216,0.15
5217,0.15
5225,0.15
5228,0.15
5239,0.15
5241,0.15
5243,0.15
5246,0.15
5247,0.15
5249,0.15
5251,0.15
5255,0.15
5257,0.15
5259,0.15
5260,0.15
5269,0.15
5281,0.15
5284,0.15
5286,0.15
5292,0.15
5293,0.15
5299,0.15
5301,0.15
5303,0.15
5305,0.15
5319,0.15
5325,0.15
5331,0.15
5333,0.15
5335,0.15
5339,0.15
5340,0.15
5341,0.15
5343,0.15
5347,0.15
5353,0.15
5355,0.15
5363,0.15
5365,0.15
5373,0.15
5377,0.15
5379,0.15
5385,0.15
5386,0.15
5387,0.15
5389,0.15
5390,0.15
5396,0.15
5397,0.15
5404,0.15
5407,0.15
5410,0.15
5411,0.15
5412,0.15
5413,0.15
5418,0.15
5424,0.15
5427,0.15
5428,0.15
5433,0.15
5441,0.15
5448,0.15
5456,0.15
5460,0.15
5465,0.15
5468,0.15
5470,0.15
5475,0.15
5487,0.15
5501,0.15
5504,0.15
5508,0.15
5510,0.15
5514,0.15
5528,0.15
5540,0.15
5543,0.15
5545,0.15
5546,0.15
5548,0.15
5551,0.15
5553,0.15
5556,0.15
5560,0.15
5563,0.15
5569,0.15
5572,0.15
5576,0.15
5582,0.15
5586,0.15
5598,0.15
5605,0.15
5608,0.15
5610,0.15
5622,0.15
5628,0.15
5632,0.15
5640,0.15
5641,0.15
5647,0.15
5654,0.15
5665,0.15
5667,0.15
5674,0.15
5691,0.15
5694,0.15
5706,0.15
5716,0.15
5722,0.15
5738,0.15
5745,0.15
5746,0.15
5755,0.15
5756,0.15
5760,0.15
5761,0.15
5762,0.15
5763,0.15
5765,0.15
5773,0.15
5781,0.15
5786,0.15
5789,0.15
5802,0.15
5808,0.15
5811,0.15
5812,0.15
5813,0.15
5821,0.15
5829,0.15
5838,0.15
5842,0.15
5861,0.15
5864,0.15
5871,0.15
5875,0.15
5879,0.15
5881,0.15
5891,0.15
5903,0.15
5909,0.15
5914,0.15
5918,0.15
5933,0.15
5945,0.15
5948,0.15
5949,0.15
5950,0.15
5952,0.15
5955,0.15
5959,0.15
5961,0.15
5964,0.15
5966,0.15
5978,0.15
5980,0.15
5983,0.15
5985,0.15
5995,0.15
6009,0.15
6016,0.15
6021,0.15
6023,0.15
6029,0.15
6033,0.15
6036,0.15
6039,0.15
6046,0.15
6047,0.15
6051,0.15
6054,0.15
6061,0.15
6065,0.15
6068,0.15
6069,0.15
6070,0.15
6072,0.15
6076,0.15
6082,0.15
6104,0.15
6110,0.15
6122,0.15
6123,0.15
6126,0.15
6128,0.15
6131,0.15
6139,0.15
6140,0.15
6142,0.15
6143,0.15
6147,0.15
6152,0.15
6164,0.15
6171,0.15
6173,0.15
6175,0.15
6176,0.15
6179,0.15
6181,0.15
6191,0.15
6200,0.15
6201,0.15
6208,0.15
6219,0.15
6223,0.15
6224,0.15
6237,0.15
6255,0.15
6265,0.15
6273,0.15
6279,0.15
6284,0.15
6295,0.15
6306,0.15
6311,0.15
6327,0.15
6330,0.15
6338,0.15
6343,0.15
6345,0.15
6351,0.15
6357,0.15
6360,0.15
6389,0.15
6392,0.15
6404,0.15
6406,0.15
6407,0.15
6414,0.15
6419,0.15
6425,0.15
6428,0.15
6431,0.15
6435,0.15
6436,0.15
6440,0.15
6446,0.15
6465,0.15
6473,0.15
6476,0.15
6477,0.15
6478,0.15
6494,0.15
6501,0.15
6502,0.15
6503,0.15
6514,0.15
6516,0.15
6534,0.15
6541,0.15
6553,0.15
6557,0.15
6559,0.15
6560,0.15
6562,0.15
6575,0.15
6583,0.15
6588,0.15
6590,0.15
6594,0.15
6602,0.15
6603,0.15
6606,0.15
6614,0.15
6618,0.15
6628,0.15
6633,0.15
6639,0.15
6648,0.15
6654,0.15
6656,0.15
6657,0.15
6663,0.15
6664,0.15
6666,0.15
6670,0.15
6671,0.15
6683,0.15
6694,0.15
6695,0.15
6699,0.15
6701,0.15
6706,0.15
6707,0.15
6720,0.15
6721,0.15
6726,0.15
6735,0.15
6745,0.15
6746,0.15
6751,0.15
6759,0.15
6760,0.15
6765,0.15
6774,0.15
6776,0.15
6779,0.15
6789,0.15
6792,0.15
6797,0.15
6807,0.15
6808,0.15
6811,0.15
6813,0.15
6814,0.15
6817,0.15
6826,0.15
6830,0.15
6832,0.15
6838,0.15
6840,0.15
6850,0.15
6851,0.15
6854,0.15
6856,0.15
6858,0.15
6866,0.15
6871,0.15
6872,0.15
6879,0.15
6881,0.15
6882,0.15
6883,0.15
6894,0.15
6899,0.15
6903,0.15
6908,0.15
6914,0.15
6915,0.15
6917,0.15
6922,0.15
6933,0.15
6944,0.15
6948,0.15
6957,0.15
6964,0.15
6987,0.15
6989,0.15
6991,0.15
6992,0.15
7019,0.15
7021,0.15
7023,0.15
7033,0.15
7034,0.15
7043,0.15
7047,0.15
7050,0.15
7057,0.15
7069,0.15
7070,0.15
7072,0.15
7081,0.15
7082,0.15
7088,0.15
7093,0.15
7100,0.15
7104,0.15
7109,0.15
7111,0.15
7113,0.15
7119,0.15
7122,0.15
7134,0.15
7147,0.15
7155,0.15
7156,0.15
7163,0.15
7173,0.15
7177,0.15
7179,0.15
7191,0.15
7196,0.15
7197,0.15
7205,0.15
7209,0.15
7215,0.15
7216,0.15
7217,0.15
7224,0.15
7230,0.15
7235,0.15
7237,0.15
7245,0.15
7246,0.15
7252,0.15
7257,0.15
7258,0.15
7261,0.15
7269,0.15
7270,0.15
7283,0.15
7299,0.15
7301,0.15
7304,0.15
7311,0.15
7314,0.15
7332,0.15
7333,0.15
7335,0.15
7336,0.15
7337,0.15
7344,0.15
7348,0.15
7351,0.15
7352,0.15
7371,0.15
7373,0.15
7376,0.15
7383,0.15
7390,0.15
7391,0.15
7392,0.15
7395,0.15
7400,0.15
7403,0.15
7404,0.15
7414,0.15
7429,0.15
7435,0.15
7436,0.15
7438,0.15
7441,0.15
7443,0.15
7444,0.15
7452,0.15
7456,0.15
7462,0.15
7483,0.15
7490,0.15
7492,0.15
7504,0.15
7507,0.15
7511,0.15
7519,0.15
7520,0.15
7522,0.15
7530,0.15
7536,0.15
7541,0.15
7543,0.15
7545,0.15
7558,0.15
7560,0.15
7561,0.15
7571,0.15
7579,0.15
7580,0.15
7581,0.15
7586,0.15
7590,0.15
7592,0.15
7594,0.15
7595,0.15
7601,0.15
7602,0.15
7603,0.15
7611,0.15
7617,0.15
7618,0.15
7619,0.15
7625,0.15
7628,0.15
7630,0.15
7631,0.15
7633,0.15
7634,0.15
7641,0.15
7642,0.15
7646,0.15
7662,0.15
7666,0.15
7674,0.15
7676,0.15
7679,0.15
7681,0.15
7686,0.15
7696,0.15
7707,0.15
7708,0.15
7712,0.15
7715,0.15
7716,0.15
7717,0.15
7719,0.15
7723,0.15
7726,0.15
7734,0.15
7739,0.15
7743,0.15
7751,0.15
7752,0.15
7755,0.15
7758,0.15
7761,0.15
7767,0.15
7773,0.15
7779,0.15
7785,0.15
7792,0.15
7800,0.15
7801,0.15
7802,0.15
7808,0.15
7811,0.15
7816,0.15
7822,0.15
7823,0.15
7832,0.15
7833,0.15
7838,0.15
7840,0.15
7857,0.15
7877,0.15
7885,0.15
7900,0.15
7907,0.15
7910,0.15
7918,0.15
7919,0.15
7928,0.15
7933,0.15
7941,0.15
7947,0.15
7955,0.15
7956,0.15
7957,0.15
7964,0.15
7968,0.15
7980,0.15
8004,0.15
8016,0.15
8017,0.15
8024,0.15
8031,0.15
8032,0.15
8035,0.15
8036,0.15
8037,0.15
8052,0.15
8055,0.15
8059,0.15
8063,0.15
8064,0.15
8068,0.15
8070,0.15
8072,0.15
8085,0.15
8089,0.15
8097,0.15
8100,0.15
8102,0.15
8105,0.15
8114,0.15
8117,0.15
8120,0.15
8126,0.15
8128,0.15
8135,0.15
8137,0.15
8148,0.15
8169,0.15
8173,0.15
8178,0.15
8179,0.15
8182,0.15
8184,0.15
8186,0.15
8189,0.15
8196,0.15
8216,0.15
8219,0.15
8221,0.15
8227,0.15
8232,0.15
8245,0.15
8248,0.15
8249,0.15
8250,0.15
8256,0.15
8258,0.15
8259,0.15
8268,0.15
8271,0.15
8273,0.15
8275,0.15
8277,0.15
8283,0.15
8288,0.15
8299,0.15
8300,0.15
8301,0.15
8307,0.15
8315,0.15
8324,0.15
8326,0.15
8351,0.15
8367,0.15
8368,0.15
8371,0.15
8383,0.15
8386,0.15
8402,0.15
8404,0.15
8421,0.15
8422,0.15
8425,0.15
8429,0.15
8433,0.15
8437,0.15
8440,0.15
8455,0.15
8479,0.15
8482,0.15
8485,0.15
8489,0.15
8490,0.15
8492,0.15
8496,0.15
8497,0.15
8498,0.15
8500,0.15
8501,0.15
8508,0.15
8512,0.15
8522,0.15
8536,0.15
8545,0.15
8546,0.15
8554,0.15
8556,0.15
8557,0.15
8559,0.15
8560,0.15
8563,0.15
8565,0.15
8574,0.15
8578,0.15
8585,0.15
8602,0.15
8605,0.15
8609,0.15
8614,0.15
8619,0.15
8629,0.15
8632,0.15
8635,0.15
8639,0.15
8642,0.15
8643,0.15
8655,0.15
8657,0.15
8662,0.15
8666,0.15
8674,0.15
8676,0.15
8686,0.15
8691,0.15
8702,0.15
8714,0.15
8718,0.15
8731,0.15
8738,0.15
8745,0.15
8749,0.15
8754,0.15
8760,0.15
8762,0.15
8767,0.15
8768,0.15
8769,0.15
8771,0.15
8795,0.15
8796,0.15
8811,0.15
8815,0.15
8820,0.15
8825,0.15
8832,0.15
8839,0.15
8841,0.15
8848,0.15
8849,0.15
8856,0.15
8875,0.15
8879,0.15
8882,0.15
8885,0.15
8892,0.15
8897,0.15
8905,0.15
8921,0.15
8928,0.15
8935,0.15
8939,0.15
8941,0.15
8942,0.15
8949,0.15
8951,0.15
8958,0.15
8964,0.15
8972,0.15
8978,0.15
8979,0.15
8988,0.15
8997,0.15
8998,0.15
8999,0.15
9006,0.15
9012,0.15
9024,0.15
9026,0.15
9030,0.15
9034,0.15
9036,0.15
9038,0.15
9040,0.15
9041,0.15
9042,0.15
9046,0.15
9051,0.15
9054,0.15
9057,0.15
9062,0.15
9072,0.15
9075,0.15
9079,0.15
9081,0.15
9091,0.15
9110,0.15
9113,0.15
9116,0.15
9120,0.15
9126,0.15
9133,0.15
9135,0.15
9144,0.15
9146,0.15
9153,0.15
9155,0.15
9160,0.15
9165,0.15
9172,0.15
9174,0.15
9179,0.15
9180,0.15
9195,0.15
9199,0.15
9204,0.15
9205,0.15
9210,0.15
9228,0.15
9233,0.15
9235,0.15
9237,0.15
9239,0.15
9240,0.15
9241,0.15
9242,0.15
9246,0.15
9248,0.15
9253,0.15
9254,0.15
9260,0.15
9261,0.15
9262,0.15
9263,0.15
9268,0.15
9275,0.15
9278,0.15
9287,0.15
9292,0.15
9308,0.15
9309,0.15
9310,0.15
9312,0.15
9314,0.15
9316,0.15
9318,0.15
9322,0.15
9325,0.15
9327,0.15
9336,0.15
9340,0.15
9342,0.15
9346,0.15
9351,0.15
9357,0.15
9372,0.15
9374,0.15
9378,0.15
9385,0.15
9413,0.15
9418,0.15
9420,0.15
9422,0.15
9423,0.15
9425,0.15
9426,0.15
9434,0.15
9436,0.15
9439,0.15
9446,0.15
9460,0.15
9461,0.15
9467,0.15
9472,0.15
9483,0.15
9485,0.15
9492,0.15
9500,0.15
9507,0.15
9514,0.15
9516,0.15
9520,0.15
9542,0.15
9544,0.15
9548,0.15
9556,0.15
9558,0.15
9565,0.15
9571,0.15
9575,0.15
9587,0.15
9602,0.15
9609,0.15
9618,0.15
9622,0.15
9624,0.15
9648,0.15
9658,0.15
9668,0.15
9702,0.15
9705,0.15
9706,0.15
9707,0.15
9708,0.15
9710,0.15
9726,0.15
9753,0.15
9757,0.15
9761,0.15
9765,0.15
9768,0.15
9769,0.15
9775,0.15
9778,0.15
9788,0.15
9789,0.15
9792,0.15
9815,0.15
9816,0.15
9822,0.15
9823,0.15
9827,0.15
9835,0.15
9840,0.15
9841,0.15
9849,0.15
9853,0.15
9869,0.15
9873,0.15
9881,0.15
9892,0.15
9898,0.15
9899,0.15
9915,0.15
9936,0.15
9940,0.15
9941,0.15
9947,0.15
9957,0.15
9962,0.15
9963,0.15
9964,0.15
9965,0.15
9968,0.15
9971,0.15
9973,0.15
9980,0.15
10002,0.15
10005,0.15
10007,0.15
10010,0.15
10013,0.15
10014,0.15
10017,0.15
10024,0.15
10030,0.15
10037,0.15
10046,0.15
10051,0.15
10063,0.15
10067,0.15
10073,0.15
10096,0.15
10099,0.15
10100,0.15
10101,0.15
10103,0.15
10110,0.15
10113,0.15
10116,0.15
10124,0.15
10127,0.15
10129,0.15
10139,0.15
10140,0.15
10145,0.15
10149,0.15
10151,0.15
10165,0.15
10166,0.15
10168,0.15
10174,0.15
10186,0.15
10189,0.15
10193,0.15
10197,0.15
10201,0.15
10206,0.15
10211,0.15
10216,0.15
10224,0.15
10234,0.15
10236,0.15
10239,0.15
10247,0.15
10250,0.15
10253,0.15
10254,0.15
10263,0.15
10264,0.15
10265,0.15
10275,0.15
10280,0.15
10286,0.15
10287,0.15
10293,0.15
10294,0.15
10303,0.15
10308,0.15
10311,0.15
10318,0.15
10323,0.15
10324,0.15
10327,0.15
10330,0.15
10331,0.15
10333,0.15
10334,0.15
10335,0.15
10338,0.15
10339,0.15
10348,0.15
10354,0.15
10356,0.15
10367,0.15
10375,0.15
10384,0.15
10386,0.15
10389,0.15
10393,0.15
10404,0.15
10408,0.15
10416,0.15
10434,0.15
10448,0.15
10449,0.15
10452,0.15
10453,0.15
10454,0.15
10461,0.15
10462,0.15
10472,0.15
10474,0.15
10476,0.15
10478,0.15
10483,0.15
10492,0.15
10493,0.15
10499,0.15
10501,0.15
10509,0.15
10512,0.15
10513,0.15
10516,0.15
10517,0.15
10525,0.15
10529,0.15
10532,0.15
10537,0.15
10541,0.15
10545,0.15
10548,0.15
10552,0.15
10554,0.15
10557,0.15
10564,0.15
10574,0.15
10591,0.15
10596,0.15
10600,0.15
10606,0.15
10611,0.15
10622,0.15
10626,0.15
10629,0.15
10630,0.15
10631,0.15
10633,0.15
10638,0.15
10639,0.15
10640,0.15
10657,0.15
10663,0.15
10664,0.15
10667,0.15
10671,0.15
10672,0.15
10675,0.15
10679,0.15
10681,0.15
10683,0.15
10688,0.15
10701,0.15
10704,0.15
10709,0.15
10715,0.15
10718,0.15
10724,0.15
10731,0.15
10733,0.15
10737,0.15
10744,0.15
10750,0.15
10770,0.15
10776,0.15
10780,0.15
10782,0.15
10789,0.15
10793,0.15
10795,0.15
10807,0.15
10813,0.15
10815,0.15
10817,0.15
10819,0.15
10824,0.15
10828,0.15
10830,0.15
10832,0.15
10836,0.15
10839,0.15
10843,0.15
10844,0.15
10866,0.15
10872,0.15
10873,0.15
10878,0.15
10889,0.15
10899,0.15
10901,0.15
10904,0.15
10910,0.15
10911,0.15
10917,0.15
10920,0.15
10921,0.15
10922,0.15
10929,0.15
10930,0.15
10933,0.15
10934,0.15
10939,0.15
10942,0.15
10943,0.15
10945,0.15
10946,0.15
10949,0.15
10951,0.15
10952,0.15
10953,0.15
10955,0.15
10956,0.15
10959,0.15
10963,0.15
10965,0.15
10971,0.15
10975,0.15
10979,0.15
10983,0.15
10984,0.15
10989,0.15
10992,0.15
11001,0.15
11003,0.15
11004,0.15
11008,0.15
11016,0.15
11017,0.15
11021,0.15
11028,0.15
11034,0.15
11035,0.15
11036,0.15
11041,0.15
11047,0.15
11056,0.15
11058,0.15
11059,0.15
11060,0.15
11064,0.15
11066,0.15
11069,0.15
11071,0.15
11072,0.15
11077,0.15
11080,0.15
11092,0.15
11097,0.15
11098,0.15
11114,0.15
11121,0.15
11124,0.15
11131,0.15
11143,0.15
11146,0.15
11154,0.15
11164,0.15
11172,0.15
11173,0.15
11174,0.15
11175,0.15
11180,0.15
11184,0.15
11188,0.15
11189,0.15
11190,0.15
11197,0.15
11201,0.15
11204,0.15
11211,0.15
11212,0.15
11218,0.15
11219,0.15
11227,0.15
11241,0.15
11251,0.15
11254,0.15
11260,0.15
11264,0.15
11273,0.15
11276,0.15
11278,0.15
11282,0.15
11283,0.15
11291,0.15
11293,0.15
11302,0.15
11304,0.15
11305,0.15
11315,0.15
11321,0.15
11325,0.15
11335,0.15
11341,0.15
11343,0.15
11344,0.15
11361,0.15
11375,0.15
11377,0.15
11379,0.15
11380,0.15
11391,0.15
11393,0.15
11394,0.15
11398,0.15
11399,0.15
11408,0.15
11412,0.15
11420,0.15
11421,0.15
11430,0.15
11437,0.15
11446,0.15
11471,0.15
11472,0.15
11475,0.15
11483,0.15
11492,0.15
11497,0.15
11498,0.15
11502,0.15
11504,0.15
11511,0.15
11512,0.15
11514,0.15
11522,0.15
11524,0.15
11533,0.15
11534,0.15
11541,0.15
11542,0.15
11547,0.15
11548,0.15
11566,0.15
11572,0.15
11574,0.15
11576,0.15
11577,0.15
11580,0.15
11598,0.15
11603,0.15
11613,0.15
11614,0.15
11620,0.15
11621,0.15
11622,0.15
11626,0.15
11630,0.15
11636,0.15
11637,0.15
11639,0.15
11647,0.15
11653,0.15
11654,0.15
11660,0.15
11664,0.15
11667,0.15
11679,0.15
11687,0.15
11691,0.15
11696,0.15
11702,0.15
11703,0.15
11705,0.15
11711,0.15
11716,0.15
11717,0.15
11722,0.15
11724,0.15
11728,0.15
11737,0.15
11738,0.15
11744,0.15
11747,0.15
11753,0.15
11757,0.15
11758,0.15
11760,0.15
11762,0.15
11764,0.15
11768,0.15
11773,0.15
11774,0.15
11783,0.15
11785,0.15
11787,0.15
11791,0.15
11796,0.15
11797,0.15
11798,0.15
11803,0.15
11808,0.15
11810,0.15
11814,0.15
11822,0.15
11824,0.15
11829,0.15
11846,0.15
11847,0.15
11850,0.15
11853,0.15
11854,0.15
11857,0.15
11862,0.15
11883,0.15
11890,0.15
11909,0.15
11913,0.15
11917,0.15
11919,0.15
11920,0.15
11921,0.15
11928,0.15
11929,0.15
11935,0.15
11936,0.15
11939,0.15
11942,0.15
11943,0.15
11946,0.15
11947,0.15
11952,0.15
11956,0.15
11959,0.15
11969,0.15
11973,0.15
11974,0.15
11975,0.15
11993,0.15
11994,0.15
11995,0.15
12002,0.15
12006,0.15
12007,0.15
12014,0.15
12017,0.15
12021,0.15
12023,0.15
12024,0.15
12027,0.15
12034,0.15
12040,0.15
12048,0.15
12052,0.15
12057,0.15
12058,0.15
12061,0.15
12062,0.15
12064,0.15
12071,0.15
12080,0.15
12085,0.15
12090,0.15
12100,0.15
12103,0.15
12104,0.15
12109,0.15
12114,0.15
12123,0.15
12124,0.15
12128,0.15
12132,0.15
12135,0.15
12140,0.15
12149,0.15
12155,0.15
12158,0.15
12161,0.15
12163,0.15
12164,0.15
12174,0.15
12175,0.15
12179,0.15
12183,0.15
12184,0.15
12186,0.15
12190,0.15
12193,0.15
12195,0.15
12196,0.15
12205,0.15
12213,0.15
12220,0.15
12221,0.15
12222,0.15
12224,0.15
12230,0.15
12239,0.15
12242,0.15
12244,0.15
12245,0.15
12247,0.15
12254,0.15
12258,0.15
12266,0.15
12267,0.15
12272,0.15
12273,0.15
12276,0.15
12277,0.15
12283,0.15
12289,0.15
12297,0.15
12300,0.15
12302,0.15
12310,0.15
12312,0.15
12314,0.15
12315,0.15
12327,0.15
12329,0.15
12332,0.15
12342,0.15
12346,0.15
12347,0.15
12349,0.15
12350,0.15
12354,0.15
12356,0.15
12359,0.15
12360,0.15
12369,0.15
12372,0.15
12373,0.15
12375,0.15
12376,0.15
12379,0.15
12382,0.15
12387,0.15
12389,0.15
12394,0.15
12395,0.15
12396,0.15
12404,0.15
12405,0.15
12412,0.15
12419,0.15
12431,0.15
12440,0.15
12444,0.15
12447,0.15
12452,0.15
12454,0.15
12456,0.15
12461,0.15
12469,0.15
12472,0.15
12473,0.15
12474,0.15
12476,0.15
12479,0.15
12481,0.15
12487,0.15
12493,0.15
12501,0.15
12504,0.15
12507,0.15
12510,0.15
12512,0.15
12520,0.15
12526,0.15
12529,0.15
12532,0.15
12533,0.15
12544,0.15
12546,0.15
12551,0.15
12555,0.15
12576,0.15
12581,0.15
12588,0.15
12593,0.15
12594,0.15
12598,0.15
12599,0.15
12601,0.15
12610,0.15
12622,0.15
12624,0.15
12625,0.15
12629,0.15
12632,0.15
12634,0.15
12635,0.15
12638,0.15
12640,0.15
12641,0.15
12643,0.15
12644,0.15
12647,0.15
12651,0.15
12657,0.15
12658,0.15
12660,0.15
12661,0.15
12666,0.15
12673,0.15
12678,0.15
12681,0.15
12682,0.15
12684,0.15
12689,0.15
12699,0.15
12701,0.15
12710,0.15
12712,0.15
12713,0.15
12715,0.15
12716,0.15
12717,0.15
12718,0.15
12720,0.15
12724,0.15
12725,0.15
12726,0.15
12741,0.15
12742,0.15
12743,0.15
12748,0.15
12749,0.15
12751,0.15
12752,0.15
12756,0.15
12760,0.15
12761,0.15
12764,0.15
12767,0.15
12774,0.15
12782,0.15
12783,0.15
12784,0.15
12785,0.15
12787,0.15
12798,0.15
12805,0.15
12806,0.15
12809,0.15
12815,0.15
12820,0.15
12824,0.15
12829,0.15
12833,0.15
12841,0.15
12843,0.15
12847,0.15
12848,0.15
12849,0.15
12852,0.15
12855,0.15
12864,0.15
12872,0.15
12873,0.15
12874,0.15
12877,0.15
12879,0.15
12885,0.15
12893,0.15
12894,0.15
12895,0.15
12901,0.15
12912,0.15
12919,0.15
12924,0.15
12929,0.15
12931,0.15
12945,0.15
12958,0.15
12962,0.15
12964,0.15
12974,0.15
12976,0.15
12980,0.15
12984,0.15
12987,0.15
12991,0.15
12995,0.15
13001,0.15
13005,0.15
13006,0.15
13015,0.15
13017,0.15
13033,0.15
13034,0.15
13035,0.15
13038,0.15
13044,0.15
13045,0.15
13052,0.15
13059,0.15
13060,0.15
13061,0.15
13066,0.15
13080,0.15
13082,0.15
13105,0.15
13106,0.15
13121,0.15
13123,0.15
13125,0.15
13129,0.15
13130,0.15
13132,0.15
13133,0.15
13135,0.15
13141,0.15
13145,0.15
13149,0.15
13153,0.15
13158,0.15
13159,0.15
13169,0.15
13170,0.15
13178,0.15
13179,0.15
13180,0.15
13181,0.15
13183,0.15
13196,0.15
13200,0.15
13202,0.15
13204,0.15
13208,0.15
13212,0.15
13213,0.15
13218,0.15
13225,0.15
13229,0.15
13232,0.15
13233,0.15
13234,0.15
13249,0.15
13253,0.15
13255,0.15
13257,0.15
13266,0.15
13269,0.15
13270,0.15
13274,0.15
13281,0.15
13287,0.15
13305,0.15
13308,0.15
13309,0.15
13310,0.15
13314,0.15
13315,0.15
13324,0.15
13326,0.15
13333,0.15
13336,0.15
13345,0.15
13348,0.15
13350,0.15
13354,0.15
13360,0.15
13364,0.15
13366,0.15
13368,0.15
13375,0.15
13376,0.15
13380,0.15
13382,0.15
13384,0.15
13387,0.15
13390,0.15
13398,0.15
13403,0.15
13404,0.15
13405,0.15
13409,0.15
13411,0.15
13414,0.15
13416,0.15
13417,0.15
13418,0.15
13422,0.15
13430,0.15
13435,0.15
13439,0.15
13446,0.15
13448,0.15
13449,0.15
13451,0.15
13455,0.15
13468,0.15
13470,0.15
13474,0.15
13478,0.15
13485,0.15
13488,0.15
13489,0.15
13500,0.15
13505,0.15
13506,0.15
13517,0.15
13518,0.15
13523,0.15
13529,0.15
13532,0.15
13534,0.15
13539,0.15
13547,0.15
13548,0.15
13550,0.15
13554,0.15
13555,0.15
13556,0.15
13558,0.15
13562,0.15
13566,0.15
13574,0.15
13576,0.15
13577,0.15
13580,0.15
13586,0.15
13598,0.15
13600,0.15
13602,0.15
13604,0.15
13616,0.15
13623,0.15
13627,0.15
13630,0.15
13633,0.15
13635,0.15
13636,0.15
13640,0.15
13642,0.15
13647,0.15
13648,0.15
13652,0.15
13659,0.15
13660,0.15
13666,0.15
13667,0.15
13672,0.15
13673,0.15
13675,0.15
13678,0.15
13682,0.15
13684,0.15
13689,0.15
13690,0.15
13696,0.15
13706,0.15
13710,0.15
13711,0.15
13712,0.15
13717,0.15
13718,0.15
13719,0.15
13720,0.15
13722,0.15
13723,0.15
13726,0.15
13733,0.15
13739,0.15
13743,0.15
13750,0.15
13751,0.15
13754,0.15
13756,0.15
13760,0.15
13762,0.15
13763,0.15
13766,0.15
13767,0.15
13769,0.15
13770,0.15
13774,0.15
13776,0.15
13780,0.15
13784,0.15
13789,0.15
13790,0.15
13792,0.15
13795,0.15
13797,0.15
13800,0.15
13804,0.15
13815,0.15
13816,0.15
13817,0.15
13820,0.15
13824,0.15
13830,0.15
13838,0.15
13840,0.15
13841,0.15
13842,0.15
13843,0.15
13849,0.15
13852,0.15
13855,0.15
13858,0.15
13863,0.15
13871,0.15
13872,0.15
13873,0.15
13874,0.15
13877,0.15
13879,0.15
13885,0.15
13886,0.15
13892,0.15
13895,0.15
13906,0.15
13907,0.15
13908,0.15
13909,0.15
13911,0.15
13918,0.15
13919,0.15
13927,0.15
13930,0.15
13931,0.15
13933,0.15
13938,0.15
13943,0.15
13944,0.15
13946,0.15
13949,0.15
13952,0.15
13957,0.15
13958,0.15
13965,0.15
13970,0.15
13972,0.15
13981,0.15
13983,0.15
13985,0.15
13986,0.15
13993,0.15
13995,0.15
13998,0.15
14000,0.15
14002,0.15
14003,0.15
14019,0.15
14021,0.15
14026,0.15
14031,0.15
14032,0.15
14034,0.15
14035,0.15
14043,0.15
14046,0.15
14048,0.15
14057,0.15
14065,0.15
14067,0.15
14082,0.15
14086,0.15
14103,0.15
14104,0.15
14106,0.15
14107,0.15
14111,0.15
14116,0.15
14118,0.15
14119,0.15
14122,0.15
14123,0.15
14124,0.15
14125,0.15
14126,0.15
14127,0.15
14133,0.15
14137,0.15
14139,0.15
14143,0.15
14148,0.15
14149,0.15
14150,0.15
14162,0.15
14163,0.15
14164,0.15
14173,0.15
14174,0.15
14178,0.15
14181,0.15
14186,0.15
14187,0.15
14188,0.15
14192,0.15
14193,0.15
14198,0.15
14200,0.15
14201,0.15
14208,0.15
14214,0.15
14220,0.15
14224,0.15
14229,0.15
14233,0.15
14241,0.15
14242,0.15
14246,0.15
14247,0.15
14250,0.15
14251,0.15
14254,0.15
14257,0.15
14259,0.15
14261,0.15
14281,0.15
14282,0.15
14285,0.15
14286,0.15
14293,0.15
14297,0.15
14298,0.15
14301,0.15
14308,0.15
14311,0.15
14313,0.15
14314,0.15
14315,0.15
14320,0.15
14325,0.15
14333,0.15
14336,0.15
14338,0.15
14354,0.15
14359,0.15
14361,0.15
14362,0.15
14363,0.15
14369,0.15
14370,0.15
14376,0.15
14382,0.15
14387,0.15
14389,0.15
14390,0.15
14392,0.15
14393,0.15
14396,0.15
14407,0.15
14412,0.15
14413,0.15
14414,0.15
14416,0.15
14417,0.15
14423,0.15
14427,0.15
14430,0.15
14433,0.15
14434,0.15
14435,0.15
14436,0.15
14438,0.15
14439,0.15
14442,0.15
14444,0.15
14446,0.15
14449,0.15
14451,0.15
14459,0.15
14464,0.15
14467,0.15
14469,0.15
14470,0.15
14471,0.15
14476,0.15
14477,0.15
14479,0.15
14480,0.15
14481,0.15
14485,0.15
14486,0.15
14493,0.15
14504,0.15
14508,0.15
14509,0.15
14516,0.15
14520,0.15
14522,0.15
14523,0.15
14529,0.15
14532,0.15
14537,0.15
14540,0.15
14541,0.15
14544,0.15
14548,0.15
14550,0.15
14554,0.15
14555,0.15
14564,0.15
14571,0.15
14572,0.15
14576,0.15
14580,0.15
14581,0.15
14582,0.15
14583,0.15
14586,0.15
14591,0.15
14593,0.15
14594,0.15
14601,0.15
14602,0.15
14604,0.15
14610,0.15
14620,0.15
14622,0.15
14628,0.15
14629,0.15
14630,0.15
14632,0.15
14634,0.15
14646,0.15
14648,0.15
14651,0.15
14658,0.15
14661,0.15
14666,0.15
14672,0.15
14673,0.15
14680,0.15
14685,0.15
14688,0.15
14694,0.15
14695,0.15
14702,0.15
14705,0.15
14706,0.15
14707,0.15
14711,0.15
14713,0.15
14714,0.15
14717,0.15
14722,0.15
14726,0.15
14735,0.15
14736,0.15
14742,0.15
14744,0.15
14746,0.15
14748,0.15
14751,0.15
14753,0.15
14754,0.15
14759,0.15
14764,0.15
14766,0.15
14767,0.15
14768,0.15
14770,0.15
14773,0.15
14777,0.15
14778,0.15
14779,0.15
14782,0.15
14783,0.15
14784,0.15
14793,0.15
14795,0.15
14797,0.15
14800,0.15
14802,0.15
14803,0.15
14805,0.15
14808,0.15
14809,0.15
14812,0.15
14813,0.15
14814,0.15
14818,0.15
14819,0.15
14820,0.15
14821,0.15
14822,0.15
14826,0.15
14827,0.15
14831,0.15
14832,0.15
14839,0.15
14842,0.15
14848,0.15
14849,0.15
14855,0.15
14856,0.15
14865,0.15
14866,0.15
14869,0.15
14873,0.15
14877,0.15
14881,0.15
14882,0.15
14883,0.15
14885,0.15
14889,0.15
14890,0.15
14892,0.15
14893,0.15
14894,0.15
14897,0.15
14901,0.15
14904,0.15
14908,0.15
14914,0.15
14916,0.15
14917,0.15
14918,0.15
14923,0.15
14927,0.15
14929,0.15
14931,0.15
14935,0.15
14948,0.15
14950,0.15
14951,0.15
14952,0.15
14954,0.15
14960,0.15
14962,0.15
14970,0.15
14973,0.15
14976,0.15
14978,0.15
14982,0.15
14985,0.15
14986,0.15
14987,0.15
14988,0.15
14991,0.15
14997,0.15
14998,0.15
14999,0.15
15000,0.15
15005,0.15
15006,0.15
15009,0.15
15015,0.15
15018,0.15
15029,0.15
15037,0.15
15041,0.15
15042,0.15
15047,0.15
15050,0.15
15053,0.15
15056,0.15
15057,0.15
15058,0.15
15060,0.15
15062,0.15
15066,0.15
15067,0.15
15068,0.15
15069,0.15
15072,0.15
15077,0.15
15089,0.15
15093,0.15
15099,0.15
15101,0.15
15103,0.15
15104,0.15
15105,0.15
15108,0.15
15109,0.15
15112,0.15
15114,0.15
15117,0.15
15122,0.15
15130,0.15
15132,0.15
15133,0.15
15134,0.15
15136,0.15
15137,0.15
15142,0.15
15145,0.15
15146,0.15
15147,0.15
15150,0.15
15163,0.15
15165,0.15
15167,0.15
15168,0.15
15173,0.15
15181,0.15
15183,0.15
15185,0.15
15186,0.15
15189,0.15
15190,0.15
15191,0.15
15193,0.15
15196,0.15
15199,0.15
15200,0.15
15201,0.15
15204,0.15
15207,0.15
15209,0.15
15212,0.15
15213,0.15
15214,0.15
15215,0.15
15216,0.15
15222,0.15
15223,0.15
15231,0.15
15236,0.15
15240,0.15
15241,0.15
15242,0.15
15243,0.15
15247,0.15
15250,0.15
15253,0.15
15254,0.15
15255,0.15
15260,0.15
15265,0.15
15275,0.15
15280,0.15
15281,0.15
15282,0.15
15283,0.15
15284,0.15
15292,0.15
15293,0.15
15300,0.15
15301,0.15
15302,0.15
15303,0.15
15306,0.15
15311,0.15
15313,0.15
15320,0.15
15322,0.15
15324,0.15
15327,0.15
15329,0.15
15340,0.15
15349,0.15
15355,0.15
15356,0.15
15359,0.15
15360,0.15
15361,0.15
15364,0.15
15367,0.15
15368,0.15
15372,0.15
15374,0.15
15377,0.15
15383,0.15
15386,0.15
15391,0.15
15394,0.15
15395,0.15
15396,0.15
15397,0.15
15400,0.15
15404,0.15
15408,0.15
15409,0.15
15411,0.15
15414,0.15
15416,0.15
15421,0.15
15423,0.15
15425,0.15
15426,0.15
15428,0.15
15429,0.15
15437,0.15
15438,0.15
15449,0.15
15456,0.15
15459,0.15
15460,0.15
15465,0.15
15466,0.15
15468,0.15
15469,0.15
15470,0.15
15473,0.15
15474,0.15
15484,0.15
15486,0.15
15488,0.15
15489,0.15
15493,0.15
15494,0.15
15511,0.15
15512,0.15
15517,0.15
15518,0.15
15522,0.15
15524,0.15
15526,0.15
15527,0.15
15528,0.15
15534,0.15
15537,0.15
15538,0.15
15541,0.15
15544,0.15
15545,0.15
15546,0.15
15547,0.15
15548,0.15
15549,0.15
15550,0.15
15551,0.15
15552,0.15
15553,0.15
15562,0.15
15563,0.15
15564,0.15
15567,0.15
15568,0.15
15569,0.15
15573,0.15
15574,0.15
15579,0.15
15581,0.15
15582,0.15
15586,0.15
15589,0.15
15591,0.15
15594,0.15
15596,0.15
15598,0.15
15600,0.15
15603,0.15
15617,0.15
15619,0.15
15625,0.15
15633,0.15
15636,0.15
15637,0.15
15640,0.15
15641,0.15
15642,0.15
15643,0.15
15650,0.15
15653,0.15
15655,0.15
15661,0.15
15663,0.15
15665,0.15
15667,0.15
15671,0.15
15673,0.15
15676,0.15
15679,0.15
15684,0.15
15685,0.15
15690,0.15
15695,0.15
15699,0.15
15701,0.15
15705,0.15
15709,0.15
15717,0.15
15718,0.15
15724,0.15
15725,0.15
15728,0.15
15729,0.15
15731,0.15
15732,0.15
15733,0.15
15739,0.15
15742,0.15
15743,0.15
15744,0.15
15745,0.15
15748,0.15
15751,0.15
15752,0.15
15760,0.15
15761,0.15
15764,0.15
15766,0.15
15770,0.15
15773,0.15
15777,0.15
15778,0.15
15780,0.15
15782,0.15
15783,0.15
15785,0.15
15787,0.15
15788,0.15
15793,0.15
15795,0.15
15798,0.15
15801,0.15
15809,0.15
15810,0.15
15814,0.15
15833,0.15
15835,0.15
15837,0.15
15841,0.15
15842,0.15
15845,0.15
15849,0.15
15850,0.15
15851,0.15
15853,0.15
15854,0.15
15857,0.15
15861,0.15
15868,0.15
15871,0.15
15873,0.15
15876,0.15
15883,0.15
15884,0.15
15887,0.15
15888,0.15
15890,0.15
15891,0.15
15892,0.15
15893,0.15
15897,0.15
15898,0.15
15902,0.15
15903,0.15
15905,0.15
15910,0.15
15911,0.15
15912,0.15
15916,0.15
15917,0.15
15924,0.15
15930,0.15
15932,0.15
15937,0.15
15940,0.15
15942,0.15
15943,0.15
15946,0.15
15948,0.15
15949,0.15
15952,0.15
15954,0.15
15956,0.15
15957,0.15
15960,0.15
15962,0.15
15965,0.15
15968,0.15
15969,0.15
15975,0.15
15977,0.15
15982,0.15
15988,0.15
15990,0.15
15991,0.15
15992,0.15
15993,0.15
15997,0.15
16003,0.15
16009,0.15
16014,0.15
16015,0.15
16016,0.15
16019,0.15
16026,0.15
16029,0.15
16030,0.15
16031,0.15
16032,0.15
16037,0.15
16045,0.15
16049,0.15
16051,0.15
16055,0.15
16061,0.15
16064,0.15
16065,0.15
16076,0.15
16078,0.15
16085,0.15
16087,0.15
16088,0.15
16091,0.15
16092,0.15
16093,0.15
16095,0.15
16101,0.15
16102,0.15
16110,0.15
16111,0.15
16113,0.15
16118,0.15
16121,0.15
16123,0.15
16127,0.15
16129,0.15
16130,0.15
16133,0.15
16135,0.15
16136,0.15
16137,0.15
16138,0.15
16140,0.15
16141,0.15
16142,0.15
16145,0.15
16147,0.15
16148,0.15
16149,0.15
16163,0.15
16166,0.15
16169,0.15
16172,0.15
16173,0.15
16176,0.15
16177,0.15
16179,0.15
16181,0.15
16182,0.15
16197,0.15
16198,0.15
16199,0.15
16203,0.15
16204,0.15
16218,0.15
16219,0.15
16226,0.15
16227,0.15
16228,0.15
16229,0.15
16230,0.15
16235,0.15
16237,0.15
16240,0.15
16242,0.15
16246,0.15
16247,0.15
16248,0.15
16254,0.15
16256,0.15
16258,0.15
16260,0.15
16266,0.15
16270,0.15
16271,0.15
16272,0.15
16274,0.15
16275,0.15
16276,0.15
16277,0.15
16278,0.15
16279,0.15
16280,0.15
16284,0.15
16286,0.15
16288,0.15
16293,0.15
16299,0.15
16300,0.15
16307,0.15
16314,0.15
16315,0.15
16319,0.15
16320,0.15
16321,0.15
16325,0.15
16329,0.15
16333,0.15
16335,0.15
16336,0.15
16342,0.15
16343,0.15
16346,0.15
16347,0.15
16348,0.15
16350,0.15
16352,0.15
16354,0.15
16356,0.15
16357,0.15
16358,0.15
16362,0.15
16364,0.15
16367,0.15
16371,0.15
16374,0.15
16376,0.15
16377,0.15
16378,0.15
16381,0.15
16384,0.15
16386,0.15
16388,0.15
16391,0.15
16394,0.15
16397,0.15
16398,0.15
16400,0.15
16404,0.15
16409,0.15
16411,0.15
16418,0.15
16420,0.15
16421,0.15
16425,0.15
16426,0.15
16429,0.15
16430,0.15
16431,0.15
16437,0.15
16438,0.15
16439,0.15
16440,0.15
16441,0.15
16451,0.15
16461,0.15
16464,0.15
16466,0.15
16467,0.15
16468,0.15
16469,0.15
16470,0.15
16483,0.15
16488,0.15
16490,0.15
16496,0.15
16502,0.15
16511,0.15
16512,0.15
16513,0.15
16514,0.15
16515,0.15
16517,0.15
16520,0.15
16525,0.15
16529,0.15
16532,0.15
16536,0.15
16540,0.15
16542,0.15
16548,0.15
16549,0.15
16551,0.15
16552,0.15
16557,0.15
16558,0.15
16559,0.15
16561,0.15
16562,0.15
16564,0.15
16566,0.15
16572,0.15
16573,0.15
16574,0.15
16575,0.15
16579,0.15
16582,0.15
16584,0.15
16586,0.15
16588,0.15
16595,0.15
16597,0.15
16600,0.15
16601,0.15
16606,0.15
16608,0.15
16611,0.15
16613,0.15
16619,0.15
16622,0.15
16624,0.15
16626,0.15
16628,0.15
16630,0.15
16631,0.15
16634,0.15
16638,0.15
16643,0.15
16645,0.15
16649,0.15
16651,0.15
16652,0.15
16653,0.15
16669,0.15
16672,0.15
16677,0.15
16679,0.15
16680,0.15
16681,0.15
16684,0.15
16685,0.15
16686,0.15
16689,0.15
16690,0.15
16692,0.15
16693,0.15
16696,0.15
16703,0.15
16704,0.15
16707,0.15
16711,0.15
16713,0.15
16714,0.15
16716,0.15
16717,0.15
16718,0.15
16720,0.15
16723,0.15
16724,0.15
16728,0.15
16730,0.15
16743,0.15
16744,0.15
16748,0.15
16750,0.15
16752,0.15
16753,0.15
16755,0.15
16756,0.15
16760,0.15
16764,0.15
16771,0.15
16772,0.15
16776,0.15
16777,0.15
16780,0.15
16781,0.15
16788,0.15
16792,0.15
16794,0.15
16795,0.15
16796,0.15
16798,0.15
16801,0.15
16802,0.15
16803,0.15
16815,0.15
16816,0.15
16818,0.15
16819,0.15
16824,0.15
16829,0.15
16833,0.15
16834,0.15
16846,0.15
16847,0.15
16848,0.15
16852,0.15
16853,0.15
16857,0.15
16858,0.15
16861,0.15
16862,0.15
16867,0.15
16869,0.15
16870,0.15
16872,0.15
16877,0.15
16883,0.15
16890,0.15
16893,0.15
16894,0.15
16897,0.15
16901,0.15
16902,0.15
16906,0.15
16910,0.15
16911,0.15
16921,0.15
16926,0.15
16928,0.15
16932,0.15
16933,0.15
16935,0.15
16943,0.15
16947,0.15
16948,0.15
16949,0.15
16953,0.15
16954,0.15
16956,0.15
16958,0.15
16962,0.15
16969,0.15
16970,0.15
16979,0.15
16981,0.15
16983,0.15
16984,0.15
16985,0.15
16987,0.15
16989,0.15
16990,0.15
16992,0.15
16995,0.15
16997,0.15
17000,0.15
17002,0.15
17003,0.15
17006,0.15
17007,0.15
17008,0.15
17014,0.15
17015,0.15
17018,0.15
17020,0.15
17024,0.15
17026,0.15
17028,0.15
17035,0.15
17038,0.15
17041,0.15
17046,0.15
17052,0.15
17053,0.15
17056,0.15
17063,0.15
17068,0.15
17073,0.15
17077,0.15
17078,0.15
17081,0.15
17083,0.15
17085,0.15
17086,0.15
17087,0.15
17088,0.15
17090,0.15
17093,0.15
17094,0.15
17095,0.15
17096,0.15
17099,0.15
17101,0.15
17102,0.15
17104,0.15
17105,0.15
17115,0.15
17116,0.15
17122,0.15
17123,0.15
17127,0.15
17128,0.15
17131,0.15
17136,0.15
17140,0.15
17141,0.15
17146,0.15
17147,0.15
17149,0.15
17155,0.15
17158,0.15
17159,0.15
17163,0.15
17164,0.15
17165,0.15
17169,0.15
17170,0.15
17171,0.15
17172,0.15
17175,0.15
17177,0.15
17181,0.15
17183,0.15
17188,0.15
17189,0.15
17191,0.15
17192,0.15
17194,0.15
17210,0.15
17212,0.15
17219,0.15
17220,0.15
17225,0.15
17227,0.15
17228,0.15
17229,0.15
17231,0.15
17232,0.15
17233,0.15
17237,0.15
17240,0.15
17241,0.15
17243,0.15
17246,0.15
17247,0.15
17251,0.15
17253,0.15
17254,0.15
17256,0.15
17257,0.15
17262,0.15
17267,0.15
17268,0.15
17269,0.15
17270,0.15
17275,0.15
17276,0.15
17277,0.15
17279,0.15
17283,0.15
17287,0.15
17288,0.15
17294,0.15
17295,0.15
17298,0.15
17300,0.15
17302,0.15
17303,0.15
17305,0.15
17307,0.15
17310,0.15
17312,0.15
17316,0.15
17317,0.15
17318,0.15
17320,0.15
17323,0.15
17324,0.15
17328,0.15
17332,0.15
17333,0.15
17335,0.15
17338,0.15
17340,0.15
17344,0.15
17345,0.15
17349,0.15
17351,0.15
17352,0.15
17354,0.15
17356,0.15
17357,0.15
17361,0.15
17362,0.15
17363,0.15
17366,0.15
17367,0.15
17369,0.15
17371,0.15
17373,0.15
17378,0.15
17380,0.15
17382,0.15
17383,0.15
17387,0.15
17389,0.15
17391,0.15
17398,0.15
17402,0.15
17405,0.15
17407,0.15
17409,0.15
17411,0.15
17412,0.15
17413,0.15
17415,0.15
17420,0.15
17421,0.15
17422,0.15
17428,0.15
17430,0.15
17433,0.15
17435,0.15
17438,0.15
17440,0.15
17442,0.15
17444,0.15
17448,0.15
17449,0.15
17462,0.15
17464,0.15
17466,0.15
17468,0.15
17469,0.15
17472,0.15
17473,0.15
17475,0.15
17479,0.15
17481,0.15
17482,0.15
17485,0.15
17486,0.15
17488,0.15
17489,0.15
17490,0.15
17491,0.15
17492,0.15
17494,0.15
17497,0.15
17500,0.15
17506,0.15
17507,0.15
17508,0.15
17510,0.15
17512,0.15
17513,0.15
17515,0.15
17520,0.15
17521,0.15
17522,0.15
17523,0.15
17524,0.15
17530,0.15
17535,0.15
17536,0.15
17545,0.15
17548,0.15
17549,0.15
17553,0.15
17555,0.15
17557,0.15
17558,0.15
17559,0.15
17562,0.15
17564,0.15
17565,0.15
17566,0.15
17567,0.15
17568,0.15
17569,0.15
17572,0.15
17573,0.15
17575,0.15
17577,0.15
17578,0.15
17580,0.15
17581,0.15
17585,0.15
17586,0.15
17591,0.15
17594,0.15
17596,0.15
17599,0.15
17602,0.15
17603,0.15
17606,0.15
17614,0.15
17621,0.15
17624,0.15
17626,0.15
17628,0.15
17629,0.15
17630,0.15
17631,0.15
17633,0.15
17636,0.15
17641,0.15
17642,0.15
17645,0.15
17646,0.15
17650,0.15
17655,0.15
17659,0.15
17660,0.15
17662,0.15
17664,0.15
17671,0.15
17673,0.15
17676,0.15
17679,0.15
17685,0.15
17705,0.15
17708,0.15
17711,0.15
17714,0.15
17715,0.15
17721,0.15
17724,0.15
17726,0.15
17728,0.15
17730,0.15
17732,0.15
17735,0.15
17737,0.15
17738,0.15
17739,0.15
17747,0.15
17749,0.15
17752,0.15
17753,0.15
17756,0.15
17758,0.15
17760,0.15
17762,0.15
17763,0.15
17769,0.15
17775,0.15
17776,0.15
17781,0.15
17782,0.15
17783,0.15
17784,0.15
17785,0.15
17798,0.15
17799,0.15
17800,0.15
17803,0.15
17804,0.15
17805,0.15
17808,0.15
17817,0.15
17823,0.15
17824,0.15
17825,0.15
17827,0.15
17828,0.15
17831,0.15
17834,0.15
17835,0.15
17837,0.15
17838,0.15
17839,0.15
17843,0.15
17846,0.15
17847,0.15
17848,0.15
17853,0.15
17856,0.15
17859,0.15
17863,0.15
17868,0.15
17869,0.15
17870,0.15
17875,0.15
17876,0.15
17877,0.15
17879,0.15
17884,0.15
17885,0.15
17886,0.15
17890,0.15
17897,0.15
17900,0.15
17902,0.15
17903,0.15
17908,0.15
17914,0.15
17915,0.15
17916,0.15
17920,0.15
17921,0.15
17924,0.15
17925,0.15
17926,0.15
17928,0.15
17930,0.15
17932,0.15
17933,0.15
17939,0.15
17941,0.15
17943,0.15
17947,0.15
17948,0.15
17950,0.15
17956,0.15
17959,0.15
17970,0.15
17973,0.15
17974,0.15
17975,0.15
17976,0.15
17980,0.15
17986,0.15
17987,0.15
17990,0.15
17994,0.15
17999,0.15
18002,0.15
18003,0.15
18005,0.15
18007,0.15
18013,0.15
18015,0.15
18016,0.15
18018,0.15
18019,0.15
18026,0.15
18030,0.15
18032,0.15
18035,0.15
18039,0.15
18042,0.15
18044,0.15
18045,0.15
18046,0.15
18052,0.15
18054,0.15
18055,0.15
18059,0.15
18066,0.15
18072,0.15
18073,0.15
18077,0.15
18081,0.15
18083,0.15
18084,0.15
18085,0.15
18086,0.15
18087,0.15
18092,0.15
18093,0.15
18095,0.15
18097,0.15
18100,0.15
18101,0.15
18103,0.15
18104,0.15
18105,0.15
18109,0.15
18110,0.15
18113,0.15
18117,0.15
18119,0.15
18126,0.15
18127,0.15
18128,0.15
18129,0.15
18130,0.15
18137,0.15
18142,0.15
18144,0.15
18145,0.15
18146,0.15
18149,0.15
18152,0.15
18153,0.15
18154,0.15
18155,0.15
18156,0.15
18161,0.15
18163,0.15
18165,0.15
18166,0.15
18168,0.15
18172,0.15
18174,0.15
18176,0.15
18177,0.15
18179,0.15
18181,0.15
18182,0.15
18183,0.15
18187,0.15
18188,0.15
18189,0.15
18194,0.15
18196,0.15
18197,0.15
18198,0.15
18199,0.15
18201,0.15
18205,0.15
18206,0.15
18207,0.15
18210,0.15
18212,0.15
18214,0.15
18215,0.15
18216,0.15
18220,0.15
18221,0.15
18222,0.15
18223,0.15
18227,0.15
18228,0.15
18229,0.15
18232,0.15
18234,0.15
18239,0.15
18243,0.15
18244,0.15
18245,0.15
18246,0.15
18248,0.15
18250,0.15
18253,0.15
18254,0.15
18256,0.15
18257,0.15
18263,0.15
18264,0.15
18266,0.15
18267,0.15
18268,0.15
18269,0.15
18270,0.15
18271,0.15
18272,0.15
18276,0.15
18277,0.15
18280,0.15
18282,0.15
18285,0.15
18288,0.15
18295,0.15
18298,0.15
18300,0.15
18301,0.15
18302,0.15
18304,0.15
18305,0.15
18306,0.15
18307,0.15
18308,0.15
18309,0.15
18311,0.15
18313,0.15
18314,0.15
18318,0.15
18320,0.15
18321,0.15
18330,0.15
18334,0.15
18336,0.15
18337,0.15
18338,0.15
18339,0.15
18341,0.15
18347,0.15
18354,0.15
18355,0.15
18356,0.15
18358,0.15
18360,0.15
18361,0.15
18363,0.15
18364,0.15
18367,0.15
18380,0.15
18383,0.15
18384,0.15
18385,0.15
18387,0.15
18390,0.15
18391,0.15
18392,0.15
18395,0.15
18396,0.15
18397,0.15
18399,0.15
18400,0.15
18403,0.15
18404,0.15
18406,0.15
18407,0.15
18413,0.15
18415,0.15
18417,0.15
18420,0.15
18422,0.15
18425,0.15
18426,0.15
18427,0.15
18428,0.15
18429,0.15
18430,0.15
18431,0.15
18432,0.15
18433,0.15
18435,0.15
18436,0.15
18437,0.15
18439,0.15
18444,0.15
18446,0.15
18448,0.15
18455,0.15
18457,0.15
18459,0.15
18463,0.15
18464,0.15
18467,0.15
18469,0.15
18471,0.15
18475,0.15
18476,0.15
18477,0.15
18483,0.15
18488,0.15
18489,0.15
18490,0.15
18492,0.15
18493,0.15
18494,0.15
18498,0.15
18502,0.15
18503,0.15
18504,0.15
18506,0.15
18507,0.15
18508,0.15
18512,0.15
18515,0.15
18517,0.15
18518,0.15
18520,0.15
18521,0.15
18522,0.15
18523,0.15
18524,0.15
18530,0.15
18531,0.15
18532,0.15
18533,0.15
18534,0.15
18540,0.15
18542,0.15
18543,0.15
18544,0.15
18547,0.15
18549,0.15
18552,0.15
18553,0.15
18555,0.15
18558,0.15
18565,0.15
18568,0.15
18572,0.15
18575,0.15
18576,0.15
18579,0.15
18581,0.15
18583,0.15
18584,0.15
18585,0.15
18590,0.15
18594,0.15
18595,0.15
18598,0.15
18600,0.15
18601,0.15
18602,0.15
18603,0.15
18604,0.15
18610,0.15
18611,0.15
18615,0.15
18617,0.15
18619,0.15
18623,0.15
18630,0.15
18631,0.15
18632,0.15
18633,0.15
18638,0.15
18639,0.15
18640,0.15
18641,0.15
18645,0.15
18648,0.15
18649,0.15
18651,0.15
18653,0.15
18656,0.15
18657,0.15
18658,0.15
18659,0.15
18661,0.15
18663,0.15
18668,0.15
18669,0.15
18671,0.15
18672,0.15
18673,0.15
18679,0.15
18689,0.15
18690,0.15
18692,0.15
18694,0.15
18695,0.15
18698,0.15
18699,0.15
18704,0.15
18706,0.15
18709,0.15
18712,0.15
18713,0.15
18717,0.15
18719,0.15
18724,0.15
18725,0.15
18728,0.15
18729,0.15
18732,0.15
18733,0.15
18734,0.15
18735,0.15
18736,0.15
18739,0.15
18740,0.15
18742,0.15
18743,0.15
18749,0.15
18750,0.15
18751,0.15
18755,0.15
18756,0.15
18759,0.15
18760,0.15
18762,0.15
18765,0.15
18766,0.15
18769,0.15
18772,0.15
18773,0.15
18774,0.15
18778,0.15
18780,0.15
18782,0.15
18784,0.15
18785,0.15
18786,0.15
18801,0.15
18804,0.15
18807,0.15
18810,0.15
18811,0.15
18815,0.15
18816,0.15
18818,0.15
18819,0.15
18820,0.15
18821,0.15
18822,0.15
18825,0.15
18827,0.15
18831,0.15
18832,0.15
18834,0.15
18836,0.15
18837,0.15
18840,0.15
18842,0.15
18847,0.15
18849,0.15
18852,0.15
18854,0.15
18855,0.15
18857,0.15
18859,0.15
18860,0.15
18861,0.15
18862,0.15
18864,0.15
18868,0.15
18870,0.15
18871,0.15
18874,0.15
18880,0.15
18882,0.15
18884,0.15
18889,0.15
18892,0.15
18894,0.15
18895,0.15
18897,0.15
18898,0.15
18900,0.15
18902,0.15
18907,0.15
18909,0.15
18910,0.15
18914,0.15
18917,0.15
18918,0.15
18921,0.15
18924,0.15
18925,0.15
18927,0.15
18928,0.15
18929,0.15
18930,0.15
18932,0.15
18935,0.15
18938,0.15
18940,0.15
18941,0.15
18942,0.15
18944,0.15
18946,0.15
18949,0.15
18954,0.15
18956,0.15
18957,0.15
18959,0.15
18960,0.15
18962,0.15
18963,0.15
18964,0.15
18965,0.15
18967,0.15
18969,0.15
18971,0.15
18973,0.15
18977,0.15
18978,0.15
18981,0.15
18982,0.15
18983,0.15
18984,0.15
18985,0.15
18986,0.15
18987,0.15
18988,0.15
18991,0.15
18992,0.15
18993,0.15
18994,0.15
18995,0.15
18997,0.15
18999,0.15
19002,0.15
19004,0.15
19005,0.15
19007,0.15
19010,0.15
19012,0.15
19014,0.15
19016,0.15
19017,0.15
19018,0.15
19019,0.15
19022,0.15
19023,0.15
19024,0.15
19028,0.15
19029,0.15
19030,0.15
19031,0.15
19034,0.15
19035,0.15
19036,0.15
19037,0.15
19038,0.15
19040,0.15
19042,0.15
19043,0.15
19044,0.15
19047,0.15
19048,0.15
19049,0.15
19051,0.15
19053,0.15
19054,0.15
19056,0.15
19057,0.15
19058,0.15
19059,0.15
19060,0.15
19062,0.15
19064,0.15
19071,0.15
19078,0.15
19079,0.15
19080,0.15
19081,0.15
19085,0.15
19088,0.15
19089,0.15
19090,0.15
19091,0.15
19092,0.15
19094,0.15
19099,0.15
19100,0.15
19101,0.15
19103,0.15
19104,0.15
19106,0.15
19107,0.15
19108,0.15
19109,0.15
19111,0.15
19112,0.15
19113,0.15
19114,0.15
19116,0.15
19117,0.15
19121,0.15
19125,0.15
19127,0.15
19128,0.15
19136,0.15
19137,0.15
19142,0.15
19143,0.15
19144,0.15
19146,0.15
19147,0.15
19152,0.15
19154,0.15
19157,0.15
19160,0.15
19161,0.15
19162,0.15
19165,0.15
19167,0.15
19168,0.15
19171,0.15
19172,0.15
19173,0.15
19174,0.15
19176,0.15
19177,0.15
19178,0.15
19179,0.15
19180,0.15
19182,0.15
19184,0.15
19185,0.15
19187,0.15
19189,0.15
19191,0.15
19193,0.15
19194,0.15
19197,0.15
19198,0.15
19200,0.15
19202,0.15
19204,0.15
19205,0.15
19206,0.15
19212,0.15
19213,0.15
19214,0.15
19222,0.15
19223,0.15
19225,0.15
19228,0.15
19230,0.15
19236,0.15
19240,0.15
19241,0.15
19242,0.15
19243,0.15
19244,0.15
19248,0.15
19249,0.15
19250,0.15
19251,0.15
19254,0.15
19255,0.15
19258,0.15
19259,0.15
19260,0.15
19261,0.15
19262,0.15
19264,0.15
19265,0.15
19266,0.15
19270,0.15
19271,0.15
19274,0.15
19275,0.15
19276,0.15
19278,0.15
19280,0.15
19282,0.15
19287,0.15
19288,0.15
19290,0.15
19293,0.15
19295,0.15
19298,0.15
19299,0.15
19300,0.15
19301,0.15
19304,0.15
19305,0.15
19306,0.15
19309,0.15
19310,0.15
19311,0.15
19313,0.15
19317,0.15
19320,0.15
19322,0.15
19324,0.15
19325,0.15
19326,0.15
19328,0.15
19330,0.15
19331,0.15
19332,0.15
19334,0.15
19337,0.15
19338,0.15
19340,0.15
19341,0.15
19342,0.15
19343,0.15
19347,0.15
19348,0.15
19349,0.15
19354,0.15
19356,0.15
19357,0.15
19358,0.15
19361,0.15
19362,0.15
19365,0.15
19366,0.15
19367,0.15
19369,0.15
19372,0.15
19376,0.15
19377,0.15
19382,0.15
19383,0.15
19384,0.15
19385,0.15
19386,0.15
19388,0.15
19392,0.15
19393,0.15
19394,0.15
19395,0.15
19396,0.15
19397,0.15
19399,0.15
19400,0.15
19402,0.15
19403,0.15
19404,0.15
19405,0.15
19406,0.15
19408,0.15
19412,0.15
19414,0.15
19419,0.15
19421,0.15
19424,0.15
19429,0.15
19431,0.15
19432,0.15
19434,0.15
19435,0.15
19436,0.15
19438,0.15
19439,0.15
19441,0.15
19442,0.15
19443,0.15
19447,0.15
19448,0.15
19449,0.15
19450,0.15
19452,0.15
19455,0.15
19458,0.15
19459,0.15
19460,0.15
19461,0.15
19462,0.15
19463,0.15
19468,0.15
19469,0.15
19470,0.15
19471,0.15
19472,0.15
19474,0.15
19475,0.15
19477,0.15
19478,0.15
19479,0.15
19482,0.15
19484,0.15
19487,0.15
19492,0.15
19495,0.15
19502,0.15
19505,0.15
19506,0.15
19507,0.15
19510,0.15
19511,0.15
19512,0.15
19515,0.15
19520,0.15
19521,0.15
19526,0.15
19527,0.15
19531,0.15
19532,0.15
19534,0.15
19538,0.15
19539,0.15
19542,0.15
19543,0.15
19545,0.15
19546,0.15
19548,0.15
19550,0.15
19552,0.15
19553,0.15
19554,0.15
19555,0.15
19556,0.15
19557,0.15
19561,0.15
19563,0.15
19570,0.15
19572,0.15
19574,0.15
19578,0.15
19579,0.15
19582,0.15
19586,0.15
19587,0.15
19589,0.15
19590,0.15
19592,0.15
19594,0.15
19596,0.15
19599,0.15
19600,0.15
19603,0.15
19604,0.15
19605,0.15
19607,0.15
19616,0.15
19618,0.15
19619,0.15
19620,0.15
19623,0.15
19624,0.15
19625,0.15
19626,0.15
19628,0.15
19629,0.15
19631,0.15
19633,0.15
19634,0.15
19635,0.15
19636,0.15
19637,0.15
19639,0.15
19643,0.15
19644,0.15
19645,0.15
19647,0.15
19649,0.15
19650,0.15
19652,0.15
19653,0.15
19656,0.15
19660,0.15
19663,0.15
19664,0.15
19666,0.15
19668,0.15
19671,0.15
19672,0.15
19674,0.15
19675,0.15
19676,0.15
19678,0.15
19679,0.15
19680,0.15
19681,0.15
19682,0.15
19683,0.15
19684,0.15
19686,0.15
19687,0.15
19691,0.15
19692,0.15
19698,0.15
19699,0.15
19700,0.15
19702,0.15
19706,0.15
19707,0.15
19708,0.15
19709,0.15
19710,0.15
19711,0.15
19713,0.15
19714,0.15
19716,0.15
19718,0.15
19719,0.15
19720,0.15
19724,0.15
19726,0.15
19727,0.15
19728,0.15
19729,0.15
19731,0.15
19733,0.15
19735,0.15
19736,0.15
19743,0.15
19744,0.15
19746,0.15
19748,0.15
19750,0.15
19751,0.15
19753,0.15
19754,0.15
19758,0.15
19760,0.15
19766,0.15
19769,0.15
19770,0.15
19775,0.15
19778,0.15
19779,0.15
19781,0.15
19782,0.15
19783,0.15
19784,0.15
19785,0.15
19788,0.15
19790,0.15
19791,0.15
19792,0.15
19793,0.15
19795,0.15
19797,0.15
19802,0.15
19803,0.15
19805,0.15
19806,0.15
19810,0.15
19813,0.15
19818,0.15
19819,0.15
19820,0.15
19824,0.15
19828,0.15
19830,0.15
19831,0.15
19832,0.15
19833,0.15
19834,0.15
19835,0.15
19836,0.15
19838,0.15
19839,0.15
19841,0.15
19843,0.15
19844,0.15
19845,0.15
19847,0.15
19848,0.15
19851,0.15
19853,0.15
19855,0.15
19857,0.15
19858,0.15
19861,0.15
19867,0.15
19868,0.15
19871,0.15
19875,0.15
19878,0.15
19879,0.15
19881,0.15
19882,0.15
19883,0.15
19884,0.15
19887,0.15
19889,0.15
19890,0.15
19893,0.15
19894,0.15
19896,0.15
19898,0.15
19900,0.15
19901,0.15
19904,0.15
19906,0.15
19914,0.15
19916,0.15
19920,0.15
19921,0.15
19922,0.15
19924,0.15
19925,0.15
19926,0.15
19935,0.15
19937,0.15
19938,0.15
19941,0.15
19943,0.15
19946,0.15
19949,0.15
19953,0.15
19955,0.15
19957,0.15
19958,0.15
19959,0.15
19960,0.15
19963,0.15
19964,0.15
19965,0.15
19966,0.15
19967,0.15
19968,0.15
19969,0.15
19970,0.15
19972,0.15
19973,0.15
19974,0.15
19975,0.15
19977,0.15
19983,0.15
19984,0.15
19986,0.15
19987,0.15
19988,0.15
19989,0.15
19993,0.15
19995,0.15
19996,0.15
20001,0.15
20003,0.15
20004,0.15
20011,0.15
20016,0.15
20019,0.15
20020,0.15
20024,0.15
20025,0.15
20027,0.15
20030,0.15
20031,0.15
20032,0.15
20034,0.15
20035,0.15
20037,0.15
20039,0.15
20040,0.15
20041,0.15
20042,0.15
20043,0.15
20045,0.15
20047,0.15
20048,0.15
20049,0.15
20051,0.15
20053,0.15
20055,0.15
20057,0.15
20058,0.15
20061,0.15
20065,0.15
20066,0.15
20067,0.15
20068,0.15
20070,0.15
20072,0.15
20073,0.15
20075,0.15
20077,0.15
20078,0.15
20079,0.15
20083,0.15
20084,0.15
20085,0.15
20086,0.15
20088,0.15
20089,0.15
20090,0.15
20091,0.15
20094,0.15
20096,0.15
20098,0.15
20100,0.15
20102,0.15
20103,0.15
20104,0.15
20106,0.15
20108,0.15
20110,0.15
20117,0.15
20118,0.15
20119,0.15
20120,0.15
20126,0.15
20127,0.15
20133,0.15
20138,0.15
20141,0.15
20145,0.15
20146,0.15
20148,0.15
20150,0.15
20151,0.15
20152,0.15
20156,0.15
20158,0.15
20160,0.15
20161,0.15
20162,0.15
20164,0.15
20167,0.15
20169,0.15
20170,0.15
20171,0.15
20172,0.15
20174,0.15
20175,0.15
20178,0.15
20181,0.15
20184,0.15
20187,0.15
20189,0.15
20190,0.15
20191,0.15
20192,0.15
20193,0.15
20197,0.15
20198,0.15
20199,0.15
20201,0.15
20202,0.15
20203,0.15
20204,0.15
20205,0.15
20208,0.15
20210,0.15
20211,0.15
20212,0.15
20213,0.15
20214,0.15
20217,0.15
20218,0.15
20220,0.15
20221,0.15
20225,0.15
20226,0.15
20229,0.15
20234,0.15
20238,0.15
20241,0.15
20242,0.15
20243,0.15
20245,0.15
20248,0.15
20250,0.15
20251,0.15
20252,0.15
20255,0.15
20256,0.15
20259,0.15
20260,0.15
20261,0.15
20262,0.15
20263,0.15
20265,0.15
20266,0.15
20269,0.15
20270,0.15
20274,0.15
20276,0.15
20277,0.15
20278,0.15
20282,0.15
20285,0.15
20286,0.15
20287,0.15
20288,0.15
20291,0.15
20292,0.15
20293,0.15
20296,0.15
20300,0.15
20302,0.15
20303,0.15
20305,0.15
20306,0.15
20309,0.15
20314,0.15
20315,0.15
20316,0.15
20317,0.15
20318,0.15
20319,0.15
20320,0.15
20323,0.15
20324,0.15
20325,0.15
20326,0.15
20327,0.15
20330,0.15
20331,0.15
20342,0.15
20343,0.15
20345,0.15
20347,0.15
20348,0.15
20352,0.15
20354,0.15
20355,0.15
20356,0.15
20357,0.15
20359,0.15
20361,0.15
20363,0.15
20365,0.15
20367,0.15
20370,0.15
20372,0.15
20373,0.15
20375,0.15
20376,0.15
20379,0.15
20380,0.15
20383,0.15
20384,0.15
20385,0.15
20386,0.15
20387,0.15
20389,0.15
20391,0.15
20392,0.15
20395,0.15
20396,0.15
20398,0.15
20401,0.15
20403,0.15
20404,0.15
20406,0.15
20407,0.15
20409,0.15
20411,0.15
20412,0.15
20418,0.15
20419,0.15
20420,0.15
20423,0.15
20430,0.15
20432,0.15
20433,0.15
20434,0.15
20437,0.15
20438,0.15
20439,0.15
20440,0.15
20442,0.15
20444,0.15
20446,0.15
20449,0.15
20452,0.15
20454,0.15
20455,0.15
20456,0.15
20458,0.15
20462,0.15
20464,0.15
20465,0.15
20467,0.15
20468,0.15
20472,0.15
20473,0.15
20475,0.15
20477,0.15
20482,0.15
20483,0.15
20486,0.15
20487,0.15
20490,0.15
20491,0.15
20494,0.15
20495,0.15
20496,0.15
20497,0.15
20498,0.15
20499,0.15
20507,0.15
20508,0.15
20509,0.15
20510,0.15
20511,0.15
20512,0.15
20513,0.15
20517,0.15
20518,0.15
20522,0.15
20525,0.15
20526,0.15
20531,0.15
20534,0.15
20536,0.15
20540,0.15
20544,0.15
20546,0.15
20548,0.15
20549,0.15
20550,0.15
20551,0.15
20552,0.15
20553,0.15
20555,0.15
20559,0.15
20560,0.15
20561,0.15
20562,0.15
20563,0.15
20565,0.15
20567,0.15
20568,0.15
20569,0.15
20572,0.15
20580,0.15
20582,0.15
20584,0.15
20585,0.15
20588,0.15
20591,0.15
20596,0.15
20597,0.15
20600,0.15
20602,0.15
20606,0.15
20609,0.15
20610,0.15
20611,0.15
20613,0.15
20616,0.15
20619,0.15
20622,0.15
20627,0.15
20630,0.15
20631,0.15
20637,0.15
20641,0.15
20643,0.15
20645,0.15
20647,0.15
20650,0.15
20651,0.15
20653,0.15
20654,0.15
20655,0.15
20656,0.15
20657,0.15
20659,0.15
20661,0.15
20662,0.15
20663,0.15
20666,0.15
20667,0.15
20668,0.15
20669,0.15
20673,0.15
20675,0.15
20676,0.15
20677,0.15
20681,0.15
20684,0.15
20686,0.15
20687,0.15
20689,0.15
20690,0.15
20691,0.15
20692,0.15
20694,0.15
20695,0.15
20696,0.15
20698,0.15
20700,0.15
20703,0.15
20704,0.15
20705,0.15
20706,0.15
20707,0.15
20710,0.15
20711,0.15
20712,0.15
20713,0.15
20714,0.15
20715,0.15
20716,0.15
20722,0.15
20724,0.15
20726,0.15
20728,0.15
20729,0.15
20730,0.15
20734,0.15
20735,0.15
20736,0.15
20737,0.15
20738,0.15
20742,0.15
20743,0.15
20744,0.15
20745,0.15
20746,0.15
20751,0.15
20754,0.15
20756,0.15
20758,0.15
20759,0.15
20760,0.15
20761,0.15
20762,0.15
20763,0.15
20764,0.15
20767,0.15
20769,0.15
20770,0.15
20773,0.15
20775,0.15
20776,0.15
20777,0.15
20778,0.15
20782,0.15
20783,0.15
20784,0.15
20786,0.15
20787,0.15
20788,0.15
20789,0.15
20790,0.15
20791,0.15
20800,0.15
20801,0.15
20804,0.15
20807,0.15
20809,0.15
20810,0.15
20812,0.15
20814,0.15
20815,0.15
20818,0.15
20819,0.15
20820,0.15
20821,0.15
20823,0.15
20826,0.15
20827,0.15
20828,0.15
20829,0.15
20830,0.15
20831,0.15
20833,0.15
20835,0.15
20836,0.15
20837,0.15
20838,0.15
20841,0.15
20842,0.15
20843,0.15
20844,0.15
20845,0.15
20849,0.15
20850,0.15
20851,0.15
20852,0.15
20853,0.15
20854,0.15
20855,0.15
20857,0.15
20859,0.15
20861,0.15
20863,0.15
20864,0.15
20865,0.15
20866,0.15
20867,0.15
20868,0.15
20869,0.15
20872,0.15
20874,0.15
20875,0.15
20876,0.15
20878,0.15
20879,0.15
20880,0.15
20882,0.15
20883,0.15
20885,0.15
20886,0.15
20887,0.15
20888,0.15
20889,0.15
20891,0.15
20892,0.15
20893,0.15
20896,0.15
20897,0.15
20899,0.15
20900,0.15
20901,0.15
20902,0.15
20903,0.15
20905,0.15
20906,0.15
20911,0.15
20912,0.15
20913,0.15
20915,0.15
20916,0.15
20917,0.15
20921,0.15
20924,0.15
20925,0.15
20926,0.15
20930,0.15
20932,0.15
20933,0.15
20935,0.15
20937,0.15
20940,0.15
20941,0.15
20943,0.15
20944,0.15
20946,0.15
20947,0.15
20949,0.15
20950,0.15
20955,0.15
20957,0.15
20958,0.15
20960,0.15
20965,0.15
20973,0.15
20975,0.15
20976,0.15
20984,0.15
20985,0.15
20991,0.15
20994,0.15
20997,0.15
20998,0.15
21003,0.15
21004,0.15
21006,0.15
21008,0.15
21009,0.15
21010,0.15
21013,0.15
21014,0.15
21016,0.15
21017,0.15
21021,0.15
21023,0.15
21024,0.15
21025,0.15
21027,0.15
21029,0.15
21030,0.15
21031,0.15
21032,0.15
21033,0.15
21034,0.15
21035,0.15
21038,0.15
21039,0.15
21042,0.15
21046,0.15
21047,0.15
21050,0.15
21051,0.15
21052,0.15
21054,0.15
21056,0.15
21057,0.15
21058,0.15
21059,0.15
21060,0.15
21063,0.15
21066,0.15
21074,0.15
21076,0.15
21077,0.15
21078,0.15
21080,0.15
21084,0.15
21090,0.15
21093,0.15
21094,0.15
21095,0.15
21096,0.15
21097,0.15
21098,0.15
21099,0.15
21102,0.15
21103,0.15
21104,0.15
21105,0.15
21106,0.15
21107,0.15
21108,0.15
21109,0.15
21114,0.15
21119,0.15
21120,0.15
21121,0.15
21125,0.15
21128,0.15
21129,0.15
21130,0.15
21131,0.15
21133,0.15
21134,0.15
21135,0.15
21137,0.15
21138,0.15
21139,0.15
21140,0.15
21141,0.15
21142,0.15
21143,0.15
21144,0.15
21146,0.15
21147,0.15
21149,0.15
21150,0.15
21152,0.15
21153,0.15
21155,0.15
21158,0.15
21159,0.15
21161,0.15
21162,0.15
21163,0.15
21166,0.15
21167,0.15
21173,0.15
21174,0.15
21177,0.15
21178,0.15
21180,0.15
21181,0.15
21182,0.15
21183,0.15
21184,0.15
21186,0.15
21187,0.15
21188,0.15
21189,0.15
21192,0.15
21193,0.15
21196,0.15
21198,0.15
21199,0.15
21200,0.15
21204,0.15
21206,0.15
21207,0.15
21208,0.15
21210,0.15
21211,0.15
21212,0.15
21213,0.15
21214,0.15
21216,0.15
21217,0.15
21218,0.15
21219,0.15
21220,0.15
21223,0.15
21224,0.15
21226,0.15
21227,0.15
21229,0.15
21231,0.15
21232,0.15
21233,0.15
21237,0.15
21240,0.15
21245,0.15
21246,0.15
21248,0.15
21251,0.15
21252,0.15
21254,0.15
21256,0.15
21257,0.15
21258,0.15
21259,0.15
21260,0.15
21262,0.15
21263,0.15
21264,0.15
21265,0.15
21268,0.15
21269,0.15
21271,0.15
21272,0.15
21274,0.15
21276,0.15
21279,0.15
21281,0.15
21283,0.15
21285,0.15
21288,0.15
21289,0.15
21291,0.15
21292,0.15
21294,0.15
21296,0.15
21299,0.15
21300,0.15
21304,0.15
21306,0.15
21307,0.15
21309,0.15
21312,0.15
21314,0.15
21315,0.15
21316,0.15
21317,0.15
21318,0.15
21319,0.15
21320,0.15
21321,0.15
21322,0.15
21323,0.15
21324,0.15
21326,0.15
21327,0.15
21328,0.15
21330,0.15
21331,0.15
21332,0.15
21333,0.15
21334,0.15
21339,0.15
21340,0.15
21342,0.15
21344,0.15
21345,0.15
21346,0.15
21347,0.15
21348,0.15
21349,0.15
21350,0.15
21352,0.15
21355,0.15
21359,0.15
21361,0.15
21362,0.15
21364,0.15
21366,0.15
21367,0.15
21368,0.15
21374,0.15
21379,0.15
21380,0.15
21382,0.15
21383,0.15
21385,0.15
21388,0.15
21391,0.15
21393,0.15
21394,0.15
21395,0.15
21398,0.15
21399,0.15
21400,0.15
21401,0.15
21402,0.15
21403,0.15
21404,0.15
21406,0.15
21409,0.15
21410,0.15
21412,0.15
21413,0.15
21414,0.15
21415,0.15
21417,0.15
21418,0.15
21419,0.15
21420,0.15
21421,0.15
21422,0.15
21423,0.15
21426,0.15
21429,0.15
21432,0.15
21433,0.15
21434,0.15
21435,0.15
21436,0.15
21437,0.15
21438,0.15
21443,0.15
21445,0.15
21446,0.15
21448,0.15
21450,0.15
21451,0.15
21452,0.15
21453,0.15
21455,0.15
21456,0.15
21458,0.15
21459,0.15
21463,0.15
21464,0.15
21466,0.15
21468,0.15
21470,0.15
21473,0.15
21474,0.15
21476,0.15
21478,0.15
21479,0.15
21482,0.15
21486,0.15
21487,0.15
21488,0.15
21489,0.15
21490,0.15
21492,0.15
21493,0.15
21495,0.15
21499,0.15
21500,0.15
21503,0.15
21504,0.15
21511,0.15
21513,0.15
21514,0.15
21515,0.15
21516,0.15
21517,0.15
21519,0.15
21521,0.15
21522,0.15
21525,0.15
21526,0.15
21527,0.15
21529,0.15
21530,0.15
21531,0.15
21532,0.15
21533,0.15
21534,0.15
21538,0.15
21540,0.15
21542,0.15
21544,0.15
21545,0.15
21547,0.15
21548,0.15
21551,0.15
21552,0.15
21556,0.15
21557,0.15
21558,0.15
21559,0.15
21560,0.15
21563,0.15
21567,0.15
21568,0.15
21570,0.15
21575,0.15
21576,0.15
21577,0.15
21579,0.15
21580,0.15
21581,0.15
21582,0.15
21586,0.15
21588,0.15
21589,0.15
21590,0.15
21592,0.15
21593,0.15
21594,0.15
21595,0.15
21596,0.15
21597,0.15
21599,0.15
21600,0.15
21604,0.15
21605,0.15
21606,0.15
21607,0.15
21608,0.15
21611,0.15
21612,0.15
21613,0.15
21614,0.15
21617,0.15
21618,0.15
21621,0.15
21623,0.15
21624,0.15
21625,0.15
21626,0.15
21634,0.15
21636,0.15
21638,0.15
21641,0.15
21643,0.15
21645,0.15
21646,0.15
21649,0.15
21650,0.15
21651,0.15
21652,0.15
21653,0.15
21654,0.15
21659,0.15
21660,0.15
21661,0.15
21664,0.15
21665,0.15
21666,0.15
21669,0.15
21671,0.15
21673,0.15
21675,0.15
21676,0.15
21677,0.15
21678,0.15
21680,0.15
21681,0.15
21683,0.15
21684,0.15
21685,0.15
21686,0.15
21688,0.15
21689,0.15
21690,0.15
21692,0.15
21693,0.15
21694,0.15
21695,0.15
21696,0.15
21697,0.15
21698,0.15
21699,0.15
21705,0.15
21709,0.15
21710,0.15
21711,0.15
21714,0.15
21715,0.15
21716,0.15
21719,0.15
21721,0.15
21723,0.15
21727,0.15
21728,0.15
21729,0.15
21730,0.15
21731,0.15
21732,0.15
21733,0.15
21734,0.15
21736,0.15
21737,0.15
21738,0.15
21739,0.15
21741,0.15
21742,0.15
21745,0.15
21746,0.15
21747,0.15
21750,0.15
21751,0.15
21754,0.15
21756,0.15
21757,0.15
21758,0.15
21760,0.15
21765,0.15
21767,0.15
21768,0.15
21769,0.15
21770,0.15
21771,0.15
21772,0.15
21773,0.15
21774,0.15
21775,0.15
21780,0.15
21781,0.15
21782,0.15
21790,0.15
21791,0.15
21792,0.15
21793,0.15
21794,0.15
21796,0.15
21798,0.15
21799,0.15
21800,0.15
21802,0.15
21803,0.15
21804,0.15
21805,0.15
21806,0.15
21807,0.15
21808,0.15
21812,0.15
21813,0.15
21816,0.15
21817,0.15
21819,0.15
21821,0.15
21823,0.15
21826,0.15
21827,0.15
21828,0.15
21829,0.15
21831,0.15
21833,0.15
21836,0.15
21837,0.15
21838,0.15
21839,0.15
21840,0.15
21844,0.15
21846,0.15
21847,0.15
21848,0.15
21851,0.15
21852,0.15
21853,0.15
21855,0.15
21856,0.15
21859,0.15
21862,0.15
21864,0.15
21866,0.15
21867,0.15
21868,0.15
21869,0.15
21870,0.15
21871,0.15
21872,0.15
21873,0.15
21874,0.15
21876,0.15
21877,0.15
21879,0.15
21882,0.15
21885,0.15
21886,0.15
21887,0.15
21888,0.15
21889,0.15
21890,0.15
21893,0.15
21894,0.15
21895,0.15
21896,0.15
21899,0.15
21900,0.15
21901,0.15
21903,0.15
21905,0.15
21906,0.15
21908,0.15
21910,0.15
21911,0.15
21913,0.15
21914,0.15
21916,0.15
21918,0.15
21919,0.15
21921,0.15
21923,0.15
21925,0.15
21926,0.15
21927,0.15
21928,0.15
21930,0.15
21931,0.15
21934,0.15
21935,0.15
21936,0.15
21937,0.15
21938,0.15
21939,0.15
21941,0.15
21942,0.15
21945,0.15
21946,0.15
21947,0.15
21948,0.15
21952,0.15
21953,0.15
21957,0.15
21958,0.15
21959,0.15
21961,0.15
21962,0.15
21963,0.15
21964,0.15
21967,0.15
21969,0.15
21970,0.15
21971,0.15
21973,0.15
21974,0.15
21980,0.15
21981,0.15
21983,0.15
21984,0.15
21985,0.15
21986,0.15
21990,0.15
21991,0.15
21992,0.15
21994,0.15
21995,0.15
21996,0.15
21997,0.15
21998,0.15
21999,0.15
22002,0.15
22004,0.15
22005,0.15
22007,0.15
22008,0.15
22009,0.15
22012,0.15
22013,0.15
22015,0.15
22016,0.15
22017,0.15
22019,0.15
22020,0.15
22021,0.15
22022,0.15
22023,0.15
22025,0.15
22027,0.15
22028,0.15
22033,0.15
22034,0.15
22035,0.15
22036,0.15
22038,0.15
22039,0.15
22042,0.15
22044,0.15
22045,0.15
22048,0.15
22049,0.15
22051,0.15
22052,0.15
22053,0.15
22054,0.15
22055,0.15
22056,0.15
22058,0.15
22059,0.15
22061,0.15
22062,0.15
22065,0.15
22066,0.15
22068,0.15
22069,0.15
22074,0.15
22076,0.15
22077,0.15
22078,0.15
22079,0.15
22080,0.15
22082,0.15
22084,0.15
22085,0.15
22086,0.15
22090,0.15
22091,0.15
22093,0.15
22095,0.15
22098,0.15
22099,0.15
22100,0.15
22101,0.15
22102,0.15
22103,0.15
22106,0.15
22107,0.15
22111,0.15
22112,0.15
22116,0.15
22121,0.15
22123,0.15
22124,0.15
22125,0.15
22126,0.15
22127,0.15
22130,0.15
22131,0.15
22132,0.15
22134,0.15
22135,0.15
22136,0.15
22137,0.15
22141,0.15
22143,0.15
22146,0.15
22147,0.15
22148,0.15
22149,0.15
22151,0.15
22152,0.15
22153,0.15
22154,0.15
22156,0.15
22158,0.15
22159,0.15
22160,0.15
22161,0.15
22163,0.15
22164,0.15
22166,0.15
22167,0.15
22168,0.15
22169,0.15
22172,0.15
22175,0.15
22176,0.15
22177,0.15
22178,0.15
22181,0.15
22182,0.15
22183,0.15
22184,0.15
22186,0.15
22187,0.15
22190,0.15
22193,0.15
22194,0.15
22195,0.15
22196,0.15
22197,0.15
22198,0.15
22199,0.15
22200,0.15
22202,0.15
22203,0.15
22204,0.15
22205,0.15
22206,0.15
22208,0.15
22210,0.15
22212,0.15
22214,0.15
22216,0.15
22219,0.15
22222,0.15
22223,0.15
22224,0.15
22225,0.15
22226,0.15
22227,0.15
22229,0.15
22231,0.15
22233,0.15
22234,0.15
22235,0.15
22236,0.15
22237,0.15
22240,0.15
22241,0.15
22242,0.15
22243,0.15
22245,0.15
22248,0.15
22249,0.15
22250,0.15
22251,0.15
22252,0.15
22253,0.15
22254,0.15
22255,0.15
22257,0.15
22260,0.15
22262,0.15
22263,0.15
22264,0.15
22265,0.15
22267,0.15
22268,0.15
22269,0.15
22271,0.15
22272,0.15
22273,0.15
22274,0.15
22275,0.15
22277,0.15
22282,0.15
22283,0.15
22284,0.15
22286,0.15
22287,0.15
22288,0.15
22289,0.15
22290,0.15
22291,0.15
22292,0.15
22293,0.15
22295,0.15
22296,0.15
22297,0.15
22298,0.15
22299,0.15
22300,0.15
22302,0.15
22303,0.15
22305,0.15
22306,0.15
22307,0.15
22308,0.15
22309,0.15
22312,0.15
22313,0.15
22314,0.15
22315,0.15
22316,0.15
22317,0.15
22318,0.15
22319,0.15
22320,0.15
22322,0.15
22323,0.15
22324,0.15
22328,0.15
22329,0.15
22330,0.15
22331,0.15
22332,0.15
22333,0.15
22334,0.15
22335,0.15
22336,0.15
22338,0.15
22339,0.15
22341,0.15
22342,0.15
22343,0.15
22344,0.15
22345,0.15
22346,0.15
22350,0.15
22351,0.15
22353,0.15
22354,0.15
22355,0.15
22358,0.15
22362,0.15
22365,0.15
22366,0.15
22368,0.15
22369,0.15
22370,0.15
22371,0.15
22372,0.15
22373,0.15
22374,0.15
22375,0.15
22376,0.15
22377,0.15
22378,0.15
22379,0.15
22382,0.15
22386,0.15
22387,0.15
22388,0.15
22390,0.15
22391,0.15
22392,0.15
22393,0.15
22394,0.15
22395,0.15
22397,0.15
22399,0.15
22401,0.15
22402,0.15
22403,0.15
22405,0.15
22406,0.15
22407,0.15
22408,0.15
22409,0.15
22410,0.15
22411,0.15
22413,0.15
22415,0.15
22416,0.15
22419,0.15
22422,0.15
22424,0.15
22425,0.15
22426,0.15
22427,0.15
22428,0.15
22429,0.15
22430,0.15
22431,0.15
22432,0.15
22433,0.15
22436,0.15
22437,0.15
22438,0.15
22439,0.15
22440,0.15
22441,0.15
22442,0.15
22443,0.15
22444,0.15
22446,0.15
22447,0.15
22448,0.15
22449,0.15
22450,0.15
22451,0.15
22452,0.15
22454,0.15
22455,0.15
22457,0.15
22459,0.15
22460,0.15
22461,0.15
22462,0.15
22464,0.15
22465,0.15
22466,0.15
22470,0.15
22474,0.15
22476,0.15
22477,0.15
22479,0.15
22480,0.15
22482,0.15
22485,0.15
22486,0.15
22487,0.15
22488,0.15
22489,0.15
22492,0.15
22493,0.15
22495,0.15
22497,0.15
22499,0.15
22500,0.15
22502,0.15
22507,0.15
22508,0.15
22510,0.15
22512,0.15
22513,0.15
22515,0.15
22518,0.15
22519,0.15
22520,0.15
22521,0.15
22523,0.15
22524,0.15
22525,0.15
22526,0.15
22527,0.15
22528,0.15
22529,0.15
22530,0.15
22531,0.15
22533,0.15
22538,0.15
22540,0.15
22542,0.15
22544,0.15
22546,0.15
22547,0.15
22549,0.15
22550,0.15
22551,0.15
22552,0.15
22553,0.15
22554,0.15
22558,0.15
22560,0.15
22561,0.15
22562,0.15
22563,0.15
22564,0.15
22565,0.15
22566,0.15
22567,0.15
22570,0.15
22573,0.15
22577,0.15
22580,0.15
22581,0.15
22583,0.15
22584,0.15
22585,0.15
22587,0.15
22588,0.15
22591,0.15
22592,0.15
22593,0.15
22595,0.15
22596,0.15
22597,0.15
22598,0.15
22599,0.15
22600,0.15
22601,0.15
22602,0.15
22603,0.15
22604,0.15
22605,0.15
22606,0.15
22607,0.15
22608,0.15
22609,0.15
22610,0.15
22611,0.15
22612,0.15
22613,0.15
22614,0.15
22615,0.15
22618,0.15
22621,0.15
22622,0.15
22624,0.15
22626,0.15
22627,0.15
22628,0.15
22629,0.15
22630,0.15
22631,0.15
22633,0.15
22634,0.15
22635,0.15
22637,0.15
22639,0.15
22641,0.15
22642,0.15
22643,0.15
22644,0.15
22646,0.15
22647,0.15
22648,0.15
22650,0.15
22652,0.15
22653,0.15
22655,0.15
22657,0.15
22658,0.15
22662,0.15
22663,0.15
22664,0.15
22665,0.15
22666,0.15
22668,0.15
22669,0.15
22670,0.15
22671,0.15
22672,0.15
22673,0.15
22676,0.15
22678,0.15
22682,0.15
22683,0.15
22684,0.15
22685,0.15
22686,0.15
22687,0.15
22688,0.15
22690,0.15
22691,0.15
22692,0.15
22694,0.15
22695,0.15
22696,0.15
22697,0.15
22699,0.15
22702,0.15
22704,0.15
22705,0.15
22706,0.15
22709,0.15
22711,0.15
22712,0.15
22714,0.15
22715,0.15
22716,0.15
22717,0.15
22718,0.15
22720,0.15
22721,0.15
22724,0.15
22725,0.15
22726,0.15
22728,0.15
22729,0.15
22730,0.15
22732,0.15
22733,0.15
22734,0.15
22735,0.15
22736,0.15
22737,0.15
22738,0.15
22739,0.15
22740,0.15
22742,0.15
22743,0.15
22745,0.15
22746,0.15
22748,0.15
22749,0.15
22751,0.15
22752,0.15
22753,0.15
22756,0.15
22757,0.15
22758,0.15
22759,0.15
22762,0.15
22763,0.15
22764,0.15
22766,0.15
22768,0.15
22769,0.15
22770,0.15
22772,0.15
22773,0.15
22775,0.15
22776,0.15
22777,0.15
22779,0.15
22780,0.15
22781,0.15
22783,0.15
22784,0.15
22786,0.15
22789,0.15
22791,0.15
22793,0.15
22794,0.15
22795,0.15
22796,0.15
22798,0.15
22800,0.15
22801,0.15
22802,0.15
22804,0.15
22808,0.15
22810,0.15
22811,0.15
22812,0.15
22813,0.15
22814,0.15
22816,0.15
22818,0.15
22820,0.15
22821,0.15
22823,0.15
22824,0.15
22825,0.15
22826,0.15
22828,0.15
22829,0.15
22830,0.15
22831,0.15
22832,0.15
22833,0.15
22836,0.15
22839,0.15
22840,0.15
22841,0.15
22842,0.15
22845,0.15
22846,0.15
22847,0.15
22848,0.15
22851,0.15
22853,0.15
22855,0.15
22859,0.15
22860,0.15
22861,0.15
22862,0.15
22864,0.15
22865,0.15
22870,0.15
22871,0.15
22873,0.15
22874,0.15
22875,0.15
22876,0.15
22877,0.15
22878,0.15
22879,0.15
22880,0.15
22882,0.15
22883,0.15
22884,0.15
22886,0.15
22887,0.15
22888,0.15
22889,0.15
22890,0.15
22891,0.15
22894,0.15
22897,0.15
22898,0.15
22899,0.15
22900,0.15
22901,0.15
22904,0.15
22905,0.15
22906,0.15
22907,0.15
22908,0.15
22909,0.15
22910,0.15
22911,0.15
22913,0.15
22915,0.15
22918,0.15
22919,0.15
22921,0.15
22922,0.15
22923,0.15
22925,0.15
22926,0.15
22927,0.15
22928,0.15
22929,0.15
22930,0.15
22933,0.15
22934,0.15
22935,0.15
22936,0.15
22937,0.15
22938,0.15
22940,0.15
22941,0.15
22943,0.15
22945,0.15
22946,0.15
22947,0.15
22948,0.15
22949,0.15
22950,0.15
22951,0.15
22952,0.15
22953,0.15
22954,0.15
22955,0.15
22957,0.15
22958,0.15
22959,0.15
22961,0.15
22962,0.15
22963,0.15
22964,0.15
22965,0.15
22966,0.15
22967,0.15
22968,0.15
22969,0.15
22970,0.15
22971,0.15
22972,0.15
22973,0.15
22974,0.15
22976,0.15
22977,0.15
22978,0.15
22980,0.15
22981,0.15
22983,0.15
22986,0.15
22988,0.15
22989,0.15
22990,0.15
22992,0.15
22993,0.15
22995,0.15
22996,0.15
22997,0.15
22998,0.15
23002,0.15
23003,0.15
23005,0.15
23006,0.15
23007,0.15
23008,0.15
23010,0.15
23011,0.15
23012,0.15
23013,0.15
23014,0.15
23015,0.15
23020,0.15
23021,0.15
23022,0.15
23023,0.15
23025,0.15
23028,0.15
23031,0.15
23032,0.15
23033,0.15
23034,0.15
23035,0.15
23036,0.15
23037,0.15
23039,0.15
23040,0.15
23041,0.15
23043,0.15
23046,0.15
23048,0.15
23051,0.15
23052,0.15
23053,0.15
23055,0.15
23056,0.15
23059,0.15
23060,0.15
23062,0.15
23063,0.15
23065,0.15
23066,0.15
23067,0.15
23070,0.15
23072,0.15
23073,0.15
23074,0.15
23075,0.15
23078,0.15
23079,0.15
23080,0.15
23081,0.15
23082,0.15
23084,0.15
23087,0.15
23088,0.15
23089,0.15
23090,0.15
23095,0.15
23097,0.15
23098,0.15
23099,0.15
23100,0.15
23101,0.15
23102,0.15
23103,0.15
23105,0.15
23106,0.15
23108,0.15
23109,0.15
23110,0.15
23111,0.15
23112,0.15
23113,0.15
23114,0.15
23115,0.15
23116,0.15
23118,0.15
23119,0.15
23120,0.15
23122,0.15
23123,0.15
23124,0.15
23125,0.15
23126,0.15
23128,0.15
23129,0.15
23131,0.15
23132,0.15
23133,0.15
23134,0.15
23135,0.15
23136,0.15
23137,0.15
23139,0.15
23142,0.15
23143,0.15
23146,0.15
23147,0.15
23148,0.15
23149,0.15
23151,0.15
23152,0.15
23153,0.15
23154,0.15
23156,0.15
23157,0.15
23158,0.15
23161,0.15
23162,0.15
23163,0.15
23164,0.15
23166,0.15
23167,0.15
23168,0.15
23169,0.15
23170,0.15
23171,0.15
23172,0.15
23173,0.15
23174,0.15
23176,0.15
23177,0.15
23178,0.15
23179,0.15
23180,0.15
23181,0.15
23182,0.15
23183,0.15
23184,0.15
23185,0.15
23186,0.15
23187,0.15
23188,0.15
23191,0.15
23192,0.15
23193,0.15
23194,0.15
23196,0.15
23197,0.15
23198,0.15
23199,0.15
23201,0.15
23202,0.15
23203,0.15
23204,0.15
23205,0.15
23206,0.15
23207,0.15
23209,0.15
23211,0.15
23212,0.15
23214,0.15
23215,0.15
23216,0.15
23218,0.15
23219,0.15
23220,0.15
23221,0.15
23222,0.15
23224,0.15
23225,0.15
23227,0.15
23228,0.15
23229,0.15
23230,0.15
23231,0.15
23233,0.15
23234,0.15
23236,0.15
23238,0.15
23239,0.15
23240,0.15
23241,0.15
23242,0.15
23245,0.15
23246,0.15
23248,0.15
23249,0.15
23250,0.15
23251,0.15
23254,0.15
23255,0.15
23257,0.15
23258,0.15
23259,0.15
23260,0.15
23262,0.15
23264,0.15
23267,0.15
23270,0.15
23271,0.15
23273,0.15
23274,0.15
23275,0.15
23276,0.15
23277,0.15
23278,0.15
23280,0.15
23282,0.15
23283,0.15
23284,0.15
23286,0.15
23287,0.15
23288,0.15
23289,0.15
23291,0.15
23293,0.15
23294,0.15
23295,0.15
23297,0.15
23298,0.15
23299,0.15
23304,0.15
23305,0.15
23306,0.15
23307,0.15
23309,0.15
23310,0.15
23311,0.15
23313,0.15
23314,0.15
23315,0.15
23318,0.15
23319,0.15
23320,0.15
23321,0.15
23322,0.15
23323,0.15
23325,0.15
23326,0.15
23328,0.15
23332,0.15
23333,0.15
23334,0.15
23335,0.15
23336,0.15
23338,0.15
23339,0.15
23340,0.15
23343,0.15
23344,0.15
23346,0.15
23347,0.15
23348,0.15
23349,0.15
23351,0.15
23352,0.15
23353,0.15
23354,0.15
23356,0.15
23357,0.15
23359,0.15
23361,0.15
23364,0.15
23365,0.15
23366,0.15
23367,0.15
23368,0.15
23369,0.15
23371,0.15
23372,0.15
23373,0.15
23377,0.15
23378,0.15
23385,0.15
23387,0.15
23388,0.15
23392,0.15
23394,0.15
23395,0.15
23397,0.15
23398,0.15
23399,0.15
23401,0.15
23402,0.15
23404,0.15
23407,0.15
23409,0.15
23410,0.15
23411,0.15
23412,0.15
23413,0.15
23415,0.15
23416,0.15
23417,0.15
23419,0.15
23421,0.15
23422,0.15
23423,0.15
23426,0.15
23427,0.15
23428,0.15
23430,0.15
23431,0.15
23432,0.15
23433,0.15
23435,0.15
23436,0.15
23438,0.15
23439,0.15
23440,0.15
23441,0.15
23442,0.15
23443,0.15
23444,0.15
23447,0.15
23450,0.15
23452,0.15
23453,0.15
23454,0.15
23455,0.15
23456,0.15
23457,0.15
23459,0.15
23462,0.15
23463,0.15
23466,0.15
23468,0.15
23469,0.15
23470,0.15
23471,0.15
23472,0.15
23473,0.15
23474,0.15
23476,0.15
23477,0.15
23478,0.15
23479,0.15
23480,0.15
23481,0.15
23482,0.15
23483,0.15
23484,0.15
23486,0.15
23487,0.15
23488,0.15
23489,0.15
23490,0.15
23492,0.15
23493,0.15
23494,0.15
23495,0.15
23496,0.15
23497,0.15
23498,0.15
23499,0.15
23500,0.15
23501,0.15
23504,0.15
23505,0.15
23506,0.15
23507,0.15
23508,0.15
23509,0.15
23514,0.15
23515,0.15
23516,0.15
23517,0.15
23519,0.15
23520,0.15
23521,0.15
23523,0.15
23524,0.15
23525,0.15
23526,0.15
23528,0.15
23529,0.15
23530,0.15
23531,0.15
23532,0.15
23533,0.15
23534,0.15
23535,0.15
23538,0.15
23540,0.15
23542,0.15
23544,0.15
23550,0.15
23551,0.15
23552,0.15
23553,0.15
23554,0.15
23556,0.15
23557,0.15
23560,0.15
23561,0.15
23564,0.15
23565,0.15
23566,0.15
23568,0.15
23569,0.15
23571,0.15
23572,0.15
23573,0.15
23574,0.15
23575,0.15
23576,0.15
23577,0.15
23578,0.15
23581,0.15
23582,0.15
23583,0.15
23584,0.15
23585,0.15
23586,0.15
23590,0.15
23592,0.15
23593,0.15
23596,0.15
23598,0.15
23599,0.15
23602,0.15
23603,0.15
23604,0.15
23606,0.15
23607,0.15
23608,0.15
23609,0.15
23610,0.15
23611,0.15
23612,0.15
23614,0.15
23615,0.15
23616,0.15
23618,0.15
23619,0.15
23621,0.15
23622,0.15
23625,0.15
23626,0.15
23629,0.15
23632,0.15
23633,0.15
23634,0.15
23636,0.15
23642,0.15
23643,0.15
23645,0.15
23646,0.15
23647,0.15
23649,0.15
23651,0.15
23652,0.15
23653,0.15
23654,0.15
23655,0.15
23656,0.15
23659,0.15
23661,0.15
23662,0.15
23663,0.15
23664,0.15
23665,0.15
23666,0.15
23667,0.15
23668,0.15
23669,0.15
23670,0.15
23671,0.15
23673,0.15
23674,0.15
23675,0.15
23676,0.15
23679,0.15
23680,0.15
23681,0.15
23684,0.15
23686,0.15
23687,0.15
23688,0.15
23689,0.15
23692,0.15
23693,0.15
23694,0.15
23696,0.15
23697,0.15
23698,0.15
23700,0.15
23701,0.15
23703,0.15
23704,0.15
23706,0.15
23707,0.15
23711,0.15
23713,0.15
23714,0.15
23716,0.15
23719,0.15
23721,0.15
23722,0.15
23723,0.15
23724,0.15
23726,0.15
23728,0.15
23729,0.15
23730,0.15
23731,0.15
23733,0.15
23735,0.15
23736,0.15
23737,0.15
23738,0.15
23740,0.15
23742,0.15
23743,0.15
23744,0.15
23745,0.15
23748,0.15
23749,0.15
23751,0.15
23752,0.15
23753,0.15
23754,0.15
23755,0.15
23756,0.15
23758,0.15
23759,0.15
23760,0.15
23761,0.15
23763,0.15
23764,0.15
23765,0.15
23767,0.15
23768,0.15
23769,0.15
23771,0.15
23772,0.15
23773,0.15
23774,0.15
23775,0.15
23776,0.15
23777,0.15
23779,0.15
23780,0.15
23782,0.15
23783,0.15
23785,0.15
23788,0.15
23790,0.15
23791,0.15
23793,0.15
23794,0.15
23795,0.15
23796,0.15
23797,0.15
23798,0.15
23799,0.15
23800,0.15
23801,0.15
23803,0.15
23804,0.15
23806,0.15
23807,0.15
23808,0.15
23809,0.15
23810,0.15
23815,0.15
23816,0.15
23818,0.15
23819,0.15
23821,0.15
23823,0.15
23824,0.15
23825,0.15
23829,0.15
23830,0.15
23831,0.15
23832,0.15
23833,0.15
23835,0.15
23836,0.15
23837,0.15
23839,0.15
23843,0.15
23844,0.15
23846,0.15
23847,0.15
23848,0.15
23852,0.15
23853,0.15
23854,0.15
23856,0.15
23858,0.15
23859,0.15
23861,0.15
23863,0.15
23864,0.15
23865,0.15
23866,0.15
23867,0.15
23868,0.15
23869,0.15
23872,0.15
23875,0.15
23876,0.15
23878,0.15
23879,0.15
23880,0.15
23881,0.15
23883,0.15
23884,0.15
23885,0.15
23889,0.15
23890,0.15
23891,0.15
23892,0.15
23893,0.15
23894,0.15
23895,0.15
23896,0.15
23897,0.15
23898,0.15
23899,0.15
23900,0.15
23901,0.15
23904,0.15
23906,0.15
23908,0.15
23909,0.15
23910,0.15
23911,0.15
23912,0.15
23913,0.15
23914,0.15
23915,0.15
23916,0.15
23917,0.15
23918,0.15
23919,0.15
23920,0.15
23921,0.15
23922,0.15
23923,0.15
23924,0.15
23926,0.15
23928,0.15
23929,0.15
23930,0.15
23931,0.15
23932,0.15
23933,0.15
23935,0.15
23936,0.15
23937,0.15
23938,0.15
23939,0.15
23940,0.15
23941,0.15
23942,0.15
23943,0.15
23945,0.15
23946,0.15
23947,0.15
23948,0.15
23949,0.15
23950,0.15
23951,0.15
23953,0.15
23955,0.15
23956,0.15
23957,0.15
23958,0.15
23959,0.15
23960,0.15
23961,0.15
23962,0.15
23963,0.15
23965,0.15
23966,0.15
23967,0.15
23968,0.15
23969,0.15
23970,0.15
23971,0.15
23972,0.15
23973,0.15
23974,0.15
23975,0.15
23977,0.15
23978,0.15
23979,0.15
23980,0.15
23981,0.15
23982,0.15
23983,0.15
23984,0.15
23985,0.15
23987,0.15
23989,0.15
23990,0.15
23991,0.15
23992,0.15
23993,0.15
23994,0.15
23995,0.15
23996,0.15
23998,0.15
23999,0.15
24000,0.15
24001,0.15
24002,0.15
24003,0.15
24004,0.15
24005,0.15
24006,0.15
24007,0.15
24008,0.15
24010,0.15
24012,0.15
24014,0.15
24015,0.15
24016,0.15
24018,0.15
24019,0.15
24020,0.15
24021,0.15
24022,0.15
24024,0.15
24026,0.15
24028,0.15
24029,0.15
24030,0.15
24031,0.15
24033,0.15
24034,0.15
24035,0.15
24036,0.15
24038,0.15
24039,0.15
24040,0.15
24041,0.15
24043,0.15
24045,0.15
24046,0.15
24047,0.15
24048,0.15
24049,0.15
24050,0.15
24053,0.15
24054,0.15
24055,0.15
24057,0.15
24059,0.15
24060,0.15
24061,0.15
24062,0.15
24063,0.15
24064,0.15
24065,0.15
24066,0.15
24067,0.15
24068,0.15
24070,0.15
24071,0.15
24072,0.15
24073,0.15
24076,0.15
24077,0.15
24078,0.15
24079,0.15
24080,0.15
24081,0.15
24082,0.15
24083,0.15
24085,0.15
24086,0.15
24087,0.15
24088,0.15
24089,0.15
24090,0.15
24092,0.15
24093,0.15
24094,0.15
24096,0.15
24097,0.15
24098,0.15
24099,0.15
24100,0.15
24101,0.15
24102,0.15
24103,0.15
24104,0.15
24105,0.15
24106,0.15
24107,0.15
24108,0.15
24109,0.15
24110,0.15
24111,0.15
24112,0.15
24113,0.15
24114,0.15
24115,0.15
24116,0.15
24117,0.15
24118,0.15
24119,0.15
24120,0.15
24122,0.15
24123,0.15
24124,0.15
24126,0.15
24127,0.15
24128,0.15
24129,0.15
24130,0.15
24131,0.15
24132,0.15
24133,0.15
24135,0.15
24136,0.15
24137,0.15
24138,0.15
24139,0.15
24140,0.15
24141,0.15
24143,0.15
24144,0.15
24145,0.15
24146,0.15
24147,0.15
24148,0.15
24149,0.15
24150,0.15
24151,0.15
24152,0.15
24153,0.15
24154,0.15
24155,0.15
24156,0.15
24157,0.15
24158,0.15
24159,0.15
24160,0.15
24161,0.15
24162,0.15
24163,0.15
24166,0.15
24167,0.15
24168,0.15
24169,0.15
24172,0.15
24173,0.15
24174,0.15
24177,0.15
24178,0.15
24180,0.15
24181,0.15
24182,0.15
24183,0.15
24184,0.15
24185,0.15
24187,0.15
24189,0.15
24190,0.15
24191,0.15
24193,0.15
24195,0.15
24196,0.15
24198,0.15
24200,0.15
24201,0.15
24203,0.15
24204,0.15
24206,0.15
24207,0.15
24208,0.15
24209,0.15
24210,0.15
24212,0.15
24213,0.15
24214,0.15
24215,0.15
24216,0.15
24219,0.15
24220,0.15
24223,0.15
24224,0.15
24225,0.15
24226,0.15
24227,0.15
24228,0.15
24229,0.15
24230,0.15
24231,0.15
24232,0.15
24233,0.15
24234,0.15
24235,0.15
24236,0.15
24237,0.15
24239,0.15
24241,0.15
24242,0.15
24244,0.15
24245,0.15
24246,0.15
24248,0.15
24249,0.15
24250,0.15
24251,0.15
24252,0.15
24253,0.15
24255,0.15
24257,0.15
24259,0.15
24260,0.15
24261,0.15
24263,0.15
24264,0.15
24265,0.15
24266,0.15
24267,0.15
24268,0.15
24270,0.15
24271,0.15
24272,0.15
24274,0.15
24275,0.15
24277,0.15
24278,0.15
24280,0.15
24281,0.15
24283,0.15
24286,0.15
24287,0.15
24288,0.15
24289,0.15
24291,0.15
24292,0.15
24293,0.15
24295,0.15
24296,0.15
24297,0.15
24298,0.15
24299,0.15
24300,0.15
24301,0.15
24302,0.15
24303,0.15
24304,0.15
24305,0.15
24306,0.15
24307,0.15
24308,0.15
24309,0.15
24310,0.15
24311,0.15
24312,0.15
24313,0.15
24314,0.15
24315,0.15
24316,0.15
24318,0.15
24319,0.15
24320,0.15
24321,0.15
24322,0.15
24323,0.15
24324,0.15
24325,0.15
24327,0.15
24329,0.15
24330,0.15
24331,0.15
24332,0.15
24333,0.15
24334,0.15
24335,0.15
24338,0.15
24339,0.15
24340,0.15
24343,0.15
24344,0.15
24345,0.15
24346,0.15
24348,0.15
24349,0.15
24351,0.15
24352,0.15
24353,0.15
24354,0.15
24355,0.15
24356,0.15
24357,0.15
24358,0.15
24359,0.15
24361,0.15
24362,0.15
24363,0.15
24364,0.15
24365,0.15
24367,0.15
24368,0.15
24369,0.15
24372,0.15
24373,0.15
24374,0.15
24375,0.15
24377,0.15
24378,0.15
24379,0.15
24380,0.15
24381,0.15
24382,0.15
24383,0.15
24384,0.15
24385,0.15
24386,0.15
24387,0.15
24388,0.15
24389,0.15
24390,0.15
24392,0.15
24394,0.15
24395,0.15
24396,0.15
24398,0.15
24399,0.15
24400,0.15
24401,0.15
24402,0.15
24403,0.15
24404,0.15
24405,0.15
24406,0.15
24407,0.15
24408,0.15
24409,0.15
24410,0.15
24411,0.15
24412,0.15
24413,0.15
24414,0.15
24416,0.15
24417,0.15
24419,0.15
24420,0.15
24421,0.15
24422,0.15
24425,0.15
24426,0.15
24427,0.15
24429,0.15
24432,0.15
24433,0.15
24434,0.15
24435,0.15
24436,0.15
24437,0.15
24439,0.15
24440,0.15
24441,0.15
24442,0.15
24443,0.15
24444,0.15
24445,0.15
24446,0.15
24447,0.15
24449,0.15
24450,0.15
24451,0.15
24452,0.15
24453,0.15
24454,0.15
24456,0.15
24457,0.15
24458,0.15
24459,0.15
24460,0.15
24461,0.15
24462,0.15
24464,0.15
24465,0.15
24466,0.15
24467,0.15
24468,0.15
24469,0.15
24474,0.15
24475,0.15
24476,0.15
24477,0.15
24478,0.15
24480,0.15
24481,0.15
24483,0.15
24484,0.15
24485,0.15
24486,0.15
24487,0.15
24488,0.15
24489,0.15
24491,0.15
24492,0.15
24494,0.15
24496,0.15
24497,0.15
24499,0.15
24501,0.15
24502,0.15
24503,0.15
24504,0.15
24505,0.15
24506,0.15
24507,0.15
24508,0.15
24509,0.15
24510,0.15
24511,0.15
24512,0.15
24513,0.15
24514,0.15
24515,0.15
24517,0.15
24518,0.15
24520,0.15
24521,0.15
24523,0.15
24524,0.15
24526,0.15
24527,0.15
24528,0.15
24530,0.15
24531,0.15
24532,0.15
24533,0.15
24534,0.15
24535,0.15
24536,0.15
24538,0.15
24539,0.15
24540,0.15
24541,0.15
24543,0.15
24544,0.15
24546,0.15
24547,0.15
24548,0.15
24549,0.15
24550,0.15
24551,0.15
24552,0.15
24554,0.15
24555,0.15
24556,0.15
24558,0.15
24559,0.15
24560,0.15
24561,0.15
24562,0.15
24563,0.15
24564,0.15
24567,0.15
24568,0.15
24569,0.15
24570,0.15
24571,0.15
24572,0.15
24573,0.15
24575,0.15
24576,0.15
24577,0.15
24578,0.15
24579,0.15
24581,0.15
24582,0.15
24583,0.15
24587,0.15
24588,0.15
24589,0.15
24591,0.15
24592,0.15
24593,0.15
24594,0.15
24595,0.15
24596,0.15
24597,0.15
24599,0.15
24600,0.15
24601,0.15
24603,0.15
24604,0.15
24605,0.15
24608,0.15
24609,0.15
24610,0.15
24613,0.15
24614,0.15
24615,0.15
24616,0.15
24618,0.15
24619,0.15
24620,0.15
24621,0.15
24622,0.15
24623,0.15
24624,0.15
24625,0.15
24628,0.15
24629,0.15
24630,0.15
24631,0.15
24632,0.15
24633,0.15
24634,0.15
24635,0.15
24636,0.15
24637,0.15
24638,0.15
24639,0.15
24640,0.15
24641,0.15
24642,0.15
24643,0.15
24644,0.15
24645,0.15
24646,0.15
24647,0.15
24648,0.15
24649,0.15
24650,0.15
24651,0.15
24652,0.15
24653,0.15
24654,0.15
24655,0.15
24656,0.15
24657,0.15
24658,0.15
24659,0.15
24660,0.15
24661,0.15
24662,0.15
24663,0.15
24664,0.15
24665,0.15
24666,0.15
24667,0.15
24668,0.15
24669,0.15
24670,0.15
24671,0.15
24672,0.15
24673,0.15
24674,0.15
24675,0.15
24676,0.15
24677,0.15
24678,0.15
24679,0.15
24680,0.15
24681,0.15
24682,0.15
24683,0.15
24684,0.15
24685,0.15
24686,0.15
24687,0.15
24688,0.15
24689,0.15
24690,0.15
24691,0.15
24692,0.15
24693,0.15
24694,0.15
24695,0.15
24696,0.15
24697,0.15
24698,0.15
24699,0.15
24700,0.15
24701,0.15
24702,0.15
24703,0.15
24704,0.15
24705,0.15
24706,0.15
24707,0.15
24708,0.15
24709,0.15
24710,0.15
24711,0.15
24712,0.15
24713,0.15
24714,0.15
24715,0.15
24716,0.15
24717,0.15
24718,0.15
24719,0.15
24720,0.15
24721,0.15
24722,0.15
24723,0.15
24724,0.15
24725,0.15
24726,0.15
24727,0.15
24728,0.15
24729,0.15
24730,0.15
24731,0.15
24732,0.15
24733,0.15
24734,0.15
24735,0.15
24736,0.15
24737,0.15
24738,0.15
24739,0.15
24740,0.15
24741,0.15
24742,0.15
24743,0.15
24744,0.15
24745,0.15
24746,0.15
24747,0.15
24748,0.15
24749,0.15
24750,0.15
24751,0.15
24752,0.15
24753,0.15
24754,0.15
24755,0.15
24756,0.15
24757,0.15
24758,0.15
24759,0.15
24760,0.15
24761,0.15
24762,0.15
24763,0.15
24764,0.15
24765,0.15
24766,0.15
24767,0.15
24768,0.15
24769,0.15
24770,0.15
24771,0.15
24772,0.15
24773,0.15
24774,0.15
24775,0.15
24776,0.15
24777,0.15
24778,0.15
24779,0.15
24780,0.15
24781,0.15
24782,0.15
24783,0.15
24784,0.15
24785,0.15
24786,0.15
24787,0.15
24788,0.15
24789,0.15
24790,0.15
24791,0.15
24792,0.15
24793,0.15
24794,0.15
24795,0.15
24796,0.15
24797,0.15
24798,0.15
24799,0.15
24800,0.15
24801,0.15
24802,0.15
24803,0.15
24804,0.15
24805,0.15
24806,0.15
24807,0.15
24808,0.15
24809,0.15
24810,0.15
24811,0.15
24812,0.15
24813,0.15
24814,0.15
24815,0.15
24816,0.15
24817,0.15
24818,0.15
24819,0.15
24820,0.15
24821,0.15
24822,0.15
24823,0.15
24824,0.15
24825,0.15
24826,0.15
24827,0.15
24828,0.15
24829,0.15
24830,0.15
24831,0.15
24832,0.15
24833,0.15
24834,0.15
24835,0.15
24836,0.15
24837,0.15
24838,0.15
24839,0.15
24840,0.15
24841,0.15
24842,0.15
24843,0.15
24844,0.15
24845,0.15
24846,0.15
24847,0.15
24848,0.15
24849,0.15
24850,0.15
24851,0.15
24852,0.15
24853,0.15
24854,0.15
24855,0.15
24856,0.15
24857,0.15
24858,0.15
24859,0.15
24860,0.15
24861,0.15
24862,0.15
24863,0.15
24864,0.15
24865,0.15
24866,0.15
24867,0.15
24868,0.15
24869,0.15
24870,0.15
24871,0.15
24872,0.15
24873,0.15
24874,0.15
24875,0.15
24876,0.15
24877,0.15
24878,0.15
24879,0.15
24880,0.15
24881,0.15
24882,0.15
24883,0.15
24884,0.15
24885,0.15
24886,0.15
24887,0.15
24888,0.15
24889,0.15
24890,0.15
24891,0.15
24892,0.15
24893,0.15
24894,0.15
24895,0.15
24896,0.15
24897,0.15
24898,0.15
24899,0.15
24900,0.15
24901,0.15
24902,0.15
24903,0.15
24904,0.15
24905,0.15
24906,0.15
24907,0.15
24908,0.15
24909,0.15
24910,0.15
24911,0.15
24912,0.15
24913,0.15
24914,0.15
24915,0.15
24916,0.15
24917,0.15
24918,0.15
24919,0.15
24920,0.15
24921,0.15
24922,0.15
24923,0.15
24924,0.15
24925,0.15
24926,0.15
24927,0.15
24928,0.15
24929,0.15
24930,0.15
24931,0.15
24932,0.15
24933,0.15
24934,0.15
24935,0.15
24936,0.15
24937,0.15
24938,0.15
24939,0.15
24940,0.15
24941,0.15
24942,0.15
24943,0.15
24944,0.15
24945,0.15
24946,0.15
24947,0.15
24948,0.15
24949,0.15
24950,0.15
24951,0.15
24952,0.15
24953,0.15
24954,0.15
24955,0.15
24956,0.15
24957,0.15
24958,0.15
24959,0.15
24960,0.15
24961,0.15
24962,0.15
24963,0.15
24964,0.15
24965,0.15
24966,0.15
24967,0.15
24968,0.15
24969,0.15
24970,0.15
24971,0.15
24972,0.15
24973,0.15
24974,0.15
24975,0.15
24976,0.15
24977,0.15
24978,0.15
24979,0.15
24980,0.15
24981,0.15
24982,0.15
24983,0.15
24984,0.15
24985,0.15
24986,0.15
24987,0.15
24988,0.15
24989,0.15
24990,0.15
24991,0.15
24992,0.15
24993,0.15
24994,0.15
24995,0.15
24996,0.15
24997,0.15
24998,0.15
24999,0.15
25000,0.15
25001,0.15
25002,0.15
25003,0.15
25004,0.15
25005,0.15
25006,0.15
25007,0.15
25008,0.15
25009,0.15
25010,0.15
25011,0.15
25012,0.15
25013,0.15
25014,0.15
25015,0.15
25016,0.15
25017,0.15
25018,0.15
25019,0.15
25020,0.15
25021,0.15
25022,0.15
25023,0.15
25024,0.15
25025,0.15
25026,0.15
25027,0.15
25028,0.15
25029,0.15
25030,0.15
25031,0.15
25032,0.15
25033,0.15
25034,0.15
25035,0.15
25036,0.15
25037,0.15
25038,0.15
25039,0.15
25040,0.15
25041,0.15
25042,0.15
25043,0.15
25044,0.15
25045,0.15
25046,0.15
25047,0.15
25048,0.15
25049,0.15
25050,0.15
25051,0.15
25052,0.15
25053,0.15
25054,0.15
25055,0.15
25056,0.15
25057,0.15
25058,0.15
25059,0.15
25060,0.15
25061,0.15
25062,0.15
25063,0.15
25064,0.15
25065,0.15
25066,0.15
25067,0.15
25068,0.15
25069,0.15
25070,0.15
25071,0.15
25072,0.15
25073,0.15
25074,0.15
25075,0.15
25076,0.15
25077,0.15
25078,0.15
25079,0.15
25080,0.15
25081,0.15
25082,0.15
25083,0.15
25084,0.15
25085,0.15
25086,0.15
25087,0.15
25088,0.15
25089,0.15
25090,0.15
25091,0.15
25092,0.15
25093,0.15
25094,0.15
25095,0.15
25096,0.15
25097,0.15
25098,0.15
25099,0.15
25100,0.15
25101,0.15
25102,0.15
25103,0.15
25104,0.15
25105,0.15
25106,0.15
25107,0.15
25108,0.15
25109,0.15
25110,0.15
25111,0.15
25112,0.15
25113,0.15
25114,0.15
25115,0.15
25116,0.15
25117,0.15
25118,0.15
25119,0.15
25120,0.15
25121,0.15
25122,0.15
25123,0.15
25124,0.15
25125,0.15
25126,0.15
25127,0.15
25128,0.15
25129,0.15
25130,0.15
25131,0.15
25132,0.15
25133,0.15
25134,0.15
25135,0.15
25136,0.15
25137,0.15
25138,0.15
25139,0.15
25140,0.15
25141,0.15
25142,0.15
25143,0.15
25144,0.15
25145,0.15
25146,0.15
25147,0.15
25148,0.15
25149,0.15
25150,0.15
25151,0.15
25152,0.15
25153,0.15
25154,0.15
25155,0.15
25156,0.15
25157,0.15
25158,0.15
25159,0.15
25160,0.15
25161,0.15
25162,0.15
25163,0.15
25164,0.15
25165,0.15
25166,0.15
25167,0.15
25168,0.15
25169,0.15
25170,0.15
25171,0.15
25172,0.15
25173,0.15
25174,0.15
25175,0.15
25176,0.15
25177,0.15
25178,0.15
25179,0.15
25180,0.15
25181,0.15
25182,0.15
25183,0.15
25184,0.15
25185,0.15
25186,0.15
25187,0.15
25188,0.15
25189,0.15
25190,0.15
25191,0.15
25192,0.15
25193,0.15
25194,0.15
25195,0.15
25196,0.15
25197,0.15
25198,0.15
25199,0.15
25200,0.15
25201,0.15
25202,0.15
25203,0.15
25204,0.15
25205,0.15
25206,0.15
25207,0.15
25208,0.15
25209,0.15
25210,0.15
25211,0.15
25212,0.15
25213,0.15
25214,0.15
25215,0.15
25216,0.15
25217,0.15
25218,0.15
25219,0.15
25220,0.15
25221,0.15
25222,0.15
25223,0.15
25224,0.15
25225,0.15
25226,0.15
25227,0.15
25228,0.15
25229,0.15
25230,0.15
25231,0.15
25232,0.15
25233,0.15
25234,0.15
25235,0.15
25236,0.15
25237,0.15
25238,0.15
25239,0.15
25240,0.15
25241,0.15
25242,0.15
25243,0.15
25244,0.15
25245,0.15
25246,0.15
25247,0.15
25248,0.15
25249,0.15
25250,0.15
25251,0.15
25252,0.15
25253,0.15
25254,0.15
25255,0.15
25256,0.15
25257,0.15
25258,0.15
25259,0.15
25260,0.15
25261,0.15
25262,0.15
25263,0.15
25264,0.15
25265,0.15
25266,0.15
25267,0.15
25268,0.15
25269,0.15
25270,0.15
25271,0.15
25272,0.15
25273,0.15
25274,0.15
25275,0.15
25276,0.15
25277,0.15
25278,0.15
25279,0.15
25280,0.15
25281,0.15
25282,0.15
25283,0.15
25284,0.15
25285,0.15
25286,0.15
25287,0.15
25288,0.15
25289,0.15
25290,0.15
25291,0.15
25292,0.15
25293,0.15
25294,0.15
25295,0.15
25296,0.15
25297,0.15
25298,0.15
25299,0.15
25300,0.15
25301,0.15
25302,0.15
25303,0.15
25304,0.15
25305,0.15
25306,0.15
25307,0.15
25308,0.15
25309,0.15
25310,0.15
25311,0.15
25312,0.15
25313,0.15
25314,0.15
25315,0.15
25316,0.15
25317,0.15
25318,0.15
25319,0.15
25320,0.15
25321,0.15
25322,0.15
25323,0.15
25324,0.15
25325,0.15
25326,0.15
25327,0.15
25328,0.15
25329,0.15
25330,0.15
25331,0.15
25332,0.15
25333,0.15
25334,0.15
25335,0.15
25336,0.15
25337,0.15
25338,0.15
25339,0.15
25340,0.15
25341,0.15
25342,0.15
25343,0.15
25344,0.15
25345,0.15
25346,0.15
25347,0.15
25348,0.15
25349,0.15
25350,0.15
25351,0.15
25352,0.15
25353,0.15
25354,0.15
25355,0.15
25356,0.15
25357,0.15
25358,0.15
25359,0.15
25360,0.15
25361,0.15
25362,0.15
25363,0.15
25364,0.15
25365,0.15
25366,0.15
25367,0.15
25368,0.15
25369,0.15
25370,0.15
25371,0.15
25372,0.15
25373,0.15
25374,0.15
25375,0.15
25376,0.15
25377,0.15
25378,0.15
25379,0.15
25380,0.15
25381,0.15
25382,0.15
25383,0.15
25384,0.15
25385,0.15
25386,0.15
25387,0.15
25388,0.15
25389,0.15
25390,0.15
25391,0.15
25392,0.15
25393,0.15
25394,0.15
25395,0.15
25396,0.15
25397,0.15
25398,0.15
25399,0.15
25400,0.15
25401,0.15
25402,0.15
25403,0.15
25404,0.15
25405,0.15
25406,0.15
25407,0.15
25408,0.15
25409,0.15
25410,0.15
25411,0.15
25412,0.15
25413,0.15
25414,0.15
25415,0.15
25416,0.15
25417,0.15
25418,0.15
25419,0.15
25420,0.15
25421,0.15
25422,0.15
25423,0.15
25424,0.15
25425,0.15
25426,0.15
25427,0.15
25428,0.15
25429,0.15
25430,0.15
25431,0.15
25432,0.15
25433,0.15
25434,0.15
25435,0.15
25436,0.15
25437,0.15
25438,0.15
25439,0.15
25440,0.15
25441,0.15
25442,0.15
25443,0.15
25444,0.15
25445,0.15
25446,0.15
25447,0.15
25448,0.15
25449,0.15
25450,0.15
25451,0.15
25452,0.15
25453,0.15
25454,0.15
25455,0.15
25456,0.15
25457,0.15
25458,0.15
25459,0.15
25460,0.15
25461,0.15
25462,0.15
25463,0.15
25464,0.15
25465,0.15
25466,0.15
25467,0.15
25468,0.15
25469,0.15
25470,0.15
25471,0.15
25472,0.15
25473,0.15
25474,0.15
25475,0.15
25476,0.15
25477,0.15
25478,0.15
25479,0.15
25480,0.15
25481,0.15
25482,0.15
25483,0.15
25484,0.15
25485,0.15
25486,0.15
25487,0.15
25488,0.15
25489,0.15
25490,0.15
25491,0.15
25492,0.15
25493,0.15
25494,0.15
25495,0.15
25496,0.15
25497,0.15
25498,0.15
25499,0.15
25500,0.15
25501,0.15
25502,0.15
25503,0.15
25504,0.15
25505,0.15
25506,0.15
25507,0.15
25508,0.15
25509,0.15
25510,0.15
25511,0.15
25512,0.15
25513,0.15
25514,0.15
25515,0.15
25516,0.15
25517,0.15
25518,0.15
25519,0.15
25520,0.15
25521,0.15
25522,0.15
25523,0.15
25524,0.15
25525,0.15
25526,0.15
25527,0.15
25528,0.15
25529,0.15
25530,0.15
25531,0.15
25532,0.15
25533,0.15
25534,0.15
25535,0.15
25536,0.15
25537,0.15
25538,0.15
25539,0.15
25540,0.15
25541,0.15
25542,0.15
25543,0.15
25544,0.15
25545,0.15
25546,0.15
25547,0.15
25548,0.15
25549,0.15
25550,0.15
25551,0.15
25552,0.15
25553,0.15
25554,0.15
25555,0.15
25556,0.15
25557,0.15
25558,0.15
25559,0.15
25560,0.15
25561,0.15
25562,0.15
25563,0.15
25564,0.15
25565,0.15
25566,0.15
25567,0.15
25568,0.15
25569,0.15
25570,0.15
25571,0.15
25572,0.15
25573,0.15
25574,0.15
25575,0.15
25576,0.15
25577,0.15
25578,0.15
25579,0.15
25580,0.15
25581,0.15
25582,0.15
25583,0.15
25584,0.15
25585,0.15
25586,0.15
25587,0.15
25588,0.15
25589,0.15
25590,0.15
25591,0.15
25592,0.15
25593,0.15
25594,0.15
25595,0.15
25596,0.15
25597,0.15
25598,0.15
25599,0.15
25600,0.15
25601,0.15
25602,0.15
25603,0.15
25604,0.15
25605,0.15
25606,0.15
25607,0.15
25608,0.15
25609,0.15
25610,0.15
25611,0.15
25612,0.15
25613,0.15
25614,0.15
25615,0.15
25616,0.15
25617,0.15
25618,0.15
25619,0.15
25620,0.15
25621,0.15
25622,0.15
25623,0.15
25624,0.15
25625,0.15
25626,0.15
25627,0.15
25628,0.15
25629,0.15
25630,0.15
25631,0.15
25632,0.15
25633,0.15
25634,0.15
25635,0.15
25636,0.15
25637,0.15
25638,0.15
25639,0.15
25640,0.15
25641,0.15
25642,0.15
25643,0.15
25644,0.15
25645,0.15
25646,0.15
25647,0.15
25648,0.15
25649,0.15
25650,0.15
25651,0.15
25652,0.15
25653,0.15
25654,0.15
25655,0.15
25656,0.15
25657,0.15
25658,0.15
25659,0.15
25660,0.15
25661,0.15
25662,0.15
25663,0.15
25664,0.15
25665,0.15
25666,0.15
25667,0.15
25668,0.15
25669,0.15
25670,0.15
25671,0.15
25672,0.15
25673,0.15
25674,0.15
25675,0.15
25676,0.15
25677,0.15
25678,0.15
25679,0.15
25680,0.15
25681,0.15
25682,0.15
25683,0.15
25684,0.15
25685,0.15
25686,0.15
25687,0.15
25688,0.15
25689,0.15
25690,0.15
25691,0.15
25692,0.15
25693,0.15
25694,0.15
25695,0.15
25696,0.15
25697,0.15
25698,0.15
25699,0.15
25700,0.15
25701,0.15
25702,0.15
25703,0.15
25704,0.15
25705,0.15
25706,0.15
25707,0.15
25708,0.15
25709,0.15
25710,0.15
25711,0.15
25712,0.15
25713,0.15
25714,0.15
25715,0.15
25716,0.15
25717,0.15
25718,0.15
25719,0.15
25720,0.15
25721,0.15
25722,0.15
25723,0.15
25724,0.15
25725,0.15
25726,0.15
25727,0.15
25728,0.15
25729,0.15
25730,0.15
25731,0.15
25732,0.15
25733,0.15
25734,0.15
25735,0.15
25736,0.15
25737,0.15
25738,0.15
25739,0.15
25740,0.15
25741,0.15
25742,0.15
25743,0.15
25744,0.15
25745,0.15
25746,0.15
25747,0.15
25748,0.15
25749,0.15
25750,0.15
25751,0.15
25752,0.15
25753,0.15
25754,0.15
25755,0.15
25756,0.15
25757,0.15
25758,0.15
25759,0.15
25760,0.15
25761,0.15
25762,0.15
25763,0.15
25764,0.15
25765,0.15
25766,0.15
25767,0.15
25768,0.15
25769,0.15
25770,0.15
25771,0.15
25772,0.15
25773,0.15
25774,0.15
25775,0.15
25776,0.15
25777,0.15
25778,0.15
25779,0.15
25780,0.15
25781,0.15
25782,0.15
25783,0.15
25784,0.15
25785,0.15
25786,0.15
25787,0.15
25788,0.15
25789,0.15
25790,0.15
25791,0.15
25792,0.15
25793,0.15
25794,0.15
25795,0.15
25796,0.15
25797,0.15
25798,0.15
25799,0.15
25800,0.15
25801,0.15
25802,0.15
25803,0.15
25804,0.15
25805,0.15
25806,0.15
25807,0.15
25808,0.15
25809,0.15
25810,0.15
25811,0.15
25812,0.15
25813,0.15
25814,0.15
25815,0.15
25816,0.15
25817,0.15
25818,0.15
25819,0.15
25820,0.15
25821,0.15
25822,0.15
25823,0.15
25824,0.15
25825,0.15
25826,0.15
25827,0.15
25828,0.15
25829,0.15
25830,0.15
25831,0.15
25832,0.15
25833,0.15
25834,0.15
25835,0.15
25836,0.15
25837,0.15
25838,0.15
25839,0.15
25840,0.15
25841,0.15
25842,0.15
25843,0.15
25844,0.15
25845,0.15
25846,0.15
25847,0.15
25848,0.15
25849,0.15
25850,0.15
25851,0.15
25852,0.15
25853,0.15
25854,0.15
25855,0.15
25856,0.15
25857,0.15
25858,0.15
25859,0.15
25860,0.15
25861,0.15
25862,0.15
25863,0.15
25864,0.15
25865,0.15
25866,0.15
25867,0.15
25868,0.15
25869,0.15
25870,0.15
25871,0.15
25872,0.15
25873,0.15
25874,0.15
25875,0.15
25876,0.15
25877,0.15
25878,0.15
25879,0.15
25880,0.15
25881,0.15
25882,0.15
25883,0.15
25884,0.15
25885,0.15
25886,0.15
25887,0.15
25888,0.15
25889,0.15
25890,0.15
25891,0.15
25892,0.15
25893,0.15
25894,0.15
25895,0.15
25896,0.15
25897,0.15
25898,0.15
25899,0.15
25900,0.15
25901,0.15
25902,0.15
25903,0.15
25904,0.15
25905,0.15
25906,0.15
25907,0.15
25908,0.15
25909,0.15
25910,0.15
25911,0.15
25912,0.15
25913,0.15
25914,0.15
25915,0.15
25916,0.15
25917,0.15
25918,0.15
25919,0.15
25920,0.15
25921,0.15
25922,0.15
25923,0.15
25924,0.15
25925,0.15
25926,0.15
25927,0.15
25928,0.15
25929,0.15
25930,0.15
25931,0.15
25932,0.15
25933,0.15
25934,0.15
25935,0.15
25936,0.15
25937,0.15
25938,0.15
25939,0.15
25940,0.15
25941,0.15
25942,0.15
25943,0.15
25944,0.15
25945,0.15
25946,0.15
25947,0.15
25948,0.15
25949,0.15
25950,0.15
25951,0.15
25952,0.15
25953,0.15
25954,0.15
25955,0.15
25956,0.15
25957,0.15
25958,0.15
25959,0.15
25960,0.15
25961,0.15
25962,0.15
25963,0.15
25964,0.15
25965,0.15
25966,0.15
25967,0.15
25968,0.15
25969,0.15
25970,0.15
25971,0.15
25972,0.15
25973,0.15
25974,0.15
25975,0.15
25976,0.15
25977,0.15
25978,0.15
25979,0.15
25980,0.15
25981,0.15
25982,0.15
25983,0.15
25984,0.15
25985,0.15
25986,0.15
25987,0.15
25988,0.15
25989,0.15
25990,0.15
25991,0.15
25992,0.15
25993,0.15
25994,0.15
25995,0.15
25996,0.15
25997,0.15
25998,0.15
25999,0.15
26000,0.15
26001,0.15
26002,0.15
26003,0.15
26004,0.15
26005,0.15
26006,0.15
26007,0.15
26008,0.15
26009,0.15
26010,0.15
26011,0.15
26012,0.15
26013,0.15
26014,0.15
26015,0.15
26016,0.15
26017,0.15
26018,0.15
26019,0.15
26020,0.15
26021,0.15
26022,0.15
26023,0.15
26024,0.15
26025,0.15
26026,0.15
26027,0.15
26028,0.15
26029,0.15
26030,0.15
26031,0.15
26032,0.15
26033,0.15
26034,0.15
26035,0.15
26036,0.15
26037,0.15
26038,0.15
26039,0.15
26040,0.15
26041,0.15
26042,0.15
26043,0.15
26044,0.15
26045,0.15
26046,0.15
26047,0.15
26048,0.15
26049,0.15
26050,0.15
26051,0.15
26052,0.15
26053,0.15
26054,0.15
26055,0.15
26056,0.15
26057,0.15
26058,0.15
26059,0.15
26060,0.15
26061,0.15
26062,0.15
26063,0.15
26064,0.15
26065,0.15
26066,0.15
26067,0.15
26068,0.15
26069,0.15
26070,0.15
26071,0.15
26072,0.15
26073,0.15
26074,0.15
26075,0.15
26076,0.15
26077,0.15
26078,0.15
26079,0.15
26080,0.15
26081,0.15
26082,0.15
26083,0.15
26084,0.15
26085,0.15
26086,0.15
26087,0.15
26088,0.15
26089,0.15
26090,0.15
26091,0.15
26092,0.15
26093,0.15
26094,0.15
26095,0.15
26096,0.15
26097,0.15
26098,0.15
26099,0.15
26100,0.15
26101,0.15
26102,0.15
26103,0.15
26104,0.15
26105,0.15
26106,0.15
26107,0.15
26108,0.15
26109,0.15
26110,0.15
26111,0.15
26112,0.15
26113,0.15
26114,0.15
26115,0.15
26116,0.15
26117,0.15
26118,0.15
26119,0.15
26120,0.15
26121,0.15
26122,0.15
26123,0.15
26124,0.15
26125,0.15
26126,0.15
26127,0.15
26128,0.15
26129,0.15
26130,0.15
26131,0.15
26132,0.15
26133,0.15
26134,0.15
26135,0.15
26136,0.15
26137,0.15
26138,0.15
26139,0.15
26140,0.15
26141,0.15
26142,0.15
26143,0.15
26144,0.15
26145,0.15
26146,0.15
26147,0.15
26148,0.15
26149,0.15
26150,0.15
26151,0.15
26152,0.15
26153,0.15
26154,0.15
26155,0.15
26156,0.15
26157,0.15
26158,0.15
26159,0.15
26160,0.15
26161,0.15
26162,0.15
26163,0.15
26164,0.15
26165,0.15
26166,0.15
26167,0.15
26168,0.15
26169,0.15
26170,0.15
26171,0.15
26172,0.15
26173,0.15
26174,0.15
26175,0.15
26176,0.15
26177,0.15
26178,0.15
26179,0.15
26180,0.15
26181,0.15
26182,0.15
26183,0.15
26184,0.15
26185,0.15
26186,0.15
26187,0.15
26188,0.15
26189,0.15
26190,0.15
26191,0.15
26192,0.15
26193,0.15
26194,0.15
26195,0.15
26196,0.15
26197,0.15
26198,0.15
26199,0.15
26200,0.15
26201,0.15
26202,0.15
26203,0.15
26204,0.15
26205,0.15
26206,0.15
26207,0.15
26208,0.15
26209,0.15
26210,0.15
26211,0.15
26212,0.15
26213,0.15
26214,0.15
26215,0.15
26216,0.15
26217,0.15
26218,0.15
26219,0.15
26220,0.15
26221,0.15
26222,0.15
26223,0.15
26224,0.15
26225,0.15
26226,0.15
26227,0.15
26228,0.15
26229,0.15
26230,0.15
26231,0.15
26232,0.15
26233,0.15
26234,0.15
26235,0.15
26236,0.15
26237,0.15
26238,0.15
26239,0.15
26240,0.15
26241,0.15
26242,0.15
26243,0.15
26244,0.15
26245,0.15
26246,0.15
26247,0.15
26248,0.15
26249,0.15
26250,0.15
26251,0.15
26252,0.15
26253,0.15
26254,0.15
26255,0.15
26256,0.15
26257,0.15
26258,0.15
26259,0.15
26260,0.15
26261,0.15
26262,0.15
26263,0.15
26264,0.15
26265,0.15
26266,0.15
26267,0.15
26268,0.15
26269,0.15
26270,0.15
26271,0.15
26272,0.15
26273,0.15
26274,0.15
26275,0.15
26276,0.15
26277,0.15
26278,0.15
26279,0.15
26280,0.15
26281,0.15
26282,0.15
26283,0.15
26284,0.15
26285,0.15
26286,0.15
26287,0.15
26288,0.15
26289,0.15
26290,0.15
26291,0.15
26292,0.15
26293,0.15
26294,0.15
26295,0.15
26296,0.15
26297,0.15
26298,0.15
26299,0.15
26300,0.15
26301,0.15
26302,0.15
26303,0.15
26304,0.15
26305,0.15
26306,0.15
26307,0.15
26308,0.15
26309,0.15
26310,0.15
26311,0.15
26312,0.15
26313,0.15
26314,0.15
26315,0.15
26316,0.15
26317,0.15
26318,0.15
26319,0.15
26320,0.15
26321,0.15
26322,0.15
26323,0.15
26324,0.15
26325,0.15
26326,0.15
26327,0.15
26328,0.15
26329,0.15
26330,0.15
26331,0.15
26332,0.15
26333,0.15
26334,0.15
26335,0.15
26336,0.15
26337,0.15
26338,0.15
26339,0.15
26340,0.15
26341,0.15
26342,0.15
26343,0.15
26344,0.15
26345,0.15
26346,0.15
26347,0.15
26348,0.15
26349,0.15
26350,0.15
26351,0.15
26352,0.15
26353,0.15
26354,0.15
26355,0.15
26356,0.15
26357,0.15
26358,0.15
26359,0.15
26360,0.15
26361,0.15
26362,0.15
26363,0.15
26364,0.15
26365,0.15
26366,0.15
26367,0.15
26368,0.15
26369,0.15
26370,0.15
26371,0.15
26372,0.15
26373,0.15
26374,0.15
26375,0.15
26376,0.15
26377,0.15
26378,0.15
26379,0.15
26380,0.15
26381,0.15
26382,0.15
26383,0.15
26384,0.15
26385,0.15
26386,0.15
26387,0.15
26388,0.15
26389,0.15
26390,0.15
26391,0.15
26392,0.15
26393,0.15
26394,0.15
26395,0.15
26396,0.15
26397,0.15
26398,0.15
26399,0.15
26400,0.15
26401,0.15
26402,0.15
26403,0.15
26404,0.15
26405,0.15
26406,0.15
26407,0.15
26408,0.15
26409,0.15
26410,0.15
26411,0.15
26412,0.15
26413,0.15
26414,0.15
26415,0.15
26416,0.15
26417,0.15
26418,0.15
26419,0.15
26420,0.15
26421,0.15
26422,0.15
26423,0.15
26424,0.15
26425,0.15
26426,0.15
26427,0.15
26428,0.15
26429,0.15
26430,0.15
26431,0.15
26432,0.15
26433,0.15
26434,0.15
26435,0.15
26436,0.15
26437,0.15
26438,0.15
26439,0.15
26440,0.15
26441,0.15
26442,0.15
26443,0.15
26444,0.15
26445,0.15
26446,0.15
26447,0.15
26448,0.15
26449,0.15
26450,0.15
26451,0.15
26452,0.15
26453,0.15
26454,0.15
26455,0.15
26456,0.15
26457,0.15
26458,0.15
26459,0.15
26460,0.15
26461,0.15
26462,0.15
26463,0.15
26464,0.15
26465,0.15
26466,0.15
26467,0.15
